-- MySQL dump 10.13  Distrib 8.0.30, for macos12.4 (x86_64)
--
-- Host: localhost    Database: nest
-- ------------------------------------------------------
-- Server version	8.0.30

/*!40101 SET @OLD_CHARACTER_SET_CLIENT=@@CHARACTER_SET_CLIENT */;
/*!40101 SET @OLD_CHARACTER_SET_RESULTS=@@CHARACTER_SET_RESULTS */;
/*!40101 SET @OLD_COLLATION_CONNECTION=@@COLLATION_CONNECTION */;
/*!50503 SET NAMES utf8mb4 */;
/*!40103 SET @OLD_TIME_ZONE=@@TIME_ZONE */;
/*!40103 SET TIME_ZONE='+00:00' */;
/*!40014 SET @OLD_UNIQUE_CHECKS=@@UNIQUE_CHECKS, UNIQUE_CHECKS=0 */;
/*!40014 SET @OLD_FOREIGN_KEY_CHECKS=@@FOREIGN_KEY_CHECKS, FOREIGN_KEY_CHECKS=0 */;
/*!40101 SET @OLD_SQL_MODE=@@SQL_MODE, SQL_MODE='NO_AUTO_VALUE_ON_ZERO' */;
/*!40111 SET @OLD_SQL_NOTES=@@SQL_NOTES, SQL_NOTES=0 */;

--
-- Table structure for table `activations`
--

DROP TABLE IF EXISTS `activations`;
/*!40101 SET @saved_cs_client     = @@character_set_client */;
/*!50503 SET character_set_client = utf8mb4 */;
CREATE TABLE `activations` (
  `id` bigint unsigned NOT NULL AUTO_INCREMENT,
  `user_id` int unsigned NOT NULL,
  `code` varchar(120) COLLATE utf8mb4_unicode_ci NOT NULL,
  `completed` tinyint(1) NOT NULL DEFAULT '0',
  `completed_at` timestamp NULL DEFAULT NULL,
  `created_at` timestamp NULL DEFAULT NULL,
  `updated_at` timestamp NULL DEFAULT NULL,
  PRIMARY KEY (`id`),
  KEY `activations_user_id_index` (`user_id`)
) ENGINE=InnoDB AUTO_INCREMENT=2 DEFAULT CHARSET=utf8mb4 COLLATE=utf8mb4_unicode_ci;
/*!40101 SET character_set_client = @saved_cs_client */;

--
-- Dumping data for table `activations`
--

LOCK TABLES `activations` WRITE;
/*!40000 ALTER TABLE `activations` DISABLE KEYS */;
INSERT INTO `activations` VALUES (1,1,'z0E5O5PGpbk8CNOnWiWd5EgCn9a3xDY4',1,'2022-09-22 01:26:52','2022-09-22 01:26:52','2022-09-22 01:26:52');
/*!40000 ALTER TABLE `activations` ENABLE KEYS */;
UNLOCK TABLES;

--
-- Table structure for table `ads`
--

DROP TABLE IF EXISTS `ads`;
/*!40101 SET @saved_cs_client     = @@character_set_client */;
/*!50503 SET character_set_client = utf8mb4 */;
CREATE TABLE `ads` (
  `id` bigint unsigned NOT NULL AUTO_INCREMENT,
  `name` varchar(255) COLLATE utf8mb4_unicode_ci NOT NULL,
  `expired_at` datetime DEFAULT NULL,
  `location` varchar(120) COLLATE utf8mb4_unicode_ci DEFAULT NULL,
  `key` varchar(120) COLLATE utf8mb4_unicode_ci NOT NULL,
  `image` varchar(255) COLLATE utf8mb4_unicode_ci DEFAULT NULL,
  `url` varchar(255) COLLATE utf8mb4_unicode_ci DEFAULT NULL,
  `clicked` bigint NOT NULL DEFAULT '0',
  `order` int DEFAULT '0',
  `status` varchar(60) COLLATE utf8mb4_unicode_ci NOT NULL DEFAULT 'published',
  `created_at` timestamp NULL DEFAULT NULL,
  `updated_at` timestamp NULL DEFAULT NULL,
  PRIMARY KEY (`id`),
  UNIQUE KEY `ads_key_unique` (`key`)
) ENGINE=InnoDB AUTO_INCREMENT=13 DEFAULT CHARSET=utf8mb4 COLLATE=utf8mb4_unicode_ci;
/*!40101 SET character_set_client = @saved_cs_client */;

--
-- Dumping data for table `ads`
--

LOCK TABLES `ads` WRITE;
/*!40000 ALTER TABLE `ads` DISABLE KEYS */;
INSERT INTO `ads` VALUES (1,'Everyday Fresh','2027-09-22 00:00:00','not_set','IZ6WU8KUALYD','promotion/1.png','/products',0,1,'published','2022-09-22 01:27:02','2022-09-22 01:27:02'),(2,'Make your Breakfast','2027-09-22 00:00:00','not_set','ILSFJVYFGCPZ','promotion/2.png','/products',0,2,'published','2022-09-22 01:27:02','2022-09-22 01:27:02'),(3,'The best Organic','2027-09-22 00:00:00','not_set','ILSDKVYFGXPH','promotion/3.png','/products',0,3,'published','2022-09-22 01:27:02','2022-09-22 01:27:02'),(4,'Bring nature into your home','2027-09-22 00:00:00','not_set','IZ6WU8KUALYG','promotion/4.png','/products',0,4,'published','2022-09-22 01:27:03','2022-09-22 01:27:03'),(5,'Delivered to your home','2027-09-22 00:00:00','banner-big','IZ6WU8KUALYH','promotion/5.png','/products',0,5,'published','2022-09-22 01:27:04','2022-09-22 01:27:04'),(6,'Save 17% on Oganic Juice','2027-09-22 00:00:00','no_set','IZ6WU8KUALYI','promotion/6.png','/products',0,6,'published','2022-09-22 01:27:04','2022-09-22 01:27:04'),(7,'Everyday Fresh & Clean with Our Products','2027-09-22 00:00:00','item-style-4','IZ6WU8KUALYJ','promotion/7.png','/products',0,7,'published','2022-09-22 01:27:04','2022-09-22 01:27:04'),(8,'The best Organic Products Online','2027-09-22 00:00:00','item-style-5','IZ6WU8KUALYK','promotion/8.png','/products',0,8,'published','2022-09-22 01:27:04','2022-09-22 01:27:04'),(9,'Everyday Fresh with Our Products','2027-09-22 00:00:00','item-style-2','IZ6WU8KUALYL','promotion/9.png',NULL,0,9,'published','2022-09-22 01:27:04','2022-09-22 01:27:04'),(10,'100% guaranteed all Fresh items','2027-09-22 00:00:00','item-style-2','IZ6WU8KUALYM','promotion/10.png',NULL,0,10,'published','2022-09-22 01:27:04','2022-09-22 01:27:04'),(11,'Special grocery sale off this month','2027-09-22 00:00:00','item-style-2','IZ6WU8KUALYN','promotion/11.png',NULL,0,11,'published','2022-09-22 01:27:04','2022-09-22 01:27:04'),(12,'Enjoy 15% OFF for all vegetable and fruit','2027-09-22 00:00:00','item-style-2','IZ6WU8KUALYO','promotion/12.png',NULL,0,12,'published','2022-09-22 01:27:04','2022-09-22 01:27:04');
/*!40000 ALTER TABLE `ads` ENABLE KEYS */;
UNLOCK TABLES;

--
-- Table structure for table `ads_translations`
--

DROP TABLE IF EXISTS `ads_translations`;
/*!40101 SET @saved_cs_client     = @@character_set_client */;
/*!50503 SET character_set_client = utf8mb4 */;
CREATE TABLE `ads_translations` (
  `lang_code` varchar(191) COLLATE utf8mb4_unicode_ci NOT NULL,
  `ads_id` int NOT NULL,
  `name` varchar(255) COLLATE utf8mb4_unicode_ci DEFAULT NULL,
  `image` varchar(255) COLLATE utf8mb4_unicode_ci DEFAULT NULL,
  `url` varchar(255) COLLATE utf8mb4_unicode_ci DEFAULT NULL,
  PRIMARY KEY (`lang_code`,`ads_id`)
) ENGINE=InnoDB DEFAULT CHARSET=utf8mb4 COLLATE=utf8mb4_unicode_ci;
/*!40101 SET character_set_client = @saved_cs_client */;

--
-- Dumping data for table `ads_translations`
--

LOCK TABLES `ads_translations` WRITE;
/*!40000 ALTER TABLE `ads_translations` DISABLE KEYS */;
INSERT INTO `ads_translations` VALUES ('vi',1,'Tươi mỗi ngày','promotion/1.png','/vi/products'),('vi',2,'Nấu bữa sáng của bạn','promotion/2.png','/vi/products'),('vi',3,'Hữu cơ tốt nhất','promotion/3.png','/vi/products'),('vi',4,'Mang thiên nhiên vào ngôi nhà của bạn','promotion/4.png','/vi/products'),('vi',5,'Giao tận nhà','promotion/5.png','/vi/products'),('vi',6,'Tiết kiệm 17% khi mua nước ép hữu cơ','promotion/6.png','/vi/products'),('vi',7,'Tươi và Sạch hàng ngày với các sản phẩm của chúng tôi','promotion/7.png','/vi/products'),('vi',8,'Các sản phẩm hữu cơ tốt nhất trực tuyến','promotion/8.png','/vi/products'),('vi',9,'Tươi mới mỗi ngày với các sản phẩm của chúng tôi','promotion/9.png','/vi/products'),('vi',10,'100% đảm bảo tất cả các mặt hàng tươi','promotion/10.png','/vi/products'),('vi',11,'Giảm giá hàng tạp hóa đặc biệt trong tháng này','promotion/11.png','/vi/products'),('vi',12,'GIẢM GIÁ 15% cho tất cả rau và trái cây','promotion/12.png','/vi/products');
/*!40000 ALTER TABLE `ads_translations` ENABLE KEYS */;
UNLOCK TABLES;

--
-- Table structure for table `audit_histories`
--

DROP TABLE IF EXISTS `audit_histories`;
/*!40101 SET @saved_cs_client     = @@character_set_client */;
/*!50503 SET character_set_client = utf8mb4 */;
CREATE TABLE `audit_histories` (
  `id` bigint unsigned NOT NULL AUTO_INCREMENT,
  `user_id` int unsigned NOT NULL,
  `module` varchar(60) COLLATE utf8mb4_unicode_ci NOT NULL,
  `request` text COLLATE utf8mb4_unicode_ci,
  `action` varchar(120) COLLATE utf8mb4_unicode_ci NOT NULL,
  `user_agent` text COLLATE utf8mb4_unicode_ci,
  `ip_address` varchar(39) COLLATE utf8mb4_unicode_ci DEFAULT NULL,
  `reference_user` int unsigned NOT NULL,
  `reference_id` int unsigned NOT NULL,
  `reference_name` varchar(255) COLLATE utf8mb4_unicode_ci NOT NULL,
  `type` varchar(20) COLLATE utf8mb4_unicode_ci NOT NULL,
  `created_at` timestamp NULL DEFAULT NULL,
  `updated_at` timestamp NULL DEFAULT NULL,
  PRIMARY KEY (`id`),
  KEY `audit_histories_user_id_index` (`user_id`),
  KEY `audit_histories_module_index` (`module`)
) ENGINE=InnoDB DEFAULT CHARSET=utf8mb4 COLLATE=utf8mb4_unicode_ci;
/*!40101 SET character_set_client = @saved_cs_client */;

--
-- Dumping data for table `audit_histories`
--

LOCK TABLES `audit_histories` WRITE;
/*!40000 ALTER TABLE `audit_histories` DISABLE KEYS */;
/*!40000 ALTER TABLE `audit_histories` ENABLE KEYS */;
UNLOCK TABLES;

--
-- Table structure for table `categories`
--

DROP TABLE IF EXISTS `categories`;
/*!40101 SET @saved_cs_client     = @@character_set_client */;
/*!50503 SET character_set_client = utf8mb4 */;
CREATE TABLE `categories` (
  `id` bigint unsigned NOT NULL AUTO_INCREMENT,
  `name` varchar(120) COLLATE utf8mb4_unicode_ci NOT NULL,
  `parent_id` int unsigned NOT NULL DEFAULT '0',
  `description` varchar(400) COLLATE utf8mb4_unicode_ci DEFAULT NULL,
  `status` varchar(60) COLLATE utf8mb4_unicode_ci NOT NULL DEFAULT 'published',
  `author_id` int NOT NULL,
  `author_type` varchar(255) CHARACTER SET utf8mb4 COLLATE utf8mb4_unicode_ci NOT NULL DEFAULT 'Botble\\ACL\\Models\\User',
  `icon` varchar(60) COLLATE utf8mb4_unicode_ci DEFAULT NULL,
  `order` tinyint NOT NULL DEFAULT '0',
  `is_featured` tinyint NOT NULL DEFAULT '0',
  `is_default` tinyint unsigned NOT NULL DEFAULT '0',
  `created_at` timestamp NULL DEFAULT NULL,
  `updated_at` timestamp NULL DEFAULT NULL,
  PRIMARY KEY (`id`),
  KEY `parent_id` (`parent_id`),
  KEY `status` (`status`),
  KEY `created_at` (`created_at`)
) ENGINE=InnoDB AUTO_INCREMENT=5 DEFAULT CHARSET=utf8mb4 COLLATE=utf8mb4_unicode_ci;
/*!40101 SET character_set_client = @saved_cs_client */;

--
-- Dumping data for table `categories`
--

LOCK TABLES `categories` WRITE;
/*!40000 ALTER TABLE `categories` DISABLE KEYS */;
INSERT INTO `categories` VALUES (1,'Ecommerce',0,'Perspiciatis perferendis atque quia eligendi quia consequatur. Optio et impedit ut cupiditate eaque est et. Consequuntur impedit aut dignissimos esse.','published',1,'Botble\\ACL\\Models\\User',NULL,0,0,1,'2022-09-22 01:26:49','2022-09-22 01:26:49'),(2,'Fashion',0,'Dolor fugiat et nihil enim sed qui magnam. Rem ipsum dignissimos qui. Sunt est corporis possimus odio.','published',1,'Botble\\ACL\\Models\\User',NULL,0,1,0,'2022-09-22 01:26:49','2022-09-22 01:26:49'),(3,'Electronic',0,'Et autem unde doloribus et. Velit a perferendis esse qui. Asperiores aspernatur neque commodi rerum.','published',1,'Botble\\ACL\\Models\\User',NULL,0,1,0,'2022-09-22 01:26:49','2022-09-22 01:26:49'),(4,'Commercial',0,'Eum natus quis rerum architecto. Placeat quo omnis et molestiae sequi voluptas consequatur non. Et occaecati est est quia expedita.','published',1,'Botble\\ACL\\Models\\User',NULL,0,1,0,'2022-09-22 01:26:49','2022-09-22 01:26:49');
/*!40000 ALTER TABLE `categories` ENABLE KEYS */;
UNLOCK TABLES;

--
-- Table structure for table `categories_translations`
--

DROP TABLE IF EXISTS `categories_translations`;
/*!40101 SET @saved_cs_client     = @@character_set_client */;
/*!50503 SET character_set_client = utf8mb4 */;
CREATE TABLE `categories_translations` (
  `lang_code` varchar(191) COLLATE utf8mb4_unicode_ci NOT NULL,
  `categories_id` int NOT NULL,
  `name` varchar(255) COLLATE utf8mb4_unicode_ci DEFAULT NULL,
  `description` varchar(400) COLLATE utf8mb4_unicode_ci DEFAULT NULL,
  PRIMARY KEY (`lang_code`,`categories_id`)
) ENGINE=InnoDB DEFAULT CHARSET=utf8mb4 COLLATE=utf8mb4_unicode_ci;
/*!40101 SET character_set_client = @saved_cs_client */;

--
-- Dumping data for table `categories_translations`
--

LOCK TABLES `categories_translations` WRITE;
/*!40000 ALTER TABLE `categories_translations` DISABLE KEYS */;
INSERT INTO `categories_translations` VALUES ('vi',1,'Thương mại điện tử',NULL),('vi',2,'Thời trang',NULL),('vi',3,'Điện tử',NULL),('vi',4,'Thương mại',NULL);
/*!40000 ALTER TABLE `categories_translations` ENABLE KEYS */;
UNLOCK TABLES;

--
-- Table structure for table `cities`
--

DROP TABLE IF EXISTS `cities`;
/*!40101 SET @saved_cs_client     = @@character_set_client */;
/*!50503 SET character_set_client = utf8mb4 */;
CREATE TABLE `cities` (
  `id` bigint unsigned NOT NULL AUTO_INCREMENT,
  `name` varchar(120) COLLATE utf8mb4_unicode_ci NOT NULL,
  `state_id` int unsigned NOT NULL,
  `country_id` int unsigned DEFAULT NULL,
  `record_id` varchar(40) COLLATE utf8mb4_unicode_ci DEFAULT NULL,
  `order` tinyint NOT NULL DEFAULT '0',
  `is_default` tinyint unsigned NOT NULL DEFAULT '0',
  `status` varchar(60) COLLATE utf8mb4_unicode_ci NOT NULL DEFAULT 'published',
  `created_at` timestamp NULL DEFAULT NULL,
  `updated_at` timestamp NULL DEFAULT NULL,
  PRIMARY KEY (`id`)
) ENGINE=InnoDB DEFAULT CHARSET=utf8mb4 COLLATE=utf8mb4_unicode_ci;
/*!40101 SET character_set_client = @saved_cs_client */;

--
-- Dumping data for table `cities`
--

LOCK TABLES `cities` WRITE;
/*!40000 ALTER TABLE `cities` DISABLE KEYS */;
/*!40000 ALTER TABLE `cities` ENABLE KEYS */;
UNLOCK TABLES;

--
-- Table structure for table `cities_translations`
--

DROP TABLE IF EXISTS `cities_translations`;
/*!40101 SET @saved_cs_client     = @@character_set_client */;
/*!50503 SET character_set_client = utf8mb4 */;
CREATE TABLE `cities_translations` (
  `lang_code` varchar(191) COLLATE utf8mb4_unicode_ci NOT NULL,
  `cities_id` int NOT NULL,
  `name` varchar(120) COLLATE utf8mb4_unicode_ci DEFAULT NULL,
  PRIMARY KEY (`lang_code`,`cities_id`)
) ENGINE=InnoDB DEFAULT CHARSET=utf8mb4 COLLATE=utf8mb4_unicode_ci;
/*!40101 SET character_set_client = @saved_cs_client */;

--
-- Dumping data for table `cities_translations`
--

LOCK TABLES `cities_translations` WRITE;
/*!40000 ALTER TABLE `cities_translations` DISABLE KEYS */;
/*!40000 ALTER TABLE `cities_translations` ENABLE KEYS */;
UNLOCK TABLES;

--
-- Table structure for table `contact_replies`
--

DROP TABLE IF EXISTS `contact_replies`;
/*!40101 SET @saved_cs_client     = @@character_set_client */;
/*!50503 SET character_set_client = utf8mb4 */;
CREATE TABLE `contact_replies` (
  `id` bigint unsigned NOT NULL AUTO_INCREMENT,
  `message` longtext COLLATE utf8mb4_unicode_ci NOT NULL,
  `contact_id` int NOT NULL,
  `created_at` timestamp NULL DEFAULT NULL,
  `updated_at` timestamp NULL DEFAULT NULL,
  PRIMARY KEY (`id`)
) ENGINE=InnoDB DEFAULT CHARSET=utf8mb4 COLLATE=utf8mb4_unicode_ci;
/*!40101 SET character_set_client = @saved_cs_client */;

--
-- Dumping data for table `contact_replies`
--

LOCK TABLES `contact_replies` WRITE;
/*!40000 ALTER TABLE `contact_replies` DISABLE KEYS */;
/*!40000 ALTER TABLE `contact_replies` ENABLE KEYS */;
UNLOCK TABLES;

--
-- Table structure for table `contacts`
--

DROP TABLE IF EXISTS `contacts`;
/*!40101 SET @saved_cs_client     = @@character_set_client */;
/*!50503 SET character_set_client = utf8mb4 */;
CREATE TABLE `contacts` (
  `id` bigint unsigned NOT NULL AUTO_INCREMENT,
  `name` varchar(60) COLLATE utf8mb4_unicode_ci NOT NULL,
  `email` varchar(60) COLLATE utf8mb4_unicode_ci NOT NULL,
  `phone` varchar(60) COLLATE utf8mb4_unicode_ci DEFAULT NULL,
  `address` varchar(120) COLLATE utf8mb4_unicode_ci DEFAULT NULL,
  `subject` varchar(120) COLLATE utf8mb4_unicode_ci DEFAULT NULL,
  `content` longtext COLLATE utf8mb4_unicode_ci NOT NULL,
  `status` varchar(60) COLLATE utf8mb4_unicode_ci NOT NULL DEFAULT 'unread',
  `created_at` timestamp NULL DEFAULT NULL,
  `updated_at` timestamp NULL DEFAULT NULL,
  PRIMARY KEY (`id`)
) ENGINE=InnoDB DEFAULT CHARSET=utf8mb4 COLLATE=utf8mb4_unicode_ci;
/*!40101 SET character_set_client = @saved_cs_client */;

--
-- Dumping data for table `contacts`
--

LOCK TABLES `contacts` WRITE;
/*!40000 ALTER TABLE `contacts` DISABLE KEYS */;
/*!40000 ALTER TABLE `contacts` ENABLE KEYS */;
UNLOCK TABLES;

--
-- Table structure for table `countries`
--

DROP TABLE IF EXISTS `countries`;
/*!40101 SET @saved_cs_client     = @@character_set_client */;
/*!50503 SET character_set_client = utf8mb4 */;
CREATE TABLE `countries` (
  `id` bigint unsigned NOT NULL AUTO_INCREMENT,
  `name` varchar(120) COLLATE utf8mb4_unicode_ci NOT NULL,
  `nationality` varchar(120) CHARACTER SET utf8mb4 COLLATE utf8mb4_unicode_ci DEFAULT NULL,
  `order` tinyint NOT NULL DEFAULT '0',
  `is_default` tinyint unsigned NOT NULL DEFAULT '0',
  `status` varchar(60) COLLATE utf8mb4_unicode_ci NOT NULL DEFAULT 'published',
  `created_at` timestamp NULL DEFAULT NULL,
  `updated_at` timestamp NULL DEFAULT NULL,
  `code` varchar(10) COLLATE utf8mb4_unicode_ci DEFAULT NULL,
  PRIMARY KEY (`id`)
) ENGINE=InnoDB DEFAULT CHARSET=utf8mb4 COLLATE=utf8mb4_unicode_ci;
/*!40101 SET character_set_client = @saved_cs_client */;

--
-- Dumping data for table `countries`
--

LOCK TABLES `countries` WRITE;
/*!40000 ALTER TABLE `countries` DISABLE KEYS */;
/*!40000 ALTER TABLE `countries` ENABLE KEYS */;
UNLOCK TABLES;

--
-- Table structure for table `countries_translations`
--

DROP TABLE IF EXISTS `countries_translations`;
/*!40101 SET @saved_cs_client     = @@character_set_client */;
/*!50503 SET character_set_client = utf8mb4 */;
CREATE TABLE `countries_translations` (
  `lang_code` varchar(191) COLLATE utf8mb4_unicode_ci NOT NULL,
  `countries_id` int NOT NULL,
  `name` varchar(120) COLLATE utf8mb4_unicode_ci DEFAULT NULL,
  `nationality` varchar(120) COLLATE utf8mb4_unicode_ci DEFAULT NULL,
  PRIMARY KEY (`lang_code`,`countries_id`)
) ENGINE=InnoDB DEFAULT CHARSET=utf8mb4 COLLATE=utf8mb4_unicode_ci;
/*!40101 SET character_set_client = @saved_cs_client */;

--
-- Dumping data for table `countries_translations`
--

LOCK TABLES `countries_translations` WRITE;
/*!40000 ALTER TABLE `countries_translations` DISABLE KEYS */;
/*!40000 ALTER TABLE `countries_translations` ENABLE KEYS */;
UNLOCK TABLES;

--
-- Table structure for table `dashboard_widget_settings`
--

DROP TABLE IF EXISTS `dashboard_widget_settings`;
/*!40101 SET @saved_cs_client     = @@character_set_client */;
/*!50503 SET character_set_client = utf8mb4 */;
CREATE TABLE `dashboard_widget_settings` (
  `id` bigint unsigned NOT NULL AUTO_INCREMENT,
  `settings` text COLLATE utf8mb4_unicode_ci,
  `user_id` int unsigned NOT NULL,
  `widget_id` int unsigned NOT NULL,
  `order` tinyint unsigned NOT NULL DEFAULT '0',
  `status` tinyint unsigned NOT NULL DEFAULT '1',
  `created_at` timestamp NULL DEFAULT NULL,
  `updated_at` timestamp NULL DEFAULT NULL,
  PRIMARY KEY (`id`),
  KEY `dashboard_widget_settings_user_id_index` (`user_id`),
  KEY `dashboard_widget_settings_widget_id_index` (`widget_id`)
) ENGINE=InnoDB DEFAULT CHARSET=utf8mb4 COLLATE=utf8mb4_unicode_ci;
/*!40101 SET character_set_client = @saved_cs_client */;

--
-- Dumping data for table `dashboard_widget_settings`
--

LOCK TABLES `dashboard_widget_settings` WRITE;
/*!40000 ALTER TABLE `dashboard_widget_settings` DISABLE KEYS */;
/*!40000 ALTER TABLE `dashboard_widget_settings` ENABLE KEYS */;
UNLOCK TABLES;

--
-- Table structure for table `dashboard_widgets`
--

DROP TABLE IF EXISTS `dashboard_widgets`;
/*!40101 SET @saved_cs_client     = @@character_set_client */;
/*!50503 SET character_set_client = utf8mb4 */;
CREATE TABLE `dashboard_widgets` (
  `id` bigint unsigned NOT NULL AUTO_INCREMENT,
  `name` varchar(120) COLLATE utf8mb4_unicode_ci NOT NULL,
  `created_at` timestamp NULL DEFAULT NULL,
  `updated_at` timestamp NULL DEFAULT NULL,
  PRIMARY KEY (`id`)
) ENGINE=InnoDB DEFAULT CHARSET=utf8mb4 COLLATE=utf8mb4_unicode_ci;
/*!40101 SET character_set_client = @saved_cs_client */;

--
-- Dumping data for table `dashboard_widgets`
--

LOCK TABLES `dashboard_widgets` WRITE;
/*!40000 ALTER TABLE `dashboard_widgets` DISABLE KEYS */;
/*!40000 ALTER TABLE `dashboard_widgets` ENABLE KEYS */;
UNLOCK TABLES;

--
-- Table structure for table `ec_brands`
--

DROP TABLE IF EXISTS `ec_brands`;
/*!40101 SET @saved_cs_client     = @@character_set_client */;
/*!50503 SET character_set_client = utf8mb4 */;
CREATE TABLE `ec_brands` (
  `id` bigint unsigned NOT NULL AUTO_INCREMENT,
  `name` varchar(191) COLLATE utf8mb4_unicode_ci NOT NULL,
  `description` mediumtext COLLATE utf8mb4_unicode_ci,
  `website` varchar(255) COLLATE utf8mb4_unicode_ci DEFAULT NULL,
  `logo` varchar(255) COLLATE utf8mb4_unicode_ci DEFAULT NULL,
  `status` varchar(60) COLLATE utf8mb4_unicode_ci NOT NULL DEFAULT 'published',
  `order` tinyint unsigned NOT NULL DEFAULT '0',
  `is_featured` tinyint unsigned NOT NULL DEFAULT '0',
  `created_at` timestamp NULL DEFAULT NULL,
  `updated_at` timestamp NULL DEFAULT NULL,
  PRIMARY KEY (`id`)
) ENGINE=InnoDB AUTO_INCREMENT=8 DEFAULT CHARSET=utf8mb4 COLLATE=utf8mb4_unicode_ci;
/*!40101 SET character_set_client = @saved_cs_client */;

--
-- Dumping data for table `ec_brands`
--

LOCK TABLES `ec_brands` WRITE;
/*!40000 ALTER TABLE `ec_brands` DISABLE KEYS */;
INSERT INTO `ec_brands` VALUES (1,'Perxsion',NULL,NULL,NULL,'published',0,1,'2022-09-22 01:25:29','2022-09-22 01:25:29'),(2,'Hiching',NULL,NULL,NULL,'published',1,1,'2022-09-22 01:25:29','2022-09-22 01:25:29'),(3,'Kepslo',NULL,NULL,NULL,'published',2,1,'2022-09-22 01:25:29','2022-09-22 01:25:29'),(4,'Groneba',NULL,NULL,NULL,'published',3,1,'2022-09-22 01:25:29','2022-09-22 01:25:29'),(5,'Babian',NULL,NULL,NULL,'published',4,1,'2022-09-22 01:25:29','2022-09-22 01:25:29'),(6,'Valorant',NULL,NULL,NULL,'published',5,1,'2022-09-22 01:25:29','2022-09-22 01:25:29'),(7,'Pure',NULL,NULL,NULL,'published',6,1,'2022-09-22 01:25:29','2022-09-22 01:25:29');
/*!40000 ALTER TABLE `ec_brands` ENABLE KEYS */;
UNLOCK TABLES;

--
-- Table structure for table `ec_brands_translations`
--

DROP TABLE IF EXISTS `ec_brands_translations`;
/*!40101 SET @saved_cs_client     = @@character_set_client */;
/*!50503 SET character_set_client = utf8mb4 */;
CREATE TABLE `ec_brands_translations` (
  `lang_code` varchar(191) COLLATE utf8mb4_unicode_ci NOT NULL,
  `ec_brands_id` int NOT NULL,
  `name` varchar(191) COLLATE utf8mb4_unicode_ci DEFAULT NULL,
  `description` varchar(191) COLLATE utf8mb4_unicode_ci DEFAULT NULL,
  PRIMARY KEY (`lang_code`,`ec_brands_id`)
) ENGINE=InnoDB DEFAULT CHARSET=utf8mb4 COLLATE=utf8mb4_unicode_ci;
/*!40101 SET character_set_client = @saved_cs_client */;

--
-- Dumping data for table `ec_brands_translations`
--

LOCK TABLES `ec_brands_translations` WRITE;
/*!40000 ALTER TABLE `ec_brands_translations` DISABLE KEYS */;
INSERT INTO `ec_brands_translations` VALUES ('vi',1,'Perxsion',NULL),('vi',2,'Hiching',NULL),('vi',3,'Kepslo',NULL),('vi',4,'Groneba',NULL),('vi',5,'Babian',NULL),('vi',6,'Valorant',NULL),('vi',7,'Pure',NULL);
/*!40000 ALTER TABLE `ec_brands_translations` ENABLE KEYS */;
UNLOCK TABLES;

--
-- Table structure for table `ec_cart`
--

DROP TABLE IF EXISTS `ec_cart`;
/*!40101 SET @saved_cs_client     = @@character_set_client */;
/*!50503 SET character_set_client = utf8mb4 */;
CREATE TABLE `ec_cart` (
  `identifier` varchar(191) COLLATE utf8mb4_unicode_ci NOT NULL,
  `instance` varchar(191) COLLATE utf8mb4_unicode_ci NOT NULL,
  `content` longtext COLLATE utf8mb4_unicode_ci NOT NULL,
  `created_at` timestamp NULL DEFAULT NULL,
  `updated_at` timestamp NULL DEFAULT NULL,
  PRIMARY KEY (`identifier`,`instance`)
) ENGINE=InnoDB DEFAULT CHARSET=utf8mb4 COLLATE=utf8mb4_unicode_ci;
/*!40101 SET character_set_client = @saved_cs_client */;

--
-- Dumping data for table `ec_cart`
--

LOCK TABLES `ec_cart` WRITE;
/*!40000 ALTER TABLE `ec_cart` DISABLE KEYS */;
/*!40000 ALTER TABLE `ec_cart` ENABLE KEYS */;
UNLOCK TABLES;

--
-- Table structure for table `ec_currencies`
--

DROP TABLE IF EXISTS `ec_currencies`;
/*!40101 SET @saved_cs_client     = @@character_set_client */;
/*!50503 SET character_set_client = utf8mb4 */;
CREATE TABLE `ec_currencies` (
  `id` bigint unsigned NOT NULL AUTO_INCREMENT,
  `title` varchar(191) COLLATE utf8mb4_unicode_ci NOT NULL,
  `symbol` varchar(10) COLLATE utf8mb4_unicode_ci NOT NULL,
  `is_prefix_symbol` tinyint unsigned NOT NULL DEFAULT '0',
  `decimals` tinyint unsigned DEFAULT '0',
  `order` int unsigned DEFAULT '0',
  `is_default` tinyint NOT NULL DEFAULT '0',
  `exchange_rate` double NOT NULL DEFAULT '1',
  `created_at` timestamp NULL DEFAULT NULL,
  `updated_at` timestamp NULL DEFAULT NULL,
  PRIMARY KEY (`id`)
) ENGINE=InnoDB AUTO_INCREMENT=4 DEFAULT CHARSET=utf8mb4 COLLATE=utf8mb4_unicode_ci;
/*!40101 SET character_set_client = @saved_cs_client */;

--
-- Dumping data for table `ec_currencies`
--

LOCK TABLES `ec_currencies` WRITE;
/*!40000 ALTER TABLE `ec_currencies` DISABLE KEYS */;
INSERT INTO `ec_currencies` VALUES (1,'USD','$',1,2,0,1,1,'2022-09-22 01:25:29','2022-09-22 01:25:29'),(2,'EUR','€',0,2,1,0,0.84,'2022-09-22 01:25:29','2022-09-22 01:25:29'),(3,'VND','₫',0,0,2,0,23203,'2022-09-22 01:25:29','2022-09-22 01:25:29');
/*!40000 ALTER TABLE `ec_currencies` ENABLE KEYS */;
UNLOCK TABLES;

--
-- Table structure for table `ec_customer_addresses`
--

DROP TABLE IF EXISTS `ec_customer_addresses`;
/*!40101 SET @saved_cs_client     = @@character_set_client */;
/*!50503 SET character_set_client = utf8mb4 */;
CREATE TABLE `ec_customer_addresses` (
  `id` bigint unsigned NOT NULL AUTO_INCREMENT,
  `name` varchar(191) COLLATE utf8mb4_unicode_ci NOT NULL,
  `email` varchar(60) COLLATE utf8mb4_unicode_ci DEFAULT NULL,
  `phone` varchar(20) CHARACTER SET utf8mb4 COLLATE utf8mb4_unicode_ci DEFAULT NULL,
  `country` varchar(120) COLLATE utf8mb4_unicode_ci DEFAULT NULL,
  `state` varchar(120) COLLATE utf8mb4_unicode_ci DEFAULT NULL,
  `city` varchar(120) COLLATE utf8mb4_unicode_ci DEFAULT NULL,
  `address` varchar(191) COLLATE utf8mb4_unicode_ci NOT NULL,
  `customer_id` int unsigned NOT NULL,
  `is_default` tinyint unsigned NOT NULL DEFAULT '0',
  `created_at` timestamp NULL DEFAULT NULL,
  `updated_at` timestamp NULL DEFAULT NULL,
  `zip_code` varchar(20) COLLATE utf8mb4_unicode_ci DEFAULT NULL,
  PRIMARY KEY (`id`)
) ENGINE=InnoDB AUTO_INCREMENT=13 DEFAULT CHARSET=utf8mb4 COLLATE=utf8mb4_unicode_ci;
/*!40101 SET character_set_client = @saved_cs_client */;

--
-- Dumping data for table `ec_customer_addresses`
--

LOCK TABLES `ec_customer_addresses` WRITE;
/*!40000 ALTER TABLE `ec_customer_addresses` DISABLE KEYS */;
INSERT INTO `ec_customer_addresses` VALUES (1,'Sammie Howell','customer@botble.com','+16156649870','DK','Iowa','Port Adrianna','82808 Tyshawn Row',1,1,'2022-09-22 01:26:11','2022-09-22 01:26:11','16741'),(2,'Sammie Howell','customer@botble.com','+15314579576','SG','West Virginia','West Bernhardfurt','647 Omer Ranch',1,0,'2022-09-22 01:26:11','2022-09-22 01:26:11','09440-9025'),(3,'Mr. Gregorio Medhurst','vendor@botble.com','+18649502555','GP','South Dakota','Bradfordside','2750 Cremin Rapids Apt. 980',2,1,'2022-09-22 01:26:11','2022-09-22 01:26:11','02626-0092'),(4,'Mr. Gregorio Medhurst','vendor@botble.com','+12319536062','DE','Delaware','Keaganberg','10524 Rutherford Highway Suite 670',2,0,'2022-09-22 01:26:11','2022-09-22 01:26:11','21482-6898'),(5,'Mr. Andres Littel','louisa.glover@example.com','+14259427690','PM','Massachusetts','New Verla','893 Hirthe Fords Suite 378',3,1,'2022-09-22 01:26:11','2022-09-22 01:26:11','55092-2857'),(6,'Virgil Beahan','gaston.dickinson@example.org','+17472210814','IQ','California','Arnaldofurt','9797 Tromp Stravenue',4,1,'2022-09-22 01:26:12','2022-09-22 01:26:12','63616-0220'),(7,'Maria Schultz','ava.glover@example.net','+17603289928','NP','Colorado','East Itzel','7566 Sigmund Harbor Apt. 710',5,1,'2022-09-22 01:26:12','2022-09-22 01:26:12','09493'),(8,'Nikita Nikolaus','qgleichner@example.net','+15135279923','JM','Colorado','Rohanberg','44906 Rippin Village',6,1,'2022-09-22 01:26:12','2022-09-22 01:26:12','77631-9961'),(9,'Stefanie Rice','owindler@example.net','+19473101664','AR','New York','Murphyland','86848 Cordelia Alley Apt. 989',7,1,'2022-09-22 01:26:12','2022-09-22 01:26:12','78032-5738'),(10,'Dr. Cecelia Smith PhD','vwunsch@example.com','+18705301568','KR','Vermont','Hegmannberg','710 Wintheiser Plain Suite 295',8,1,'2022-09-22 01:26:12','2022-09-22 01:26:12','76229'),(11,'Mrs. Eryn Ziemann','marilou.okon@example.com','+12697706188','SE','Connecticut','Port Alvinachester','418 Marquardt Islands Suite 814',9,1,'2022-09-22 01:26:13','2022-09-22 01:26:13','41766-6543'),(12,'Bennie Brown','sage.king@example.org','+14425900635','AM','New Jersey','West Piperburgh','144 Schuppe Trail',10,1,'2022-09-22 01:26:13','2022-09-22 01:26:13','65382');
/*!40000 ALTER TABLE `ec_customer_addresses` ENABLE KEYS */;
UNLOCK TABLES;

--
-- Table structure for table `ec_customer_password_resets`
--

DROP TABLE IF EXISTS `ec_customer_password_resets`;
/*!40101 SET @saved_cs_client     = @@character_set_client */;
/*!50503 SET character_set_client = utf8mb4 */;
CREATE TABLE `ec_customer_password_resets` (
  `email` varchar(191) COLLATE utf8mb4_unicode_ci NOT NULL,
  `token` varchar(191) COLLATE utf8mb4_unicode_ci NOT NULL,
  `created_at` timestamp NULL DEFAULT NULL,
  KEY `ec_customer_password_resets_email_index` (`email`),
  KEY `ec_customer_password_resets_token_index` (`token`)
) ENGINE=InnoDB DEFAULT CHARSET=utf8mb4 COLLATE=utf8mb4_unicode_ci;
/*!40101 SET character_set_client = @saved_cs_client */;

--
-- Dumping data for table `ec_customer_password_resets`
--

LOCK TABLES `ec_customer_password_resets` WRITE;
/*!40000 ALTER TABLE `ec_customer_password_resets` DISABLE KEYS */;
/*!40000 ALTER TABLE `ec_customer_password_resets` ENABLE KEYS */;
UNLOCK TABLES;

--
-- Table structure for table `ec_customer_recently_viewed_products`
--

DROP TABLE IF EXISTS `ec_customer_recently_viewed_products`;
/*!40101 SET @saved_cs_client     = @@character_set_client */;
/*!50503 SET character_set_client = utf8mb4 */;
CREATE TABLE `ec_customer_recently_viewed_products` (
  `id` bigint unsigned NOT NULL AUTO_INCREMENT,
  `customer_id` int unsigned NOT NULL,
  `product_id` int unsigned NOT NULL,
  PRIMARY KEY (`id`)
) ENGINE=InnoDB DEFAULT CHARSET=utf8mb4 COLLATE=utf8mb4_unicode_ci;
/*!40101 SET character_set_client = @saved_cs_client */;

--
-- Dumping data for table `ec_customer_recently_viewed_products`
--

LOCK TABLES `ec_customer_recently_viewed_products` WRITE;
/*!40000 ALTER TABLE `ec_customer_recently_viewed_products` DISABLE KEYS */;
/*!40000 ALTER TABLE `ec_customer_recently_viewed_products` ENABLE KEYS */;
UNLOCK TABLES;

--
-- Table structure for table `ec_customers`
--

DROP TABLE IF EXISTS `ec_customers`;
/*!40101 SET @saved_cs_client     = @@character_set_client */;
/*!50503 SET character_set_client = utf8mb4 */;
CREATE TABLE `ec_customers` (
  `id` bigint unsigned NOT NULL AUTO_INCREMENT,
  `name` varchar(191) COLLATE utf8mb4_unicode_ci NOT NULL,
  `email` varchar(191) COLLATE utf8mb4_unicode_ci NOT NULL,
  `password` varchar(191) COLLATE utf8mb4_unicode_ci NOT NULL,
  `avatar` varchar(255) COLLATE utf8mb4_unicode_ci DEFAULT NULL,
  `dob` date DEFAULT NULL,
  `phone` varchar(25) COLLATE utf8mb4_unicode_ci DEFAULT NULL,
  `remember_token` varchar(100) COLLATE utf8mb4_unicode_ci DEFAULT NULL,
  `created_at` timestamp NULL DEFAULT NULL,
  `updated_at` timestamp NULL DEFAULT NULL,
  `confirmed_at` datetime DEFAULT NULL,
  `email_verify_token` varchar(120) COLLATE utf8mb4_unicode_ci DEFAULT NULL,
  `status` varchar(60) COLLATE utf8mb4_unicode_ci NOT NULL DEFAULT 'activated',
  `is_vendor` tinyint(1) NOT NULL DEFAULT '0',
  `vendor_verified_at` datetime DEFAULT NULL,
  PRIMARY KEY (`id`),
  UNIQUE KEY `ec_customers_email_unique` (`email`)
) ENGINE=InnoDB AUTO_INCREMENT=11 DEFAULT CHARSET=utf8mb4 COLLATE=utf8mb4_unicode_ci;
/*!40101 SET character_set_client = @saved_cs_client */;

--
-- Dumping data for table `ec_customers`
--

LOCK TABLES `ec_customers` WRITE;
/*!40000 ALTER TABLE `ec_customers` DISABLE KEYS */;
INSERT INTO `ec_customers` VALUES (1,'Sammie Howell','customer@botble.com','$2y$10$CYkJm1Mw.zzOO.5lQiS0zu8T1cHkIavTbwCfVRtVTzrO7NAsRv2L6','customers/10.jpg','1998-09-03','+14582090638',NULL,'2022-09-22 01:26:11','2022-09-22 01:26:11','2022-09-22 08:26:11',NULL,'activated',0,NULL),(2,'Mr. Gregorio Medhurst','vendor@botble.com','$2y$10$b2iHEIWTocT9rmhx6IJrEuVHSi44ZVawiKAPNOVv5/RRA2ZPoO.L.','customers/6.jpg','1986-08-31','+16827660557',NULL,'2022-09-22 01:26:11','2022-09-22 01:27:38','2022-09-22 08:26:11',NULL,'activated',1,'2022-09-22 08:27:38'),(3,'Mr. Andres Littel','louisa.glover@example.com','$2y$10$MtjjLzHz4ilpymGY50y/teuie3kTVw30HtVJVvZfbgGVfINQX7Ike','customers/1.jpg','1974-09-09','+17706603285',NULL,'2022-09-22 01:26:11','2022-09-22 01:27:39','2022-09-22 08:26:11',NULL,'activated',1,'2022-09-22 08:27:39'),(4,'Virgil Beahan','gaston.dickinson@example.org','$2y$10$UfGGPNjw72.kWl1/5RPhcOXekVY64qhtafLuqB58KuVt7EjqxEfQm','customers/2.jpg','1976-09-11','+13526289121',NULL,'2022-09-22 01:26:12','2022-09-22 01:27:39','2022-09-22 08:26:12',NULL,'activated',1,'2022-09-22 08:27:39'),(5,'Maria Schultz','ava.glover@example.net','$2y$10$3bTS2TIJ33GFXN9dzqodSeI4tDPDmexVyHUGm69bb6yscDR3Kn2Tm','customers/3.jpg','1992-09-10','+16146191696',NULL,'2022-09-22 01:26:12','2022-09-22 01:26:12','2022-09-22 08:26:12',NULL,'activated',0,NULL),(6,'Nikita Nikolaus','qgleichner@example.net','$2y$10$BC7qT7JyH2i.v8fbf.zpX.rQtMy0ows/Vo4g1pKuKo6ni5IjKY97m','customers/4.jpg','1972-09-02','+15206953025',NULL,'2022-09-22 01:26:12','2022-09-22 01:26:12','2022-09-22 08:26:12',NULL,'activated',0,NULL),(7,'Stefanie Rice','owindler@example.net','$2y$10$TthkB61JzhTErNQBqBNY3.Fw2MAsAHt3L7YNsmMQCmhLH8NXKy.ci','customers/5.jpg','1983-09-09','+17379666103',NULL,'2022-09-22 01:26:12','2022-09-22 01:26:12','2022-09-22 08:26:12',NULL,'activated',0,NULL),(8,'Dr. Cecelia Smith PhD','vwunsch@example.com','$2y$10$Ld1EhojBY26QfP/W9CQTOO3gH8UzrQDFxfPew.iBLqgKzi4vzDHPm','customers/6.jpg','1974-09-10','+18035689141',NULL,'2022-09-22 01:26:12','2022-09-22 01:27:39','2022-09-22 08:26:12',NULL,'activated',1,'2022-09-22 08:27:39'),(9,'Mrs. Eryn Ziemann','marilou.okon@example.com','$2y$10$C8PsaFHlbYpmFuasRbI8m.6hXPkmvGGp221vX40h6xBqFVKvocueC','customers/7.jpg','1983-08-26','+19183688342',NULL,'2022-09-22 01:26:13','2022-09-22 01:27:39','2022-09-22 08:26:13',NULL,'activated',1,'2022-09-22 08:27:39'),(10,'Bennie Brown','sage.king@example.org','$2y$10$kGQXnx1WbRRWJ12og9kOVO6k.IEBZu3q9msGFDNON5n6aKwdJruA2','customers/8.jpg','1983-09-21','+15106998808',NULL,'2022-09-22 01:26:13','2022-09-22 01:27:40','2022-09-22 08:26:13',NULL,'activated',1,'2022-09-22 08:27:40');
/*!40000 ALTER TABLE `ec_customers` ENABLE KEYS */;
UNLOCK TABLES;

--
-- Table structure for table `ec_discount_customers`
--

DROP TABLE IF EXISTS `ec_discount_customers`;
/*!40101 SET @saved_cs_client     = @@character_set_client */;
/*!50503 SET character_set_client = utf8mb4 */;
CREATE TABLE `ec_discount_customers` (
  `discount_id` int unsigned NOT NULL,
  `customer_id` int unsigned NOT NULL,
  PRIMARY KEY (`discount_id`,`customer_id`)
) ENGINE=InnoDB DEFAULT CHARSET=utf8mb4 COLLATE=utf8mb4_unicode_ci;
/*!40101 SET character_set_client = @saved_cs_client */;

--
-- Dumping data for table `ec_discount_customers`
--

LOCK TABLES `ec_discount_customers` WRITE;
/*!40000 ALTER TABLE `ec_discount_customers` DISABLE KEYS */;
/*!40000 ALTER TABLE `ec_discount_customers` ENABLE KEYS */;
UNLOCK TABLES;

--
-- Table structure for table `ec_discount_product_collections`
--

DROP TABLE IF EXISTS `ec_discount_product_collections`;
/*!40101 SET @saved_cs_client     = @@character_set_client */;
/*!50503 SET character_set_client = utf8mb4 */;
CREATE TABLE `ec_discount_product_collections` (
  `discount_id` int unsigned NOT NULL,
  `product_collection_id` int unsigned NOT NULL,
  PRIMARY KEY (`discount_id`,`product_collection_id`)
) ENGINE=InnoDB DEFAULT CHARSET=utf8mb4 COLLATE=utf8mb4_unicode_ci;
/*!40101 SET character_set_client = @saved_cs_client */;

--
-- Dumping data for table `ec_discount_product_collections`
--

LOCK TABLES `ec_discount_product_collections` WRITE;
/*!40000 ALTER TABLE `ec_discount_product_collections` DISABLE KEYS */;
/*!40000 ALTER TABLE `ec_discount_product_collections` ENABLE KEYS */;
UNLOCK TABLES;

--
-- Table structure for table `ec_discount_products`
--

DROP TABLE IF EXISTS `ec_discount_products`;
/*!40101 SET @saved_cs_client     = @@character_set_client */;
/*!50503 SET character_set_client = utf8mb4 */;
CREATE TABLE `ec_discount_products` (
  `discount_id` int unsigned NOT NULL,
  `product_id` int unsigned NOT NULL,
  PRIMARY KEY (`discount_id`,`product_id`)
) ENGINE=InnoDB DEFAULT CHARSET=utf8mb4 COLLATE=utf8mb4_unicode_ci;
/*!40101 SET character_set_client = @saved_cs_client */;

--
-- Dumping data for table `ec_discount_products`
--

LOCK TABLES `ec_discount_products` WRITE;
/*!40000 ALTER TABLE `ec_discount_products` DISABLE KEYS */;
/*!40000 ALTER TABLE `ec_discount_products` ENABLE KEYS */;
UNLOCK TABLES;

--
-- Table structure for table `ec_discounts`
--

DROP TABLE IF EXISTS `ec_discounts`;
/*!40101 SET @saved_cs_client     = @@character_set_client */;
/*!50503 SET character_set_client = utf8mb4 */;
CREATE TABLE `ec_discounts` (
  `id` bigint unsigned NOT NULL AUTO_INCREMENT,
  `title` varchar(120) COLLATE utf8mb4_unicode_ci DEFAULT NULL,
  `code` varchar(20) COLLATE utf8mb4_unicode_ci DEFAULT NULL,
  `start_date` datetime DEFAULT NULL,
  `end_date` datetime DEFAULT NULL,
  `quantity` int DEFAULT NULL,
  `total_used` int unsigned NOT NULL DEFAULT '0',
  `value` double DEFAULT NULL,
  `type` varchar(60) COLLATE utf8mb4_unicode_ci DEFAULT 'coupon',
  `can_use_with_promotion` tinyint(1) NOT NULL DEFAULT '0',
  `discount_on` varchar(20) COLLATE utf8mb4_unicode_ci DEFAULT NULL,
  `product_quantity` int unsigned DEFAULT NULL,
  `type_option` varchar(100) COLLATE utf8mb4_unicode_ci NOT NULL DEFAULT 'amount',
  `target` varchar(100) COLLATE utf8mb4_unicode_ci NOT NULL DEFAULT 'all-orders',
  `min_order_price` decimal(15,2) DEFAULT NULL,
  `created_at` timestamp NULL DEFAULT NULL,
  `updated_at` timestamp NULL DEFAULT NULL,
  `store_id` int unsigned DEFAULT NULL,
  PRIMARY KEY (`id`),
  UNIQUE KEY `ec_discounts_code_unique` (`code`)
) ENGINE=InnoDB DEFAULT CHARSET=utf8mb4 COLLATE=utf8mb4_unicode_ci;
/*!40101 SET character_set_client = @saved_cs_client */;

--
-- Dumping data for table `ec_discounts`
--

LOCK TABLES `ec_discounts` WRITE;
/*!40000 ALTER TABLE `ec_discounts` DISABLE KEYS */;
/*!40000 ALTER TABLE `ec_discounts` ENABLE KEYS */;
UNLOCK TABLES;

--
-- Table structure for table `ec_flash_sale_products`
--

DROP TABLE IF EXISTS `ec_flash_sale_products`;
/*!40101 SET @saved_cs_client     = @@character_set_client */;
/*!50503 SET character_set_client = utf8mb4 */;
CREATE TABLE `ec_flash_sale_products` (
  `flash_sale_id` int unsigned NOT NULL,
  `product_id` int unsigned NOT NULL,
  `price` double unsigned DEFAULT NULL,
  `quantity` int unsigned DEFAULT NULL,
  `sold` int unsigned NOT NULL DEFAULT '0'
) ENGINE=InnoDB DEFAULT CHARSET=utf8mb4 COLLATE=utf8mb4_unicode_ci;
/*!40101 SET character_set_client = @saved_cs_client */;

--
-- Dumping data for table `ec_flash_sale_products`
--

LOCK TABLES `ec_flash_sale_products` WRITE;
/*!40000 ALTER TABLE `ec_flash_sale_products` DISABLE KEYS */;
INSERT INTO `ec_flash_sale_products` VALUES (1,13,110.88,14,1),(2,19,96.25,17,4),(3,18,71.98,10,3),(4,2,212.22,19,4),(5,18,80.52,15,5),(6,1,107.78,13,1),(6,2,137.55,8,5),(6,3,159.36,6,5),(6,4,23.166,17,5),(6,5,36.66,16,4),(6,6,19.8,17,5),(6,7,100,15,5),(6,8,64.896,20,4),(6,9,52.9,8,1),(6,10,288.3,11,1),(6,11,53.34,8,3),(6,12,26.862,14,2),(6,13,100.8,17,1),(6,14,50,17,3),(6,15,48.4,16,1),(6,16,34.944,12,2),(6,17,100.32,9,2),(6,18,36.6,19,2),(6,19,42.5,10,1),(6,20,61.087,16,2);
/*!40000 ALTER TABLE `ec_flash_sale_products` ENABLE KEYS */;
UNLOCK TABLES;

--
-- Table structure for table `ec_flash_sales`
--

DROP TABLE IF EXISTS `ec_flash_sales`;
/*!40101 SET @saved_cs_client     = @@character_set_client */;
/*!50503 SET character_set_client = utf8mb4 */;
CREATE TABLE `ec_flash_sales` (
  `id` bigint unsigned NOT NULL AUTO_INCREMENT,
  `name` varchar(255) COLLATE utf8mb4_unicode_ci NOT NULL,
  `end_date` datetime NOT NULL,
  `status` varchar(60) COLLATE utf8mb4_unicode_ci NOT NULL DEFAULT 'published',
  `created_at` timestamp NULL DEFAULT NULL,
  `updated_at` timestamp NULL DEFAULT NULL,
  PRIMARY KEY (`id`)
) ENGINE=InnoDB AUTO_INCREMENT=7 DEFAULT CHARSET=utf8mb4 COLLATE=utf8mb4_unicode_ci;
/*!40101 SET character_set_client = @saved_cs_client */;

--
-- Dumping data for table `ec_flash_sales`
--

LOCK TABLES `ec_flash_sales` WRITE;
/*!40000 ALTER TABLE `ec_flash_sales` DISABLE KEYS */;
INSERT INTO `ec_flash_sales` VALUES (1,'Deal of the Day','2022-11-07 00:00:00','published','2022-09-22 01:26:17','2022-09-22 01:26:17'),(2,'Flash sale 2','2022-10-31 00:00:00','published','2022-09-22 01:26:18','2022-09-22 01:26:18'),(3,'Flash sale 3','2022-11-11 00:00:00','published','2022-09-22 01:26:18','2022-09-22 01:26:18'),(4,'Flash sale 4','2022-11-05 00:00:00','published','2022-09-22 01:26:18','2022-09-22 01:26:18'),(5,'Flash sale 5','2022-10-22 00:00:00','published','2022-09-22 01:26:18','2022-09-22 01:26:18'),(6,'Daily Best Sales','2022-10-22 00:00:00','published','2022-09-22 01:26:18','2022-09-22 01:26:18');
/*!40000 ALTER TABLE `ec_flash_sales` ENABLE KEYS */;
UNLOCK TABLES;

--
-- Table structure for table `ec_flash_sales_translations`
--

DROP TABLE IF EXISTS `ec_flash_sales_translations`;
/*!40101 SET @saved_cs_client     = @@character_set_client */;
/*!50503 SET character_set_client = utf8mb4 */;
CREATE TABLE `ec_flash_sales_translations` (
  `lang_code` varchar(191) COLLATE utf8mb4_unicode_ci NOT NULL,
  `ec_flash_sales_id` int NOT NULL,
  `name` varchar(191) COLLATE utf8mb4_unicode_ci DEFAULT NULL,
  PRIMARY KEY (`lang_code`,`ec_flash_sales_id`)
) ENGINE=InnoDB DEFAULT CHARSET=utf8mb4 COLLATE=utf8mb4_unicode_ci;
/*!40101 SET character_set_client = @saved_cs_client */;

--
-- Dumping data for table `ec_flash_sales_translations`
--

LOCK TABLES `ec_flash_sales_translations` WRITE;
/*!40000 ALTER TABLE `ec_flash_sales_translations` DISABLE KEYS */;
INSERT INTO `ec_flash_sales_translations` VALUES ('vi',1,'Ưu đãi trong ngày'),('vi',2,'Khuyến mãi 2'),('vi',3,'Khuyến mãi 3'),('vi',4,'Khuyến mãi 4'),('vi',5,'Khuyến mãi 5'),('vi',6,'Bán tốt nhất hàng ngày');
/*!40000 ALTER TABLE `ec_flash_sales_translations` ENABLE KEYS */;
UNLOCK TABLES;

--
-- Table structure for table `ec_grouped_products`
--

DROP TABLE IF EXISTS `ec_grouped_products`;
/*!40101 SET @saved_cs_client     = @@character_set_client */;
/*!50503 SET character_set_client = utf8mb4 */;
CREATE TABLE `ec_grouped_products` (
  `id` bigint unsigned NOT NULL AUTO_INCREMENT,
  `parent_product_id` int unsigned NOT NULL,
  `product_id` int unsigned NOT NULL,
  `fixed_qty` int NOT NULL DEFAULT '1',
  PRIMARY KEY (`id`)
) ENGINE=InnoDB DEFAULT CHARSET=utf8mb4 COLLATE=utf8mb4_unicode_ci;
/*!40101 SET character_set_client = @saved_cs_client */;

--
-- Dumping data for table `ec_grouped_products`
--

LOCK TABLES `ec_grouped_products` WRITE;
/*!40000 ALTER TABLE `ec_grouped_products` DISABLE KEYS */;
/*!40000 ALTER TABLE `ec_grouped_products` ENABLE KEYS */;
UNLOCK TABLES;

--
-- Table structure for table `ec_order_addresses`
--

DROP TABLE IF EXISTS `ec_order_addresses`;
/*!40101 SET @saved_cs_client     = @@character_set_client */;
/*!50503 SET character_set_client = utf8mb4 */;
CREATE TABLE `ec_order_addresses` (
  `id` bigint unsigned NOT NULL AUTO_INCREMENT,
  `name` varchar(191) COLLATE utf8mb4_unicode_ci NOT NULL,
  `phone` varchar(20) COLLATE utf8mb4_unicode_ci DEFAULT NULL,
  `email` varchar(191) COLLATE utf8mb4_unicode_ci DEFAULT NULL,
  `country` varchar(120) COLLATE utf8mb4_unicode_ci DEFAULT NULL,
  `state` varchar(120) COLLATE utf8mb4_unicode_ci DEFAULT NULL,
  `city` varchar(120) COLLATE utf8mb4_unicode_ci DEFAULT NULL,
  `address` varchar(255) COLLATE utf8mb4_unicode_ci DEFAULT NULL,
  `order_id` int unsigned NOT NULL,
  `zip_code` varchar(20) COLLATE utf8mb4_unicode_ci DEFAULT NULL,
  `type` varchar(60) COLLATE utf8mb4_unicode_ci NOT NULL DEFAULT 'shipping_address',
  PRIMARY KEY (`id`)
) ENGINE=InnoDB AUTO_INCREMENT=50 DEFAULT CHARSET=utf8mb4 COLLATE=utf8mb4_unicode_ci;
/*!40101 SET character_set_client = @saved_cs_client */;

--
-- Dumping data for table `ec_order_addresses`
--

LOCK TABLES `ec_order_addresses` WRITE;
/*!40000 ALTER TABLE `ec_order_addresses` DISABLE KEYS */;
INSERT INTO `ec_order_addresses` VALUES (1,'Sammie Howell','+16156649870','customer@botble.com','DK','Iowa','Port Adrianna','82808 Tyshawn Row',1,'16741','shipping_address'),(2,'Sammie Howell','+16156649870','customer@botble.com','DK','Iowa','Port Adrianna','82808 Tyshawn Row',2,'16741','shipping_address'),(3,'Maria Schultz','+17603289928','ava.glover@example.net','NP','Colorado','East Itzel','7566 Sigmund Harbor Apt. 710',3,'09493','shipping_address'),(4,'Maria Schultz','+17603289928','ava.glover@example.net','NP','Colorado','East Itzel','7566 Sigmund Harbor Apt. 710',4,'09493','shipping_address'),(5,'Maria Schultz','+17603289928','ava.glover@example.net','NP','Colorado','East Itzel','7566 Sigmund Harbor Apt. 710',5,'09493','shipping_address'),(6,'Nikita Nikolaus','+15135279923','qgleichner@example.net','JM','Colorado','Rohanberg','44906 Rippin Village',6,'77631-9961','shipping_address'),(7,'Nikita Nikolaus','+15135279923','qgleichner@example.net','JM','Colorado','Rohanberg','44906 Rippin Village',7,'77631-9961','shipping_address'),(8,'Nikita Nikolaus','+15135279923','qgleichner@example.net','JM','Colorado','Rohanberg','44906 Rippin Village',8,'77631-9961','shipping_address'),(9,'Sammie Howell','+16156649870','customer@botble.com','DK','Iowa','Port Adrianna','82808 Tyshawn Row',9,'16741','shipping_address'),(10,'Sammie Howell','+16156649870','customer@botble.com','DK','Iowa','Port Adrianna','82808 Tyshawn Row',10,'16741','shipping_address'),(11,'Maria Schultz','+17603289928','ava.glover@example.net','NP','Colorado','East Itzel','7566 Sigmund Harbor Apt. 710',11,'09493','shipping_address'),(12,'Maria Schultz','+17603289928','ava.glover@example.net','NP','Colorado','East Itzel','7566 Sigmund Harbor Apt. 710',12,'09493','shipping_address'),(13,'Sammie Howell','+16156649870','customer@botble.com','DK','Iowa','Port Adrianna','82808 Tyshawn Row',13,'16741','shipping_address'),(14,'Sammie Howell','+16156649870','customer@botble.com','DK','Iowa','Port Adrianna','82808 Tyshawn Row',14,'16741','shipping_address'),(15,'Sammie Howell','+16156649870','customer@botble.com','DK','Iowa','Port Adrianna','82808 Tyshawn Row',15,'16741','shipping_address'),(16,'Sammie Howell','+16156649870','customer@botble.com','DK','Iowa','Port Adrianna','82808 Tyshawn Row',16,'16741','shipping_address'),(17,'Sammie Howell','+16156649870','customer@botble.com','DK','Iowa','Port Adrianna','82808 Tyshawn Row',17,'16741','shipping_address'),(18,'Sammie Howell','+16156649870','customer@botble.com','DK','Iowa','Port Adrianna','82808 Tyshawn Row',18,'16741','shipping_address'),(19,'Sammie Howell','+16156649870','customer@botble.com','DK','Iowa','Port Adrianna','82808 Tyshawn Row',19,'16741','shipping_address'),(20,'Maria Schultz','+17603289928','ava.glover@example.net','NP','Colorado','East Itzel','7566 Sigmund Harbor Apt. 710',20,'09493','shipping_address'),(21,'Maria Schultz','+17603289928','ava.glover@example.net','NP','Colorado','East Itzel','7566 Sigmund Harbor Apt. 710',21,'09493','shipping_address'),(22,'Maria Schultz','+17603289928','ava.glover@example.net','NP','Colorado','East Itzel','7566 Sigmund Harbor Apt. 710',22,'09493','shipping_address'),(23,'Sammie Howell','+16156649870','customer@botble.com','DK','Iowa','Port Adrianna','82808 Tyshawn Row',23,'16741','shipping_address'),(24,'Sammie Howell','+16156649870','customer@botble.com','DK','Iowa','Port Adrianna','82808 Tyshawn Row',24,'16741','shipping_address'),(25,'Sammie Howell','+16156649870','customer@botble.com','DK','Iowa','Port Adrianna','82808 Tyshawn Row',25,'16741','shipping_address'),(26,'Sammie Howell','+16156649870','customer@botble.com','DK','Iowa','Port Adrianna','82808 Tyshawn Row',26,'16741','shipping_address'),(27,'Sammie Howell','+16156649870','customer@botble.com','DK','Iowa','Port Adrianna','82808 Tyshawn Row',27,'16741','shipping_address'),(28,'Maria Schultz','+17603289928','ava.glover@example.net','NP','Colorado','East Itzel','7566 Sigmund Harbor Apt. 710',28,'09493','shipping_address'),(29,'Maria Schultz','+17603289928','ava.glover@example.net','NP','Colorado','East Itzel','7566 Sigmund Harbor Apt. 710',29,'09493','shipping_address'),(30,'Maria Schultz','+17603289928','ava.glover@example.net','NP','Colorado','East Itzel','7566 Sigmund Harbor Apt. 710',30,'09493','shipping_address'),(31,'Maria Schultz','+17603289928','ava.glover@example.net','NP','Colorado','East Itzel','7566 Sigmund Harbor Apt. 710',31,'09493','shipping_address'),(32,'Maria Schultz','+17603289928','ava.glover@example.net','NP','Colorado','East Itzel','7566 Sigmund Harbor Apt. 710',32,'09493','shipping_address'),(33,'Sammie Howell','+16156649870','customer@botble.com','DK','Iowa','Port Adrianna','82808 Tyshawn Row',33,'16741','shipping_address'),(34,'Sammie Howell','+16156649870','customer@botble.com','DK','Iowa','Port Adrianna','82808 Tyshawn Row',34,'16741','shipping_address'),(35,'Maria Schultz','+17603289928','ava.glover@example.net','NP','Colorado','East Itzel','7566 Sigmund Harbor Apt. 710',35,'09493','shipping_address'),(36,'Maria Schultz','+17603289928','ava.glover@example.net','NP','Colorado','East Itzel','7566 Sigmund Harbor Apt. 710',36,'09493','shipping_address'),(37,'Maria Schultz','+17603289928','ava.glover@example.net','NP','Colorado','East Itzel','7566 Sigmund Harbor Apt. 710',37,'09493','shipping_address'),(38,'Maria Schultz','+17603289928','ava.glover@example.net','NP','Colorado','East Itzel','7566 Sigmund Harbor Apt. 710',38,'09493','shipping_address'),(39,'Maria Schultz','+17603289928','ava.glover@example.net','NP','Colorado','East Itzel','7566 Sigmund Harbor Apt. 710',39,'09493','shipping_address'),(40,'Maria Schultz','+17603289928','ava.glover@example.net','NP','Colorado','East Itzel','7566 Sigmund Harbor Apt. 710',40,'09493','shipping_address'),(41,'Maria Schultz','+17603289928','ava.glover@example.net','NP','Colorado','East Itzel','7566 Sigmund Harbor Apt. 710',41,'09493','shipping_address'),(42,'Maria Schultz','+17603289928','ava.glover@example.net','NP','Colorado','East Itzel','7566 Sigmund Harbor Apt. 710',42,'09493','shipping_address'),(43,'Maria Schultz','+17603289928','ava.glover@example.net','NP','Colorado','East Itzel','7566 Sigmund Harbor Apt. 710',43,'09493','shipping_address'),(44,'Sammie Howell','+16156649870','customer@botble.com','DK','Iowa','Port Adrianna','82808 Tyshawn Row',44,'16741','shipping_address'),(45,'Sammie Howell','+16156649870','customer@botble.com','DK','Iowa','Port Adrianna','82808 Tyshawn Row',45,'16741','shipping_address'),(46,'Maria Schultz','+17603289928','ava.glover@example.net','NP','Colorado','East Itzel','7566 Sigmund Harbor Apt. 710',46,'09493','shipping_address'),(47,'Maria Schultz','+17603289928','ava.glover@example.net','NP','Colorado','East Itzel','7566 Sigmund Harbor Apt. 710',47,'09493','shipping_address'),(48,'Sammie Howell','+16156649870','customer@botble.com','DK','Iowa','Port Adrianna','82808 Tyshawn Row',48,'16741','shipping_address'),(49,'Sammie Howell','+16156649870','customer@botble.com','DK','Iowa','Port Adrianna','82808 Tyshawn Row',49,'16741','shipping_address');
/*!40000 ALTER TABLE `ec_order_addresses` ENABLE KEYS */;
UNLOCK TABLES;

--
-- Table structure for table `ec_order_histories`
--

DROP TABLE IF EXISTS `ec_order_histories`;
/*!40101 SET @saved_cs_client     = @@character_set_client */;
/*!50503 SET character_set_client = utf8mb4 */;
CREATE TABLE `ec_order_histories` (
  `id` bigint unsigned NOT NULL AUTO_INCREMENT,
  `action` varchar(120) COLLATE utf8mb4_unicode_ci NOT NULL,
  `description` varchar(255) COLLATE utf8mb4_unicode_ci NOT NULL,
  `user_id` int unsigned DEFAULT NULL,
  `order_id` int unsigned NOT NULL,
  `extras` text COLLATE utf8mb4_unicode_ci,
  `created_at` timestamp NULL DEFAULT NULL,
  `updated_at` timestamp NULL DEFAULT NULL,
  PRIMARY KEY (`id`)
) ENGINE=InnoDB AUTO_INCREMENT=220 DEFAULT CHARSET=utf8mb4 COLLATE=utf8mb4_unicode_ci;
/*!40101 SET character_set_client = @saved_cs_client */;

--
-- Dumping data for table `ec_order_histories`
--

LOCK TABLES `ec_order_histories` WRITE;
/*!40000 ALTER TABLE `ec_order_histories` DISABLE KEYS */;
INSERT INTO `ec_order_histories` VALUES (1,'create_order_from_seeder','Order is created from the checkout page',NULL,1,NULL,'2022-09-13 17:27:41','2022-09-13 17:27:41'),(2,'confirm_order','Order was verified by %user_name%',0,1,NULL,'2022-09-13 17:27:41','2022-09-13 17:27:41'),(3,'confirm_payment','Payment was confirmed (amount $825.30) by %user_name%',0,1,NULL,'2022-09-22 01:27:43','2022-09-22 01:27:43'),(4,'create_shipment','Created shipment for order',0,1,NULL,'2022-09-22 01:27:43','2022-09-22 01:27:43'),(5,'update_status','Changed status of shipping to: Delivered. Updated by: %user_name%',0,1,NULL,'2022-09-22 01:27:43','2022-09-22 01:27:43'),(6,'create_order_from_seeder','Order is created from the checkout page',NULL,2,NULL,'2022-09-18 17:27:43','2022-09-18 17:27:43'),(7,'confirm_order','Order was verified by %user_name%',0,2,NULL,'2022-09-18 17:27:43','2022-09-18 17:27:43'),(8,'create_shipment','Created shipment for order',0,2,NULL,'2022-09-22 01:27:43','2022-09-22 01:27:43'),(9,'update_status','Changed status of shipping to: Delivered. Updated by: %user_name%',0,2,NULL,'2022-09-22 01:27:43','2022-09-22 01:27:43'),(10,'create_order_from_seeder','Order is created from the checkout page',NULL,3,NULL,'2022-09-20 11:27:43','2022-09-20 11:27:43'),(11,'confirm_order','Order was verified by %user_name%',0,3,NULL,'2022-09-20 11:27:43','2022-09-20 11:27:43'),(12,'confirm_payment','Payment was confirmed (amount $186.00) by %user_name%',0,3,NULL,'2022-09-22 01:27:43','2022-09-22 01:27:43'),(13,'create_shipment','Created shipment for order',0,3,NULL,'2022-09-22 01:27:43','2022-09-22 01:27:43'),(14,'update_status','Changed status of shipping to: Delivered. Updated by: %user_name%',0,3,NULL,'2022-09-22 01:27:43','2022-09-22 01:27:43'),(15,'create_order_from_seeder','Order is created from the checkout page',NULL,4,NULL,'2022-09-18 21:27:43','2022-09-18 21:27:43'),(16,'confirm_order','Order was verified by %user_name%',0,4,NULL,'2022-09-18 21:27:43','2022-09-18 21:27:43'),(17,'confirm_payment','Payment was confirmed (amount $395.30) by %user_name%',0,4,NULL,'2022-09-22 01:27:43','2022-09-22 01:27:43'),(18,'create_shipment','Created shipment for order',0,4,NULL,'2022-09-22 01:27:43','2022-09-22 01:27:43'),(19,'create_order_from_seeder','Order is created from the checkout page',NULL,5,NULL,'2022-09-09 09:27:43','2022-09-09 09:27:43'),(20,'confirm_order','Order was verified by %user_name%',0,5,NULL,'2022-09-09 09:27:43','2022-09-09 09:27:43'),(21,'create_shipment','Created shipment for order',0,5,NULL,'2022-09-22 01:27:43','2022-09-22 01:27:43'),(22,'update_status','Changed status of shipping to: Delivered. Updated by: %user_name%',0,5,NULL,'2022-09-22 01:27:43','2022-09-22 01:27:43'),(23,'create_order_from_seeder','Order is created from the checkout page',NULL,6,NULL,'2022-09-19 01:27:43','2022-09-19 01:27:43'),(24,'confirm_order','Order was verified by %user_name%',0,6,NULL,'2022-09-19 01:27:43','2022-09-19 01:27:43'),(25,'confirm_payment','Payment was confirmed (amount $241.80) by %user_name%',0,6,NULL,'2022-09-22 01:27:43','2022-09-22 01:27:43'),(26,'create_shipment','Created shipment for order',0,6,NULL,'2022-09-22 01:27:43','2022-09-22 01:27:43'),(27,'create_order_from_seeder','Order is created from the checkout page',NULL,7,NULL,'2022-09-19 01:27:44','2022-09-19 01:27:44'),(28,'confirm_order','Order was verified by %user_name%',0,7,NULL,'2022-09-19 01:27:44','2022-09-19 01:27:44'),(29,'create_shipment','Created shipment for order',0,7,NULL,'2022-09-22 01:27:47','2022-09-22 01:27:47'),(30,'create_order_from_seeder','Order is created from the checkout page',NULL,8,NULL,'2022-09-08 13:27:47','2022-09-08 13:27:47'),(31,'confirm_order','Order was verified by %user_name%',0,8,NULL,'2022-09-08 13:27:47','2022-09-08 13:27:47'),(32,'create_shipment','Created shipment for order',0,8,NULL,'2022-09-22 01:27:47','2022-09-22 01:27:47'),(33,'update_status','Changed status of shipping to: Delivered. Updated by: %user_name%',0,8,NULL,'2022-09-22 01:27:47','2022-09-22 01:27:47'),(34,'create_order_from_seeder','Order is created from the checkout page',NULL,9,NULL,'2022-09-09 07:27:47','2022-09-09 07:27:47'),(35,'confirm_order','Order was verified by %user_name%',0,9,NULL,'2022-09-09 07:27:47','2022-09-09 07:27:47'),(36,'create_shipment','Created shipment for order',0,9,NULL,'2022-09-22 01:27:48','2022-09-22 01:27:48'),(37,'update_status','Changed status of shipping to: Delivered. Updated by: %user_name%',0,9,NULL,'2022-09-22 01:27:48','2022-09-22 01:27:48'),(38,'create_order_from_seeder','Order is created from the checkout page',NULL,10,NULL,'2022-09-07 21:27:48','2022-09-07 21:27:48'),(39,'confirm_order','Order was verified by %user_name%',0,10,NULL,'2022-09-07 21:27:48','2022-09-07 21:27:48'),(40,'create_shipment','Created shipment for order',0,10,NULL,'2022-09-22 01:27:49','2022-09-22 01:27:49'),(41,'update_status','Changed status of shipping to: Delivered. Updated by: %user_name%',0,10,NULL,'2022-09-22 01:27:49','2022-09-22 01:27:49'),(42,'create_order_from_seeder','Order is created from the checkout page',NULL,11,NULL,'2022-09-14 01:27:49','2022-09-14 01:27:49'),(43,'confirm_order','Order was verified by %user_name%',0,11,NULL,'2022-09-14 01:27:49','2022-09-14 01:27:49'),(44,'confirm_payment','Payment was confirmed (amount $139.70) by %user_name%',0,11,NULL,'2022-09-22 01:27:50','2022-09-22 01:27:50'),(45,'create_shipment','Created shipment for order',0,11,NULL,'2022-09-22 01:27:50','2022-09-22 01:27:50'),(46,'update_status','Changed status of shipping to: Delivered. Updated by: %user_name%',0,11,NULL,'2022-09-22 01:27:50','2022-09-22 01:27:50'),(47,'create_order_from_seeder','Order is created from the checkout page',NULL,12,NULL,'2022-09-16 17:27:50','2022-09-16 17:27:50'),(48,'confirm_order','Order was verified by %user_name%',0,12,NULL,'2022-09-16 17:27:50','2022-09-16 17:27:50'),(49,'confirm_payment','Payment was confirmed (amount $254.10) by %user_name%',0,12,NULL,'2022-09-22 01:27:50','2022-09-22 01:27:50'),(50,'create_shipment','Created shipment for order',0,12,NULL,'2022-09-22 01:27:50','2022-09-22 01:27:50'),(51,'create_order_from_seeder','Order is created from the checkout page',NULL,13,NULL,'2022-09-19 13:27:50','2022-09-19 13:27:50'),(52,'confirm_order','Order was verified by %user_name%',0,13,NULL,'2022-09-19 13:27:50','2022-09-19 13:27:50'),(53,'create_shipment','Created shipment for order',0,13,NULL,'2022-09-22 01:27:50','2022-09-22 01:27:50'),(54,'create_order_from_seeder','Order is created from the checkout page',NULL,14,NULL,'2022-09-15 19:27:51','2022-09-15 19:27:51'),(55,'confirm_order','Order was verified by %user_name%',0,14,NULL,'2022-09-15 19:27:51','2022-09-15 19:27:51'),(56,'create_shipment','Created shipment for order',0,14,NULL,'2022-09-22 01:27:54','2022-09-22 01:27:54'),(57,'update_status','Changed status of shipping to: Delivered. Updated by: %user_name%',0,14,NULL,'2022-09-22 01:27:54','2022-09-22 01:27:54'),(58,'create_order_from_seeder','Order is created from the checkout page',NULL,15,NULL,'2022-09-17 09:27:54','2022-09-17 09:27:54'),(59,'confirm_order','Order was verified by %user_name%',0,15,NULL,'2022-09-17 09:27:54','2022-09-17 09:27:54'),(60,'confirm_payment','Payment was confirmed (amount $137.50) by %user_name%',0,15,NULL,'2022-09-22 01:27:55','2022-09-22 01:27:55'),(61,'create_shipment','Created shipment for order',0,15,NULL,'2022-09-22 01:27:55','2022-09-22 01:27:55'),(62,'update_status','Changed status of shipping to: Delivered. Updated by: %user_name%',0,15,NULL,'2022-09-22 01:27:55','2022-09-22 01:27:55'),(63,'create_order_from_seeder','Order is created from the checkout page',NULL,16,NULL,'2022-09-16 05:27:55','2022-09-16 05:27:55'),(64,'confirm_order','Order was verified by %user_name%',0,16,NULL,'2022-09-16 05:27:55','2022-09-16 05:27:55'),(65,'confirm_payment','Payment was confirmed (amount $133.10) by %user_name%',0,16,NULL,'2022-09-22 01:27:55','2022-09-22 01:27:55'),(66,'create_shipment','Created shipment for order',0,16,NULL,'2022-09-22 01:27:55','2022-09-22 01:27:55'),(67,'create_order_from_seeder','Order is created from the checkout page',NULL,17,NULL,'2022-09-18 13:27:55','2022-09-18 13:27:55'),(68,'confirm_order','Order was verified by %user_name%',0,17,NULL,'2022-09-18 13:27:55','2022-09-18 13:27:55'),(69,'confirm_payment','Payment was confirmed (amount $125.40) by %user_name%',0,17,NULL,'2022-09-22 01:27:55','2022-09-22 01:27:55'),(70,'create_shipment','Created shipment for order',0,17,NULL,'2022-09-22 01:27:55','2022-09-22 01:27:55'),(71,'update_status','Changed status of shipping to: Delivered. Updated by: %user_name%',0,17,NULL,'2022-09-22 01:27:55','2022-09-22 01:27:55'),(72,'create_order_from_seeder','Order is created from the checkout page',NULL,18,NULL,'2022-09-16 15:27:55','2022-09-16 15:27:55'),(73,'confirm_order','Order was verified by %user_name%',0,18,NULL,'2022-09-16 15:27:55','2022-09-16 15:27:55'),(74,'confirm_payment','Payment was confirmed (amount $85.80) by %user_name%',0,18,NULL,'2022-09-22 01:27:55','2022-09-22 01:27:55'),(75,'create_shipment','Created shipment for order',0,18,NULL,'2022-09-22 01:27:55','2022-09-22 01:27:55'),(76,'create_order_from_seeder','Order is created from the checkout page',NULL,19,NULL,'2022-09-11 05:27:55','2022-09-11 05:27:55'),(77,'confirm_order','Order was verified by %user_name%',0,19,NULL,'2022-09-11 05:27:55','2022-09-11 05:27:55'),(78,'confirm_payment','Payment was confirmed (amount $264.60) by %user_name%',0,19,NULL,'2022-09-22 01:27:55','2022-09-22 01:27:55'),(79,'create_shipment','Created shipment for order',0,19,NULL,'2022-09-22 01:27:55','2022-09-22 01:27:55'),(80,'create_order_from_seeder','Order is created from the checkout page',NULL,20,NULL,'2022-09-19 01:27:55','2022-09-19 01:27:55'),(81,'confirm_order','Order was verified by %user_name%',0,20,NULL,'2022-09-19 01:27:55','2022-09-19 01:27:55'),(82,'confirm_payment','Payment was confirmed (amount $396.80) by %user_name%',0,20,NULL,'2022-09-22 01:27:55','2022-09-22 01:27:55'),(83,'create_shipment','Created shipment for order',0,20,NULL,'2022-09-22 01:27:55','2022-09-22 01:27:55'),(84,'create_order_from_seeder','Order is created from the checkout page',NULL,21,NULL,'2022-09-20 01:27:55','2022-09-20 01:27:55'),(85,'confirm_order','Order was verified by %user_name%',0,21,NULL,'2022-09-20 01:27:55','2022-09-20 01:27:55'),(86,'confirm_payment','Payment was confirmed (amount $137.50) by %user_name%',0,21,NULL,'2022-09-22 01:27:55','2022-09-22 01:27:55'),(87,'create_shipment','Created shipment for order',0,21,NULL,'2022-09-22 01:27:55','2022-09-22 01:27:55'),(88,'update_status','Changed status of shipping to: Delivered. Updated by: %user_name%',0,21,NULL,'2022-09-22 01:27:55','2022-09-22 01:27:55'),(89,'create_order_from_seeder','Order is created from the checkout page',NULL,22,NULL,'2022-09-17 01:27:56','2022-09-17 01:27:56'),(90,'confirm_order','Order was verified by %user_name%',0,22,NULL,'2022-09-17 01:27:56','2022-09-17 01:27:56'),(91,'confirm_payment','Payment was confirmed (amount $541.80) by %user_name%',0,22,NULL,'2022-09-22 01:27:56','2022-09-22 01:27:56'),(92,'create_shipment','Created shipment for order',0,22,NULL,'2022-09-22 01:27:56','2022-09-22 01:27:56'),(93,'create_order_from_seeder','Order is created from the checkout page',NULL,23,NULL,'2022-09-14 17:27:56','2022-09-14 17:27:56'),(94,'confirm_order','Order was verified by %user_name%',0,23,NULL,'2022-09-14 17:27:56','2022-09-14 17:27:56'),(95,'create_shipment','Created shipment for order',0,23,NULL,'2022-09-22 01:27:56','2022-09-22 01:27:56'),(96,'update_status','Changed status of shipping to: Delivered. Updated by: %user_name%',0,23,NULL,'2022-09-22 01:27:56','2022-09-22 01:27:56'),(97,'create_order_from_seeder','Order is created from the checkout page',NULL,24,NULL,'2022-09-13 19:27:56','2022-09-13 19:27:56'),(98,'confirm_order','Order was verified by %user_name%',0,24,NULL,'2022-09-13 19:27:56','2022-09-13 19:27:56'),(99,'create_shipment','Created shipment for order',0,24,NULL,'2022-09-22 01:27:56','2022-09-22 01:27:56'),(100,'update_status','Changed status of shipping to: Delivered. Updated by: %user_name%',0,24,NULL,'2022-09-22 01:27:56','2022-09-22 01:27:56'),(101,'create_order_from_seeder','Order is created from the checkout page',NULL,25,NULL,'2022-09-15 09:27:56','2022-09-15 09:27:56'),(102,'confirm_order','Order was verified by %user_name%',0,25,NULL,'2022-09-15 09:27:56','2022-09-15 09:27:56'),(103,'confirm_payment','Payment was confirmed (amount $390.60) by %user_name%',0,25,NULL,'2022-09-22 01:27:56','2022-09-22 01:27:56'),(104,'create_shipment','Created shipment for order',0,25,NULL,'2022-09-22 01:27:56','2022-09-22 01:27:56'),(105,'update_status','Changed status of shipping to: Delivered. Updated by: %user_name%',0,25,NULL,'2022-09-22 01:27:56','2022-09-22 01:27:56'),(106,'create_order_from_seeder','Order is created from the checkout page',NULL,26,NULL,'2022-09-18 17:27:56','2022-09-18 17:27:56'),(107,'confirm_order','Order was verified by %user_name%',0,26,NULL,'2022-09-18 17:27:56','2022-09-18 17:27:56'),(108,'confirm_payment','Payment was confirmed (amount $125.40) by %user_name%',0,26,NULL,'2022-09-22 01:27:56','2022-09-22 01:27:56'),(109,'create_shipment','Created shipment for order',0,26,NULL,'2022-09-22 01:27:56','2022-09-22 01:27:56'),(110,'update_status','Changed status of shipping to: Delivered. Updated by: %user_name%',0,26,NULL,'2022-09-22 01:27:56','2022-09-22 01:27:56'),(111,'create_order_from_seeder','Order is created from the checkout page',NULL,27,NULL,'2022-09-15 09:27:56','2022-09-15 09:27:56'),(112,'confirm_order','Order was verified by %user_name%',0,27,NULL,'2022-09-15 09:27:56','2022-09-15 09:27:56'),(113,'create_shipment','Created shipment for order',0,27,NULL,'2022-09-22 01:27:56','2022-09-22 01:27:56'),(114,'create_order_from_seeder','Order is created from the checkout page',NULL,28,NULL,'2022-09-16 01:27:56','2022-09-16 01:27:56'),(115,'confirm_order','Order was verified by %user_name%',0,28,NULL,'2022-09-16 01:27:56','2022-09-16 01:27:56'),(116,'confirm_payment','Payment was confirmed (amount $241.50) by %user_name%',0,28,NULL,'2022-09-22 01:27:56','2022-09-22 01:27:56'),(117,'create_shipment','Created shipment for order',0,28,NULL,'2022-09-22 01:27:56','2022-09-22 01:27:56'),(118,'create_order_from_seeder','Order is created from the checkout page',NULL,29,NULL,'2022-09-18 07:27:56','2022-09-18 07:27:56'),(119,'confirm_order','Order was verified by %user_name%',0,29,NULL,'2022-09-18 07:27:56','2022-09-18 07:27:56'),(120,'create_shipment','Created shipment for order',0,29,NULL,'2022-09-22 01:27:56','2022-09-22 01:27:56'),(121,'update_status','Changed status of shipping to: Delivered. Updated by: %user_name%',0,29,NULL,'2022-09-22 01:27:56','2022-09-22 01:27:56'),(122,'create_order_from_seeder','Order is created from the checkout page',NULL,30,NULL,'2022-09-17 13:27:56','2022-09-17 13:27:56'),(123,'confirm_order','Order was verified by %user_name%',0,30,NULL,'2022-09-17 13:27:56','2022-09-17 13:27:56'),(124,'create_shipment','Created shipment for order',0,30,NULL,'2022-09-22 01:27:56','2022-09-22 01:27:56'),(125,'update_status','Changed status of shipping to: Delivered. Updated by: %user_name%',0,30,NULL,'2022-09-22 01:27:56','2022-09-22 01:27:56'),(126,'create_order_from_seeder','Order is created from the checkout page',NULL,31,NULL,'2022-09-17 09:27:56','2022-09-17 09:27:56'),(127,'confirm_order','Order was verified by %user_name%',0,31,NULL,'2022-09-17 09:27:56','2022-09-17 09:27:56'),(128,'create_shipment','Created shipment for order',0,31,NULL,'2022-09-22 01:27:56','2022-09-22 01:27:56'),(129,'create_order_from_seeder','Order is created from the checkout page',NULL,32,NULL,'2022-09-20 17:27:56','2022-09-20 17:27:56'),(130,'confirm_order','Order was verified by %user_name%',0,32,NULL,'2022-09-20 17:27:56','2022-09-20 17:27:56'),(131,'confirm_payment','Payment was confirmed (amount $258.30) by %user_name%',0,32,NULL,'2022-09-22 01:27:56','2022-09-22 01:27:56'),(132,'create_shipment','Created shipment for order',0,32,NULL,'2022-09-22 01:27:56','2022-09-22 01:27:56'),(133,'update_status','Changed status of shipping to: Delivered. Updated by: %user_name%',0,32,NULL,'2022-09-22 01:27:56','2022-09-22 01:27:56'),(134,'create_order_from_seeder','Order is created from the checkout page',NULL,33,NULL,'2022-09-21 11:27:56','2022-09-21 11:27:56'),(135,'confirm_order','Order was verified by %user_name%',0,33,NULL,'2022-09-21 11:27:56','2022-09-21 11:27:56'),(136,'confirm_payment','Payment was confirmed (amount $387.50) by %user_name%',0,33,NULL,'2022-09-22 01:27:56','2022-09-22 01:27:56'),(137,'create_shipment','Created shipment for order',0,33,NULL,'2022-09-22 01:27:56','2022-09-22 01:27:56'),(138,'create_order_from_seeder','Order is created from the checkout page',NULL,34,NULL,'2022-09-19 17:27:56','2022-09-19 17:27:56'),(139,'confirm_order','Order was verified by %user_name%',0,34,NULL,'2022-09-19 17:27:56','2022-09-19 17:27:56'),(140,'create_shipment','Created shipment for order',0,34,NULL,'2022-09-22 01:27:56','2022-09-22 01:27:56'),(141,'create_order_from_seeder','Order is created from the checkout page',NULL,35,NULL,'2022-09-18 01:27:56','2022-09-18 01:27:56'),(142,'confirm_order','Order was verified by %user_name%',0,35,NULL,'2022-09-18 01:27:56','2022-09-18 01:27:56'),(143,'confirm_payment','Payment was confirmed (amount $1,042.50) by %user_name%',0,35,NULL,'2022-09-22 01:27:56','2022-09-22 01:27:56'),(144,'create_shipment','Created shipment for order',0,35,NULL,'2022-09-22 01:27:56','2022-09-22 01:27:56'),(145,'create_order_from_seeder','Order is created from the checkout page',NULL,36,NULL,'2022-09-17 13:27:56','2022-09-17 13:27:56'),(146,'confirm_order','Order was verified by %user_name%',0,36,NULL,'2022-09-17 13:27:56','2022-09-17 13:27:56'),(147,'confirm_payment','Payment was confirmed (amount $266.70) by %user_name%',0,36,NULL,'2022-09-22 01:27:57','2022-09-22 01:27:57'),(148,'create_shipment','Created shipment for order',0,36,NULL,'2022-09-22 01:27:57','2022-09-22 01:27:57'),(149,'create_order_from_seeder','Order is created from the checkout page',NULL,37,NULL,'2022-09-17 13:27:57','2022-09-17 13:27:57'),(150,'confirm_order','Order was verified by %user_name%',0,37,NULL,'2022-09-17 13:27:57','2022-09-17 13:27:57'),(151,'confirm_payment','Payment was confirmed (amount $396.80) by %user_name%',0,37,NULL,'2022-09-22 01:27:57','2022-09-22 01:27:57'),(152,'create_shipment','Created shipment for order',0,37,NULL,'2022-09-22 01:27:57','2022-09-22 01:27:57'),(153,'update_status','Changed status of shipping to: Delivered. Updated by: %user_name%',0,37,NULL,'2022-09-22 01:27:57','2022-09-22 01:27:57'),(154,'create_order_from_seeder','Order is created from the checkout page',NULL,38,NULL,'2022-09-20 09:27:57','2022-09-20 09:27:57'),(155,'confirm_order','Order was verified by %user_name%',0,38,NULL,'2022-09-20 09:27:57','2022-09-20 09:27:57'),(156,'confirm_payment','Payment was confirmed (amount $1,171.10) by %user_name%',0,38,NULL,'2022-09-22 01:27:57','2022-09-22 01:27:57'),(157,'create_shipment','Created shipment for order',0,38,NULL,'2022-09-22 01:27:57','2022-09-22 01:27:57'),(158,'update_status','Changed status of shipping to: Delivered. Updated by: %user_name%',0,38,NULL,'2022-09-22 01:27:57','2022-09-22 01:27:57'),(159,'create_order_from_seeder','Order is created from the checkout page',NULL,39,NULL,'2022-09-21 05:27:57','2022-09-21 05:27:57'),(160,'confirm_order','Order was verified by %user_name%',0,39,NULL,'2022-09-21 05:27:57','2022-09-21 05:27:57'),(161,'create_shipment','Created shipment for order',0,39,NULL,'2022-09-22 01:27:57','2022-09-22 01:27:57'),(162,'update_status','Changed status of shipping to: Delivered. Updated by: %user_name%',0,39,NULL,'2022-09-22 01:27:57','2022-09-22 01:27:57'),(163,'create_order_from_seeder','Order is created from the checkout page',NULL,40,NULL,'2022-09-19 01:27:57','2022-09-19 01:27:57'),(164,'confirm_order','Order was verified by %user_name%',0,40,NULL,'2022-09-19 01:27:57','2022-09-19 01:27:57'),(165,'create_shipment','Created shipment for order',0,40,NULL,'2022-09-22 01:27:57','2022-09-22 01:27:57'),(166,'update_status','Changed status of shipping to: Delivered. Updated by: %user_name%',0,40,NULL,'2022-09-22 01:27:57','2022-09-22 01:27:57'),(167,'create_order_from_seeder','Order is created from the checkout page',NULL,41,NULL,'2022-09-21 17:27:57','2022-09-21 17:27:57'),(168,'confirm_order','Order was verified by %user_name%',0,41,NULL,'2022-09-21 17:27:57','2022-09-21 17:27:57'),(169,'confirm_payment','Payment was confirmed (amount $387.50) by %user_name%',0,41,NULL,'2022-09-22 01:27:57','2022-09-22 01:27:57'),(170,'create_shipment','Created shipment for order',0,41,NULL,'2022-09-22 01:27:57','2022-09-22 01:27:57'),(171,'update_status','Changed status of shipping to: Delivered. Updated by: %user_name%',0,41,NULL,'2022-09-22 01:27:57','2022-09-22 01:27:57'),(172,'create_order_from_seeder','Order is created from the checkout page',NULL,42,NULL,'2022-09-21 09:27:57','2022-09-21 09:27:57'),(173,'confirm_order','Order was verified by %user_name%',0,42,NULL,'2022-09-21 09:27:57','2022-09-21 09:27:57'),(174,'confirm_payment','Payment was confirmed (amount $254.10) by %user_name%',0,42,NULL,'2022-09-22 01:27:57','2022-09-22 01:27:57'),(175,'create_shipment','Created shipment for order',0,42,NULL,'2022-09-22 01:27:57','2022-09-22 01:27:57'),(176,'create_order_from_seeder','Order is created from the checkout page',NULL,43,NULL,'2022-09-21 09:27:57','2022-09-21 09:27:57'),(177,'confirm_order','Order was verified by %user_name%',0,43,NULL,'2022-09-21 09:27:57','2022-09-21 09:27:57'),(178,'create_shipment','Created shipment for order',0,43,NULL,'2022-09-22 01:27:57','2022-09-22 01:27:57'),(179,'create_order_from_seeder','Order is created from the checkout page',NULL,44,NULL,'2022-09-20 13:27:57','2022-09-20 13:27:57'),(180,'confirm_order','Order was verified by %user_name%',0,44,NULL,'2022-09-20 13:27:57','2022-09-20 13:27:57'),(181,'confirm_payment','Payment was confirmed (amount $262.50) by %user_name%',0,44,NULL,'2022-09-22 01:27:57','2022-09-22 01:27:57'),(182,'create_shipment','Created shipment for order',0,44,NULL,'2022-09-22 01:27:57','2022-09-22 01:27:57'),(183,'update_status','Changed status of shipping to: Delivered. Updated by: %user_name%',0,44,NULL,'2022-09-22 01:27:57','2022-09-22 01:27:57'),(184,'create_order_from_seeder','Order is created from the checkout page',NULL,45,NULL,'2022-09-21 19:27:57','2022-09-21 19:27:57'),(185,'confirm_order','Order was verified by %user_name%',0,45,NULL,'2022-09-21 19:27:57','2022-09-21 19:27:57'),(186,'create_shipment','Created shipment for order',0,45,NULL,'2022-09-22 01:27:57','2022-09-22 01:27:57'),(187,'create_order_from_seeder','Order is created from the checkout page',NULL,46,NULL,'2022-09-21 13:27:57','2022-09-21 13:27:57'),(188,'confirm_order','Order was verified by %user_name%',0,46,NULL,'2022-09-21 13:27:57','2022-09-21 13:27:57'),(189,'confirm_payment','Payment was confirmed (amount $348.70) by %user_name%',0,46,NULL,'2022-09-22 01:27:57','2022-09-22 01:27:57'),(190,'create_shipment','Created shipment for order',0,46,NULL,'2022-09-22 01:27:57','2022-09-22 01:27:57'),(191,'create_order_from_seeder','Order is created from the checkout page',NULL,47,NULL,'2022-09-21 05:27:57','2022-09-21 05:27:57'),(192,'confirm_order','Order was verified by %user_name%',0,47,NULL,'2022-09-21 05:27:57','2022-09-21 05:27:57'),(193,'confirm_payment','Payment was confirmed (amount $610.60) by %user_name%',0,47,NULL,'2022-09-22 01:27:57','2022-09-22 01:27:57'),(194,'create_shipment','Created shipment for order',0,47,NULL,'2022-09-22 01:27:57','2022-09-22 01:27:57'),(195,'create_order_from_seeder','Order is created from the checkout page',NULL,48,NULL,'2022-09-21 11:27:57','2022-09-21 11:27:57'),(196,'confirm_order','Order was verified by %user_name%',0,48,NULL,'2022-09-21 11:27:57','2022-09-21 11:27:57'),(197,'confirm_payment','Payment was confirmed (amount $530.50) by %user_name%',0,48,NULL,'2022-09-22 01:27:57','2022-09-22 01:27:57'),(198,'create_shipment','Created shipment for order',0,48,NULL,'2022-09-22 01:27:57','2022-09-22 01:27:57'),(199,'update_status','Changed status of shipping to: Delivered. Updated by: %user_name%',0,48,NULL,'2022-09-22 01:27:57','2022-09-22 01:27:57'),(200,'create_order_from_seeder','Order is created from the checkout page',NULL,49,NULL,'2022-09-21 19:27:57','2022-09-21 19:27:57'),(201,'confirm_order','Order was verified by %user_name%',0,49,NULL,'2022-09-21 19:27:57','2022-09-21 19:27:57'),(202,'confirm_payment','Payment was confirmed (amount $537.60) by %user_name%',0,49,NULL,'2022-09-22 01:27:57','2022-09-22 01:27:57'),(203,'create_shipment','Created shipment for order',0,49,NULL,'2022-09-22 01:27:57','2022-09-22 01:27:57'),(204,'update_status','Changed status of shipping to: Delivered. Updated by: %user_name%',0,49,NULL,'2022-09-22 01:27:57','2022-09-22 01:27:57'),(205,'update_status','Order confirmed by %user_name%',0,1,NULL,'2022-09-22 01:27:57','2022-09-22 01:27:57'),(206,'update_status','Order confirmed by %user_name%',0,3,NULL,'2022-09-22 01:27:58','2022-09-22 01:27:58'),(207,'update_status','Order confirmed by %user_name%',0,11,NULL,'2022-09-22 01:27:58','2022-09-22 01:27:58'),(208,'update_status','Order confirmed by %user_name%',0,15,NULL,'2022-09-22 01:27:58','2022-09-22 01:27:58'),(209,'update_status','Order confirmed by %user_name%',0,17,NULL,'2022-09-22 01:27:58','2022-09-22 01:27:58'),(210,'update_status','Order confirmed by %user_name%',0,21,NULL,'2022-09-22 01:27:59','2022-09-22 01:27:59'),(211,'update_status','Order confirmed by %user_name%',0,25,NULL,'2022-09-22 01:27:59','2022-09-22 01:27:59'),(212,'update_status','Order confirmed by %user_name%',0,26,NULL,'2022-09-22 01:27:59','2022-09-22 01:27:59'),(213,'update_status','Order confirmed by %user_name%',0,32,NULL,'2022-09-22 01:27:59','2022-09-22 01:27:59'),(214,'update_status','Order confirmed by %user_name%',0,37,NULL,'2022-09-22 01:28:00','2022-09-22 01:28:00'),(215,'update_status','Order confirmed by %user_name%',0,38,NULL,'2022-09-22 01:28:00','2022-09-22 01:28:00'),(216,'update_status','Order confirmed by %user_name%',0,41,NULL,'2022-09-22 01:28:00','2022-09-22 01:28:00'),(217,'update_status','Order confirmed by %user_name%',0,44,NULL,'2022-09-22 01:28:01','2022-09-22 01:28:01'),(218,'update_status','Order confirmed by %user_name%',0,48,NULL,'2022-09-22 01:28:02','2022-09-22 01:28:02'),(219,'update_status','Order confirmed by %user_name%',0,49,NULL,'2022-09-22 01:28:02','2022-09-22 01:28:02');
/*!40000 ALTER TABLE `ec_order_histories` ENABLE KEYS */;
UNLOCK TABLES;

--
-- Table structure for table `ec_order_product`
--

DROP TABLE IF EXISTS `ec_order_product`;
/*!40101 SET @saved_cs_client     = @@character_set_client */;
/*!50503 SET character_set_client = utf8mb4 */;
CREATE TABLE `ec_order_product` (
  `id` bigint unsigned NOT NULL AUTO_INCREMENT,
  `order_id` int unsigned NOT NULL,
  `qty` int NOT NULL,
  `price` decimal(15,2) NOT NULL,
  `tax_amount` decimal(15,2) NOT NULL,
  `options` text COLLATE utf8mb4_unicode_ci,
  `product_id` int unsigned DEFAULT NULL,
  `product_name` varchar(191) COLLATE utf8mb4_unicode_ci NOT NULL,
  `weight` double(8,2) DEFAULT '0.00',
  `restock_quantity` int unsigned DEFAULT '0',
  `created_at` timestamp NULL DEFAULT NULL,
  `updated_at` timestamp NULL DEFAULT NULL,
  `product_type` varchar(60) COLLATE utf8mb4_unicode_ci NOT NULL DEFAULT 'physical',
  `times_downloaded` int NOT NULL DEFAULT '0',
  PRIMARY KEY (`id`)
) ENGINE=InnoDB AUTO_INCREMENT=63 DEFAULT CHARSET=utf8mb4 COLLATE=utf8mb4_unicode_ci;
/*!40101 SET character_set_client = @saved_cs_client */;

--
-- Dumping data for table `ec_order_product`
--

LOCK TABLES `ec_order_product` WRITE;
/*!40000 ALTER TABLE `ec_order_product` DISABLE KEYS */;
INSERT INTO `ec_order_product` VALUES (1,1,2,393.00,39.30,'[]',26,'All Natural Italian-Style Chicken Meatballs',1134.00,0,'2022-09-22 01:27:41','2022-09-22 01:27:41','physical',0),(2,2,2,130.00,13.00,'[]',39,'Encore Seafoods Stuffed Alaskan',1680.00,0,'2022-09-22 01:27:43','2022-09-22 01:27:43','physical',0),(3,3,3,60.00,6.00,'[]',33,'Chobani Complete Vanilla Greek',2154.00,0,'2022-09-22 01:27:43','2022-09-22 01:27:43','physical',0),(4,4,1,115.00,11.50,'[]',43,'Gorton’s Beer Battered Fish Fillets',652.00,0,'2022-09-22 01:27:43','2022-09-22 01:27:43','physical',0),(5,4,2,128.00,12.80,'[]',65,'Foster Farms Takeout Crispy Classic Buffalo Wings',1396.00,0,'2022-09-22 01:27:43','2022-09-22 01:27:43','physical',0),(6,5,3,127.00,12.70,'[]',75,'Perdue Simply Smart Organics Gluten Free',2460.00,0,'2022-09-22 01:27:43','2022-09-22 01:27:43','physical',0),(7,6,3,78.00,7.80,'[]',30,'Foster Farms Takeout Crispy Classic',1851.00,0,'2022-09-22 01:27:43','2022-09-22 01:27:43','physical',0),(8,7,1,465.00,46.50,'[]',45,'Haagen-Dazs Caramel Cone Ice Cream',642.00,0,'2022-09-22 01:27:44','2022-09-22 01:27:44','physical',0),(9,7,1,126.00,12.60,'[]',53,'Pepperidge Farm Farmhouse Hearty White Bread',738.00,0,'2022-09-22 01:27:44','2022-09-22 01:27:44','physical',0),(10,8,3,127.00,12.70,'[]',47,'Nestle Original Coffee-Mate Coffee Creamer',2061.00,0,'2022-09-22 01:27:47','2022-09-22 01:27:47','physical',0),(11,9,3,126.00,12.60,'[]',54,'Pepperidge Farm Farmhouse Hearty White Bread',2214.00,0,'2022-09-22 01:27:47','2022-09-22 01:27:47','physical',0),(12,10,2,129.00,12.90,'[]',86,'Signature Wood-Fired Mushroom and Caramelized',1724.00,0,'2022-09-22 01:27:48','2022-09-22 01:27:48','physical',0),(13,11,1,127.00,12.70,'[]',47,'Nestle Original Coffee-Mate Coffee Creamer',687.00,0,'2022-09-22 01:27:49','2022-09-22 01:27:49','physical',0),(14,12,2,121.00,12.10,'[]',51,'Naturally Flavored Cinnamon Vanilla Light Roast Coffee',1644.00,0,'2022-09-22 01:27:50','2022-09-22 01:27:50','physical',0),(15,13,1,332.00,33.20,'[]',29,'Angie’s Boomchickapop Sweet & Salty Kettle Corn',753.00,0,'2022-09-22 01:27:50','2022-09-22 01:27:50','physical',0),(16,13,2,130.00,13.00,'[]',85,'Colorful Banana',1002.00,0,'2022-09-22 01:27:50','2022-09-22 01:27:50','physical',0),(17,14,3,128.00,12.80,'[]',62,'Foster Farms Takeout Crispy Classic Buffalo Wings',2094.00,0,'2022-09-22 01:27:52','2022-09-22 01:27:52','physical',0),(18,14,2,114.00,11.40,'[]',67,'Angie’s Boomchickapop Sweet & Salty Kettle Corn',1086.00,0,'2022-09-22 01:27:52','2022-09-22 01:27:52','physical',0),(19,15,1,125.00,12.50,'[]',36,'Canada Dry Ginger Ale – 2 L Bottle',844.00,0,'2022-09-22 01:27:54','2022-09-22 01:27:54','physical',0),(20,16,1,121.00,12.10,'[]',59,'Oroweat Country Buttermilk Bread',864.00,0,'2022-09-22 01:27:55','2022-09-22 01:27:55','physical',0),(21,17,1,114.00,11.40,'[]',68,'Angie’s Boomchickapop Sweet & Salty Kettle Corn',543.00,0,'2022-09-22 01:27:55','2022-09-22 01:27:55','physical',0),(22,18,1,78.00,7.80,'[]',30,'Foster Farms Takeout Crispy Classic',617.00,0,'2022-09-22 01:27:55','2022-09-22 01:27:55','physical',0),(23,19,2,126.00,12.60,'[]',54,'Pepperidge Farm Farmhouse Hearty White Bread',1476.00,0,'2022-09-22 01:27:55','2022-09-22 01:27:55','physical',0),(24,20,3,128.00,12.80,'[]',66,'Foster Farms Takeout Crispy Classic Buffalo Wings',2094.00,0,'2022-09-22 01:27:55','2022-09-22 01:27:55','physical',0),(25,21,1,125.00,12.50,'[]',72,'Simply Lemonade with Raspberry Juice',847.00,0,'2022-09-22 01:27:55','2022-09-22 01:27:55','physical',0),(26,22,2,129.00,12.90,'[]',76,'Chen Watermelon',1316.00,0,'2022-09-22 01:27:56','2022-09-22 01:27:56','physical',0),(27,22,2,129.00,12.90,'[]',86,'Signature Wood-Fired Mushroom and Caramelized',1724.00,0,'2022-09-22 01:27:56','2022-09-22 01:27:56','physical',0),(28,23,2,125.00,12.50,'[]',57,'Organic Frozen Triple Berry Blend',1292.00,0,'2022-09-22 01:27:56','2022-09-22 01:27:56','physical',0),(29,24,1,129.00,12.90,'[]',76,'Chen Watermelon',658.00,0,'2022-09-22 01:27:56','2022-09-22 01:27:56','physical',0),(30,25,3,126.00,12.60,'[]',53,'Pepperidge Farm Farmhouse Hearty White Bread',2214.00,0,'2022-09-22 01:27:56','2022-09-22 01:27:56','physical',0),(31,26,1,114.00,11.40,'[]',67,'Angie’s Boomchickapop Sweet & Salty Kettle Corn',543.00,0,'2022-09-22 01:27:56','2022-09-22 01:27:56','physical',0),(32,27,1,129.00,12.90,'[]',87,'Signature Wood-Fired Mushroom and Caramelized',862.00,0,'2022-09-22 01:27:56','2022-09-22 01:27:56','physical',0),(33,28,2,115.00,11.50,'[]',44,'Gorton’s Beer Battered Fish Fillets',1304.00,0,'2022-09-22 01:27:56','2022-09-22 01:27:56','physical',0),(34,29,2,126.00,12.60,'[]',54,'Pepperidge Farm Farmhouse Hearty White Bread',1476.00,0,'2022-09-22 01:27:56','2022-09-22 01:27:56','physical',0),(35,30,2,123.00,12.30,'[]',80,'Organic Cage-Free Grade A Large Brown Eggs',1744.00,0,'2022-09-22 01:27:56','2022-09-22 01:27:56','physical',0),(36,31,2,128.00,12.80,'[]',62,'Foster Farms Takeout Crispy Classic Buffalo Wings',1396.00,0,'2022-09-22 01:27:56','2022-09-22 01:27:56','physical',0),(37,31,2,128.00,12.80,'[]',63,'Foster Farms Takeout Crispy Classic Buffalo Wings',1396.00,0,'2022-09-22 01:27:56','2022-09-22 01:27:56','physical',0),(38,32,2,123.00,12.30,'[]',81,'Organic Cage-Free Grade A Large Brown Eggs',1744.00,0,'2022-09-22 01:27:56','2022-09-22 01:27:56','physical',0),(39,33,3,125.00,12.50,'[]',35,'Canada Dry Ginger Ale – 2 L Bottle',2532.00,0,'2022-09-22 01:27:56','2022-09-22 01:27:56','physical',0),(40,34,1,123.00,12.30,'[]',80,'Organic Cage-Free Grade A Large Brown Eggs',872.00,0,'2022-09-22 01:27:56','2022-09-22 01:27:56','physical',0),(41,35,1,60.00,6.00,'[]',33,'Chobani Complete Vanilla Greek',718.00,0,'2022-09-22 01:27:56','2022-09-22 01:27:56','physical',0),(42,35,2,465.00,46.50,'[]',46,'Haagen-Dazs Caramel Cone Ice Cream',1284.00,0,'2022-09-22 01:27:56','2022-09-22 01:27:56','physical',0),(43,36,2,127.00,12.70,'[]',48,'Nestle Original Coffee-Mate Coffee Creamer',1374.00,0,'2022-09-22 01:27:56','2022-09-22 01:27:56','physical',0),(44,37,3,128.00,12.80,'[]',63,'Foster Farms Takeout Crispy Classic Buffalo Wings',2094.00,0,'2022-09-22 01:27:57','2022-09-22 01:27:57','physical',0),(45,38,3,332.00,33.20,'[]',28,'Angie’s Boomchickapop Sweet & Salty Kettle Corn',2259.00,0,'2022-09-22 01:27:57','2022-09-22 01:27:57','physical',0),(46,38,1,129.00,12.90,'[]',86,'Signature Wood-Fired Mushroom and Caramelized',862.00,0,'2022-09-22 01:27:57','2022-09-22 01:27:57','physical',0),(47,39,3,126.00,12.60,'[]',53,'Pepperidge Farm Farmhouse Hearty White Bread',2214.00,0,'2022-09-22 01:27:57','2022-09-22 01:27:57','physical',0),(48,40,1,393.00,39.30,'[]',26,'All Natural Italian-Style Chicken Meatballs',567.00,0,'2022-09-22 01:27:57','2022-09-22 01:27:57','physical',0),(49,41,3,125.00,12.50,'[]',36,'Canada Dry Ginger Ale – 2 L Bottle',2532.00,0,'2022-09-22 01:27:57','2022-09-22 01:27:57','physical',0),(50,42,2,121.00,12.10,'[]',50,'Naturally Flavored Cinnamon Vanilla Light Roast Coffee',1644.00,0,'2022-09-22 01:27:57','2022-09-22 01:27:57','physical',0),(51,43,1,129.00,12.90,'[]',87,'Signature Wood-Fired Mushroom and Caramelized',862.00,0,'2022-09-22 01:27:57','2022-09-22 01:27:57','physical',0),(52,44,2,125.00,12.50,'[]',36,'Canada Dry Ginger Ale – 2 L Bottle',1688.00,0,'2022-09-22 01:27:57','2022-09-22 01:27:57','physical',0),(53,45,2,127.00,12.70,'[]',48,'Nestle Original Coffee-Mate Coffee Creamer',1374.00,0,'2022-09-22 01:27:57','2022-09-22 01:27:57','physical',0),(54,45,1,129.00,12.90,'[]',79,'Chen Watermelon',658.00,0,'2022-09-22 01:27:57','2022-09-22 01:27:57','physical',0),(55,45,2,129.00,12.90,'[]',88,'Signature Wood-Fired Mushroom and Caramelized',1724.00,0,'2022-09-22 01:27:57','2022-09-22 01:27:57','physical',0),(56,46,1,317.00,31.70,'[]',25,'Seeds of Change Organic Quinoe',551.00,0,'2022-09-22 01:27:57','2022-09-22 01:27:57','physical',0),(57,47,3,115.00,11.50,'[]',42,'Gorton’s Beer Battered Fish Fillets',1956.00,0,'2022-09-22 01:27:57','2022-09-22 01:27:57','physical',0),(58,47,2,121.00,12.10,'[]',52,'Naturally Flavored Cinnamon Vanilla Light Roast Coffee',1644.00,0,'2022-09-22 01:27:57','2022-09-22 01:27:57','physical',0),(59,48,3,125.00,12.50,'[]',34,'Canada Dry Ginger Ale – 2 L Bottle',2532.00,0,'2022-09-22 01:27:57','2022-09-22 01:27:57','physical',0),(60,48,1,130.00,13.00,'[]',39,'Encore Seafoods Stuffed Alaskan',840.00,0,'2022-09-22 01:27:57','2022-09-22 01:27:57','physical',0),(61,49,2,128.00,12.80,'[]',62,'Foster Farms Takeout Crispy Classic Buffalo Wings',1396.00,0,'2022-09-22 01:27:57','2022-09-22 01:27:57','physical',0),(62,49,2,128.00,12.80,'[]',66,'Foster Farms Takeout Crispy Classic Buffalo Wings',1396.00,0,'2022-09-22 01:27:57','2022-09-22 01:27:57','physical',0);
/*!40000 ALTER TABLE `ec_order_product` ENABLE KEYS */;
UNLOCK TABLES;

--
-- Table structure for table `ec_order_referrals`
--

DROP TABLE IF EXISTS `ec_order_referrals`;
/*!40101 SET @saved_cs_client     = @@character_set_client */;
/*!50503 SET character_set_client = utf8mb4 */;
CREATE TABLE `ec_order_referrals` (
  `id` bigint unsigned NOT NULL AUTO_INCREMENT,
  `ip` varchar(39) COLLATE utf8mb4_unicode_ci DEFAULT NULL,
  `landing_domain` varchar(255) COLLATE utf8mb4_unicode_ci DEFAULT NULL,
  `landing_page` varchar(255) COLLATE utf8mb4_unicode_ci DEFAULT NULL,
  `landing_params` varchar(255) COLLATE utf8mb4_unicode_ci DEFAULT NULL,
  `referral` varchar(255) COLLATE utf8mb4_unicode_ci DEFAULT NULL,
  `gclid` varchar(255) COLLATE utf8mb4_unicode_ci DEFAULT NULL,
  `fclid` varchar(255) COLLATE utf8mb4_unicode_ci DEFAULT NULL,
  `utm_source` varchar(255) COLLATE utf8mb4_unicode_ci DEFAULT NULL,
  `utm_campaign` varchar(255) COLLATE utf8mb4_unicode_ci DEFAULT NULL,
  `utm_medium` varchar(255) COLLATE utf8mb4_unicode_ci DEFAULT NULL,
  `utm_term` varchar(255) COLLATE utf8mb4_unicode_ci DEFAULT NULL,
  `utm_content` varchar(255) COLLATE utf8mb4_unicode_ci DEFAULT NULL,
  `referrer_url` text COLLATE utf8mb4_unicode_ci,
  `referrer_domain` varchar(255) COLLATE utf8mb4_unicode_ci DEFAULT NULL,
  `order_id` int DEFAULT NULL,
  `created_at` timestamp NULL DEFAULT NULL,
  `updated_at` timestamp NULL DEFAULT NULL,
  PRIMARY KEY (`id`),
  KEY `ec_order_referrals_order_id_index` (`order_id`)
) ENGINE=InnoDB DEFAULT CHARSET=utf8mb4 COLLATE=utf8mb4_unicode_ci;
/*!40101 SET character_set_client = @saved_cs_client */;

--
-- Dumping data for table `ec_order_referrals`
--

LOCK TABLES `ec_order_referrals` WRITE;
/*!40000 ALTER TABLE `ec_order_referrals` DISABLE KEYS */;
/*!40000 ALTER TABLE `ec_order_referrals` ENABLE KEYS */;
UNLOCK TABLES;

--
-- Table structure for table `ec_order_return_items`
--

DROP TABLE IF EXISTS `ec_order_return_items`;
/*!40101 SET @saved_cs_client     = @@character_set_client */;
/*!50503 SET character_set_client = utf8mb4 */;
CREATE TABLE `ec_order_return_items` (
  `id` bigint unsigned NOT NULL AUTO_INCREMENT,
  `order_return_id` int unsigned NOT NULL COMMENT 'Order return id',
  `order_product_id` int unsigned NOT NULL COMMENT 'Order product id',
  `product_id` int unsigned NOT NULL COMMENT 'Product id',
  `product_name` varchar(191) COLLATE utf8mb4_unicode_ci NOT NULL,
  `qty` int NOT NULL COMMENT 'Quantity return',
  `price` decimal(15,2) NOT NULL COMMENT 'Price Product',
  `reason` text COLLATE utf8mb4_unicode_ci,
  `created_at` timestamp NULL DEFAULT NULL,
  `updated_at` timestamp NULL DEFAULT NULL,
  PRIMARY KEY (`id`)
) ENGINE=InnoDB DEFAULT CHARSET=utf8mb4 COLLATE=utf8mb4_unicode_ci;
/*!40101 SET character_set_client = @saved_cs_client */;

--
-- Dumping data for table `ec_order_return_items`
--

LOCK TABLES `ec_order_return_items` WRITE;
/*!40000 ALTER TABLE `ec_order_return_items` DISABLE KEYS */;
/*!40000 ALTER TABLE `ec_order_return_items` ENABLE KEYS */;
UNLOCK TABLES;

--
-- Table structure for table `ec_order_returns`
--

DROP TABLE IF EXISTS `ec_order_returns`;
/*!40101 SET @saved_cs_client     = @@character_set_client */;
/*!50503 SET character_set_client = utf8mb4 */;
CREATE TABLE `ec_order_returns` (
  `id` bigint unsigned NOT NULL AUTO_INCREMENT,
  `order_id` int unsigned NOT NULL COMMENT 'Order ID',
  `store_id` int unsigned DEFAULT NULL COMMENT 'Store ID',
  `user_id` int unsigned NOT NULL COMMENT 'Customer ID',
  `reason` text COLLATE utf8mb4_unicode_ci COMMENT 'Reason return order',
  `order_status` varchar(191) COLLATE utf8mb4_unicode_ci DEFAULT NULL COMMENT 'Order current status',
  `return_status` varchar(191) COLLATE utf8mb4_unicode_ci NOT NULL COMMENT 'Return status',
  `created_at` timestamp NULL DEFAULT NULL,
  `updated_at` timestamp NULL DEFAULT NULL,
  PRIMARY KEY (`id`)
) ENGINE=InnoDB DEFAULT CHARSET=utf8mb4 COLLATE=utf8mb4_unicode_ci;
/*!40101 SET character_set_client = @saved_cs_client */;

--
-- Dumping data for table `ec_order_returns`
--

LOCK TABLES `ec_order_returns` WRITE;
/*!40000 ALTER TABLE `ec_order_returns` DISABLE KEYS */;
/*!40000 ALTER TABLE `ec_order_returns` ENABLE KEYS */;
UNLOCK TABLES;

--
-- Table structure for table `ec_orders`
--

DROP TABLE IF EXISTS `ec_orders`;
/*!40101 SET @saved_cs_client     = @@character_set_client */;
/*!50503 SET character_set_client = utf8mb4 */;
CREATE TABLE `ec_orders` (
  `id` bigint unsigned NOT NULL AUTO_INCREMENT,
  `user_id` int unsigned NOT NULL,
  `shipping_option` varchar(60) COLLATE utf8mb4_unicode_ci DEFAULT NULL,
  `shipping_method` varchar(60) COLLATE utf8mb4_unicode_ci NOT NULL DEFAULT 'default',
  `status` varchar(120) COLLATE utf8mb4_unicode_ci NOT NULL DEFAULT 'pending',
  `amount` decimal(15,2) NOT NULL,
  `tax_amount` decimal(15,2) DEFAULT NULL,
  `shipping_amount` decimal(15,2) DEFAULT NULL,
  `description` text COLLATE utf8mb4_unicode_ci,
  `coupon_code` varchar(120) COLLATE utf8mb4_unicode_ci DEFAULT NULL,
  `discount_amount` decimal(15,2) DEFAULT NULL,
  `sub_total` decimal(15,2) NOT NULL,
  `is_confirmed` tinyint(1) NOT NULL DEFAULT '0',
  `discount_description` varchar(255) COLLATE utf8mb4_unicode_ci DEFAULT NULL,
  `is_finished` tinyint(1) DEFAULT '0',
  `completed_at` timestamp NULL DEFAULT NULL,
  `token` varchar(120) COLLATE utf8mb4_unicode_ci DEFAULT NULL,
  `payment_id` int unsigned DEFAULT NULL,
  `created_at` timestamp NULL DEFAULT NULL,
  `updated_at` timestamp NULL DEFAULT NULL,
  `store_id` int unsigned DEFAULT NULL,
  PRIMARY KEY (`id`),
  KEY `ec_orders_user_id_status_created_at_index` (`user_id`,`status`,`created_at`)
) ENGINE=InnoDB AUTO_INCREMENT=50 DEFAULT CHARSET=utf8mb4 COLLATE=utf8mb4_unicode_ci;
/*!40101 SET character_set_client = @saved_cs_client */;

--
-- Dumping data for table `ec_orders`
--

LOCK TABLES `ec_orders` WRITE;
/*!40000 ALTER TABLE `ec_orders` DISABLE KEYS */;
INSERT INTO `ec_orders` VALUES (1,1,'1','default','completed',825.30,39.30,0.00,NULL,NULL,0.00,786.00,1,NULL,1,'2022-09-22 01:27:57','4ESOZzGNz2jo2OLkowA8TvuR7I2i9',1,'2022-09-13 17:27:41','2022-09-22 01:27:57',5),(2,1,'1','default','completed',273.00,13.00,0.00,NULL,NULL,0.00,260.00,1,NULL,1,'2022-09-22 01:27:43','4AuGd2W5Hq8mVB5wmTn6rgFrwB0iM',2,'2022-09-18 17:27:43','2022-09-22 01:27:43',3),(3,5,'1','default','completed',186.00,6.00,0.00,NULL,NULL,0.00,180.00,1,NULL,1,'2022-09-22 01:27:58','MfyJQB0h1viPaSwpFO9Y2dhkqhxUO',3,'2022-09-20 11:27:43','2022-09-22 01:27:58',2),(4,5,'1','default','pending',395.30,24.30,0.00,NULL,NULL,0.00,371.00,1,NULL,1,NULL,'eZ5nyIvubkWJuYIYyt0I0kXtqnX4h',4,'2022-09-18 21:27:43','2022-09-22 01:27:43',4),(5,5,'1','default','completed',393.70,12.70,0.00,NULL,NULL,0.00,381.00,1,NULL,1,'2022-09-22 01:27:43','tolGdKg7kElOcbLsRVPH06Iy93qXA',5,'2022-09-09 09:27:43','2022-09-22 01:27:43',6),(6,6,'1','default','pending',241.80,7.80,0.00,NULL,NULL,0.00,234.00,1,NULL,1,NULL,'dcjgjyPAItvLE8SU3cxfNd6BzMVL2',6,'2022-09-19 01:27:43','2022-09-22 01:27:43',4),(7,6,'1','default','pending',650.10,59.10,0.00,NULL,NULL,0.00,591.00,1,NULL,1,NULL,'IbVWLVjILPBzrJjloV7bpgyzoIDtE',7,'2022-09-19 01:27:44','2022-09-22 01:27:47',2),(8,6,'1','default','completed',393.70,12.70,0.00,NULL,NULL,0.00,381.00,1,NULL,1,'2022-09-22 01:27:47','bd1dByDMetY8qB3dwODfYSKyHfVhN',8,'2022-09-08 13:27:47','2022-09-22 01:27:47',1),(9,1,'1','default','completed',390.60,12.60,0.00,NULL,NULL,0.00,378.00,1,NULL,1,'2022-09-22 01:27:48','6xehUmf3wfVeekEDmyu8W0qmAh3Fn',9,'2022-09-09 07:27:47','2022-09-22 01:27:48',2),(10,1,'1','default','completed',270.90,12.90,0.00,NULL,NULL,0.00,258.00,1,NULL,1,'2022-09-22 01:27:49','RfF3eFaaecZUGyes49drY1ig7gv0V',10,'2022-09-07 21:27:48','2022-09-22 01:27:49',1),(11,5,'1','default','completed',139.70,12.70,0.00,NULL,NULL,0.00,127.00,1,NULL,1,'2022-09-22 01:27:58','jLX7mAmHrDlVuWjgSD5IdnCWf5p7v',11,'2022-09-14 01:27:49','2022-09-22 01:27:58',1),(12,5,'1','default','pending',254.10,12.10,0.00,NULL,NULL,0.00,242.00,1,NULL,1,NULL,'JnXeWwJDaEZFeplKFlC9Krcfyy0XK',12,'2022-09-16 17:27:50','2022-09-22 01:27:50',4),(13,1,'1','default','pending',638.20,46.20,0.00,NULL,NULL,0.00,592.00,1,NULL,1,NULL,'g5uzXvjNJJzEaImRQgO1rf61B38Xo',13,'2022-09-19 13:27:50','2022-09-22 01:27:50',1),(14,1,'1','default','completed',636.20,24.20,0.00,NULL,NULL,0.00,612.00,1,NULL,1,'2022-09-22 01:27:54','VUCsvqN91bn2gK02i72KMghDiDSqk',14,'2022-09-15 19:27:51','2022-09-22 01:27:54',4),(15,1,'1','default','completed',137.50,12.50,0.00,NULL,NULL,0.00,125.00,1,NULL,1,'2022-09-22 01:27:58','XMeeSDbxIa6ZtCKwqDQfJp7IcphDi',15,'2022-09-17 09:27:54','2022-09-22 01:27:58',3),(16,1,'1','default','pending',133.10,12.10,0.00,NULL,NULL,0.00,121.00,1,NULL,1,NULL,'LhRRBOmMUlTVuQQkRfi4UPQ6adGZa',16,'2022-09-16 05:27:55','2022-09-22 01:27:55',5),(17,1,'1','default','completed',125.40,11.40,0.00,NULL,NULL,0.00,114.00,1,NULL,1,'2022-09-22 01:27:58','feuqsv0362i3TItmYFVVCj4saPuy0',17,'2022-09-18 13:27:55','2022-09-22 01:27:58',4),(18,1,'1','default','pending',85.80,7.80,0.00,NULL,NULL,0.00,78.00,1,NULL,1,NULL,'wc83aiYSwxgpMarejwLxf4rD5SqtL',18,'2022-09-16 15:27:55','2022-09-22 01:27:55',4),(19,1,'1','default','pending',264.60,12.60,0.00,NULL,NULL,0.00,252.00,1,NULL,1,NULL,'Zyu76z4U5rfthnuqgJJbKfItJz6eO',19,'2022-09-11 05:27:55','2022-09-22 01:27:55',2),(20,5,'1','default','pending',396.80,12.80,0.00,NULL,NULL,0.00,384.00,1,NULL,1,NULL,'ZjVMB4IMpcBzb10GzYKiUTVX5M83T',20,'2022-09-19 01:27:55','2022-09-22 01:27:55',4),(21,5,'1','default','completed',137.50,12.50,0.00,NULL,NULL,0.00,125.00,1,NULL,1,'2022-09-22 01:27:59','vKW31nHUfvRt6UEMRp0dRA5ml0yqd',21,'2022-09-20 01:27:55','2022-09-22 01:27:59',5),(22,5,'1','default','pending',541.80,25.80,0.00,NULL,NULL,0.00,516.00,1,NULL,1,NULL,'EiMxUdUMFMMbnTMgFNfyrkn7XjpuN',22,'2022-09-17 01:27:56','2022-09-22 01:27:56',1),(23,1,'1','default','completed',262.50,12.50,0.00,NULL,NULL,0.00,250.00,1,NULL,1,'2022-09-22 01:27:56','sVeH11xac7KsVZbmA0vYap4ZOSAU9',23,'2022-09-14 17:27:56','2022-09-22 01:27:56',2),(24,1,'1','default','completed',141.90,12.90,0.00,NULL,NULL,0.00,129.00,1,NULL,1,'2022-09-22 01:27:56','xenZtgxf4ZDJknECEl5Nvm9yn9QLx',24,'2022-09-13 19:27:56','2022-09-22 01:27:56',1),(25,1,'1','default','completed',390.60,12.60,0.00,NULL,NULL,0.00,378.00,1,NULL,1,'2022-09-22 01:27:59','nq2XzhYL3ijYIzGrDOYim4KI0Zgy9',25,'2022-09-15 09:27:56','2022-09-22 01:27:59',2),(26,1,'1','default','completed',125.40,11.40,0.00,NULL,NULL,0.00,114.00,1,NULL,1,'2022-09-22 01:27:59','x5NWjrxkElLjOIDJqhkLmWQXt8XYu',26,'2022-09-18 17:27:56','2022-09-22 01:27:59',4),(27,1,'1','default','pending',141.90,12.90,0.00,NULL,NULL,0.00,129.00,1,NULL,1,NULL,'jAoQhYlXyUY9sK94SKrvqqqrEoB1k',27,'2022-09-15 09:27:56','2022-09-22 01:27:56',1),(28,5,'1','default','pending',241.50,11.50,0.00,NULL,NULL,0.00,230.00,1,NULL,1,NULL,'Wlt2Z1eWb57LRIZBAPfYYnUTuyYji',28,'2022-09-16 01:27:56','2022-09-22 01:27:56',4),(29,5,'1','default','completed',264.60,12.60,0.00,NULL,NULL,0.00,252.00,1,NULL,1,'2022-09-22 01:27:56','o0rYRBZwMSh4ZO0ObSe8PiVPY1YEu',29,'2022-09-18 07:27:56','2022-09-22 01:27:56',2),(30,5,'1','default','completed',258.30,12.30,0.00,NULL,NULL,0.00,246.00,1,NULL,1,'2022-09-22 01:27:56','K0ona4x2UOJRMgU6oZfivw5hgMvRf',30,'2022-09-17 13:27:56','2022-09-22 01:27:56',6),(31,5,'1','default','pending',537.60,25.60,0.00,NULL,NULL,0.00,512.00,1,NULL,1,NULL,'C9GY6zCis8ePOHeoh7WjUS7LbpzlW',31,'2022-09-17 09:27:56','2022-09-22 01:27:56',4),(32,5,'1','default','completed',258.30,12.30,0.00,NULL,NULL,0.00,246.00,1,NULL,1,'2022-09-22 01:27:59','bWp6MEJRveexYUf9FnQRz5BMl69Wp',32,'2022-09-20 17:27:56','2022-09-22 01:27:59',6),(33,1,'1','default','pending',387.50,12.50,0.00,NULL,NULL,0.00,375.00,1,NULL,1,NULL,'Uia32KKQcpTo863iTnI7z3qi7cbcw',33,'2022-09-21 11:27:56','2022-09-22 01:27:56',3),(34,1,'1','default','pending',135.30,12.30,0.00,NULL,NULL,0.00,123.00,1,NULL,1,NULL,'ZdyyWZYw8rTVzqjfFOj0EePiucZw2',34,'2022-09-19 17:27:56','2022-09-22 01:27:56',6),(35,5,'1','default','pending',1042.50,52.50,0.00,NULL,NULL,0.00,990.00,1,NULL,1,NULL,'nLQllc2EnVkqgwY2wwQygoCzxYWS1',35,'2022-09-18 01:27:56','2022-09-22 01:27:56',2),(36,5,'1','default','pending',266.70,12.70,0.00,NULL,NULL,0.00,254.00,1,NULL,1,NULL,'iPDPoZKBSd4vPJgCbTJYmet5C8p3U',36,'2022-09-17 13:27:56','2022-09-22 01:27:57',1),(37,5,'1','default','completed',396.80,12.80,0.00,NULL,NULL,0.00,384.00,1,NULL,1,'2022-09-22 01:28:00','EHg0XZDpfzs6Flm5QprVvH1esjTkO',37,'2022-09-17 13:27:57','2022-09-22 01:28:00',4),(38,5,'1','default','completed',1171.10,46.10,0.00,NULL,NULL,0.00,1125.00,1,NULL,1,'2022-09-22 01:28:00','mAxWtyTs2sL8Yz7asGxa8vPrt0Pqr',38,'2022-09-20 09:27:57','2022-09-22 01:28:00',1),(39,5,'1','default','completed',390.60,12.60,0.00,NULL,NULL,0.00,378.00,1,NULL,1,'2022-09-22 01:27:57','mdkB9TZ3vqZwlgV3loo0X9A7AmDXv',39,'2022-09-21 05:27:57','2022-09-22 01:27:57',2),(40,5,'1','default','completed',432.30,39.30,0.00,NULL,NULL,0.00,393.00,1,NULL,1,'2022-09-22 01:27:57','yJucS16c7REcmGsLyKzhvnOpLvd88',40,'2022-09-19 01:27:57','2022-09-22 01:27:57',5),(41,5,'1','default','completed',387.50,12.50,0.00,NULL,NULL,0.00,375.00,1,NULL,1,'2022-09-22 01:28:00','x8QZvlkp0jOBnxCIk3oBSSw66ObaR',41,'2022-09-21 17:27:57','2022-09-22 01:28:00',3),(42,5,'1','default','pending',254.10,12.10,0.00,NULL,NULL,0.00,242.00,1,NULL,1,NULL,'w3O7cacZjWKjxVL1h3u5WKWZVmrN4',42,'2022-09-21 09:27:57','2022-09-22 01:27:57',4),(43,5,'1','default','pending',141.90,12.90,0.00,NULL,NULL,0.00,129.00,1,NULL,1,NULL,'rhAXetHpsPvnlE9scxMGZiMwFiWqZ',43,'2022-09-21 09:27:57','2022-09-22 01:27:57',1),(44,1,'1','default','completed',262.50,12.50,0.00,NULL,NULL,0.00,250.00,1,NULL,1,'2022-09-22 01:28:01','SWjUEFx7RozRQek8wJDDWIALi75LG',44,'2022-09-20 13:27:57','2022-09-22 01:28:01',3),(45,1,'1','default','pending',679.50,38.50,0.00,NULL,NULL,0.00,641.00,1,NULL,1,NULL,'AkZW7h1OjVHbSn15VYdrnnkPh5D57',45,'2022-09-21 19:27:57','2022-09-22 01:27:57',1),(46,5,'1','default','pending',348.70,31.70,0.00,NULL,NULL,0.00,317.00,1,NULL,1,NULL,'Nt0dwWw839Kfu5QnJ6k7deEK9QNUs',46,'2022-09-21 13:27:57','2022-09-22 01:27:57',5),(47,5,'1','default','pending',610.60,23.60,0.00,NULL,NULL,0.00,587.00,1,NULL,1,NULL,'Bf0y185T4RP9ELlN9gWQnxX9yVTqC',47,'2022-09-21 05:27:57','2022-09-22 01:27:57',4),(48,1,'1','default','completed',530.50,25.50,0.00,NULL,NULL,0.00,505.00,1,NULL,1,'2022-09-22 01:28:02','eTmGcaLGSY4b2tWy0be0WcDO10Cnv',48,'2022-09-21 11:27:57','2022-09-22 01:28:02',3),(49,1,'1','default','completed',537.60,25.60,0.00,NULL,NULL,0.00,512.00,1,NULL,1,'2022-09-22 01:28:02','MyyUxLnY6oTcVYx0YUeijho0cEN4o',49,'2022-09-21 19:27:57','2022-09-22 01:28:02',4);
/*!40000 ALTER TABLE `ec_orders` ENABLE KEYS */;
UNLOCK TABLES;

--
-- Table structure for table `ec_product_attribute_sets`
--

DROP TABLE IF EXISTS `ec_product_attribute_sets`;
/*!40101 SET @saved_cs_client     = @@character_set_client */;
/*!50503 SET character_set_client = utf8mb4 */;
CREATE TABLE `ec_product_attribute_sets` (
  `id` bigint unsigned NOT NULL AUTO_INCREMENT,
  `title` varchar(120) COLLATE utf8mb4_unicode_ci NOT NULL,
  `slug` varchar(120) COLLATE utf8mb4_unicode_ci DEFAULT NULL,
  `display_layout` varchar(191) COLLATE utf8mb4_unicode_ci NOT NULL DEFAULT 'swatch_dropdown',
  `is_searchable` tinyint unsigned NOT NULL DEFAULT '1',
  `is_comparable` tinyint unsigned NOT NULL DEFAULT '1',
  `is_use_in_product_listing` tinyint unsigned NOT NULL DEFAULT '0',
  `status` varchar(60) COLLATE utf8mb4_unicode_ci NOT NULL DEFAULT 'published',
  `order` tinyint unsigned NOT NULL DEFAULT '0',
  `created_at` timestamp NULL DEFAULT NULL,
  `updated_at` timestamp NULL DEFAULT NULL,
  `use_image_from_product_variation` tinyint unsigned NOT NULL DEFAULT '0',
  PRIMARY KEY (`id`)
) ENGINE=InnoDB AUTO_INCREMENT=3 DEFAULT CHARSET=utf8mb4 COLLATE=utf8mb4_unicode_ci;
/*!40101 SET character_set_client = @saved_cs_client */;

--
-- Dumping data for table `ec_product_attribute_sets`
--

LOCK TABLES `ec_product_attribute_sets` WRITE;
/*!40000 ALTER TABLE `ec_product_attribute_sets` DISABLE KEYS */;
INSERT INTO `ec_product_attribute_sets` VALUES (1,'Weight','weight','text',1,1,1,'published',0,'2022-09-22 01:25:37','2022-09-22 01:25:37',0),(2,'Boxes','boxes','text',1,1,1,'published',1,'2022-09-22 01:25:37','2022-09-22 01:25:37',0);
/*!40000 ALTER TABLE `ec_product_attribute_sets` ENABLE KEYS */;
UNLOCK TABLES;

--
-- Table structure for table `ec_product_attribute_sets_translations`
--

DROP TABLE IF EXISTS `ec_product_attribute_sets_translations`;
/*!40101 SET @saved_cs_client     = @@character_set_client */;
/*!50503 SET character_set_client = utf8mb4 */;
CREATE TABLE `ec_product_attribute_sets_translations` (
  `lang_code` varchar(191) COLLATE utf8mb4_unicode_ci NOT NULL,
  `ec_product_attribute_sets_id` int NOT NULL,
  `title` varchar(191) COLLATE utf8mb4_unicode_ci DEFAULT NULL,
  PRIMARY KEY (`lang_code`,`ec_product_attribute_sets_id`)
) ENGINE=InnoDB DEFAULT CHARSET=utf8mb4 COLLATE=utf8mb4_unicode_ci;
/*!40101 SET character_set_client = @saved_cs_client */;

--
-- Dumping data for table `ec_product_attribute_sets_translations`
--

LOCK TABLES `ec_product_attribute_sets_translations` WRITE;
/*!40000 ALTER TABLE `ec_product_attribute_sets_translations` DISABLE KEYS */;
INSERT INTO `ec_product_attribute_sets_translations` VALUES ('vi',1,'Cân nặng'),('vi',2,'Số hộp');
/*!40000 ALTER TABLE `ec_product_attribute_sets_translations` ENABLE KEYS */;
UNLOCK TABLES;

--
-- Table structure for table `ec_product_attributes`
--

DROP TABLE IF EXISTS `ec_product_attributes`;
/*!40101 SET @saved_cs_client     = @@character_set_client */;
/*!50503 SET character_set_client = utf8mb4 */;
CREATE TABLE `ec_product_attributes` (
  `id` bigint unsigned NOT NULL AUTO_INCREMENT,
  `attribute_set_id` int unsigned NOT NULL,
  `title` varchar(120) COLLATE utf8mb4_unicode_ci NOT NULL,
  `slug` varchar(120) COLLATE utf8mb4_unicode_ci DEFAULT NULL,
  `color` varchar(50) COLLATE utf8mb4_unicode_ci DEFAULT NULL,
  `image` varchar(191) COLLATE utf8mb4_unicode_ci DEFAULT NULL,
  `is_default` tinyint unsigned NOT NULL DEFAULT '0',
  `order` tinyint unsigned NOT NULL DEFAULT '0',
  `status` varchar(60) COLLATE utf8mb4_unicode_ci NOT NULL DEFAULT 'published',
  `created_at` timestamp NULL DEFAULT NULL,
  `updated_at` timestamp NULL DEFAULT NULL,
  PRIMARY KEY (`id`),
  KEY `ec_product_attributes_attribute_set_id_status_index` (`attribute_set_id`,`status`)
) ENGINE=InnoDB AUTO_INCREMENT=11 DEFAULT CHARSET=utf8mb4 COLLATE=utf8mb4_unicode_ci;
/*!40101 SET character_set_client = @saved_cs_client */;

--
-- Dumping data for table `ec_product_attributes`
--

LOCK TABLES `ec_product_attributes` WRITE;
/*!40000 ALTER TABLE `ec_product_attributes` DISABLE KEYS */;
INSERT INTO `ec_product_attributes` VALUES (1,1,'1KG','1kg',NULL,NULL,1,1,'published','2022-09-22 01:25:37','2022-09-22 01:25:37'),(2,1,'2KG','2kg',NULL,NULL,0,2,'published','2022-09-22 01:25:37','2022-09-22 01:25:37'),(3,1,'3KG','3kg',NULL,NULL,0,3,'published','2022-09-22 01:25:37','2022-09-22 01:25:37'),(4,1,'4KG','4kg',NULL,NULL,0,4,'published','2022-09-22 01:25:37','2022-09-22 01:25:37'),(5,1,'5KG','5kg',NULL,NULL,0,5,'published','2022-09-22 01:25:37','2022-09-22 01:25:37'),(6,2,'1 Box','1box',NULL,NULL,1,1,'published','2022-09-22 01:25:37','2022-09-22 01:25:37'),(7,2,'2 Boxes','2boxes',NULL,NULL,0,2,'published','2022-09-22 01:25:37','2022-09-22 01:25:37'),(8,2,'3 Boxes','3boxes',NULL,NULL,0,3,'published','2022-09-22 01:25:37','2022-09-22 01:25:37'),(9,2,'4 Boxes','4boxes',NULL,NULL,0,4,'published','2022-09-22 01:25:37','2022-09-22 01:25:37'),(10,2,'5 Boxes','5boxes',NULL,NULL,0,5,'published','2022-09-22 01:25:37','2022-09-22 01:25:37');
/*!40000 ALTER TABLE `ec_product_attributes` ENABLE KEYS */;
UNLOCK TABLES;

--
-- Table structure for table `ec_product_attributes_translations`
--

DROP TABLE IF EXISTS `ec_product_attributes_translations`;
/*!40101 SET @saved_cs_client     = @@character_set_client */;
/*!50503 SET character_set_client = utf8mb4 */;
CREATE TABLE `ec_product_attributes_translations` (
  `lang_code` varchar(191) COLLATE utf8mb4_unicode_ci NOT NULL,
  `ec_product_attributes_id` int NOT NULL,
  `title` varchar(191) COLLATE utf8mb4_unicode_ci DEFAULT NULL,
  PRIMARY KEY (`lang_code`,`ec_product_attributes_id`)
) ENGINE=InnoDB DEFAULT CHARSET=utf8mb4 COLLATE=utf8mb4_unicode_ci;
/*!40101 SET character_set_client = @saved_cs_client */;

--
-- Dumping data for table `ec_product_attributes_translations`
--

LOCK TABLES `ec_product_attributes_translations` WRITE;
/*!40000 ALTER TABLE `ec_product_attributes_translations` DISABLE KEYS */;
INSERT INTO `ec_product_attributes_translations` VALUES ('vi',1,'1KG'),('vi',2,'2KG'),('vi',3,'3KG'),('vi',4,'4KG'),('vi',5,'5KG'),('vi',6,'1 Hộp'),('vi',7,'2 Hộp'),('vi',8,'3 Hộp'),('vi',9,'4 Hộp'),('vi',10,'5 Hộp');
/*!40000 ALTER TABLE `ec_product_attributes_translations` ENABLE KEYS */;
UNLOCK TABLES;

--
-- Table structure for table `ec_product_categories`
--

DROP TABLE IF EXISTS `ec_product_categories`;
/*!40101 SET @saved_cs_client     = @@character_set_client */;
/*!50503 SET character_set_client = utf8mb4 */;
CREATE TABLE `ec_product_categories` (
  `id` bigint unsigned NOT NULL AUTO_INCREMENT,
  `name` varchar(191) COLLATE utf8mb4_unicode_ci NOT NULL,
  `parent_id` int unsigned NOT NULL DEFAULT '0',
  `description` mediumtext COLLATE utf8mb4_unicode_ci,
  `status` varchar(60) COLLATE utf8mb4_unicode_ci NOT NULL DEFAULT 'published',
  `order` int unsigned NOT NULL DEFAULT '0',
  `image` varchar(255) COLLATE utf8mb4_unicode_ci DEFAULT NULL,
  `is_featured` tinyint unsigned NOT NULL DEFAULT '0',
  `created_at` timestamp NULL DEFAULT NULL,
  `updated_at` timestamp NULL DEFAULT NULL,
  PRIMARY KEY (`id`),
  KEY `ec_product_categories_parent_id_status_created_at_index` (`parent_id`,`status`,`created_at`),
  KEY `ec_product_categories_parent_id_status_index` (`parent_id`,`status`)
) ENGINE=InnoDB AUTO_INCREMENT=15 DEFAULT CHARSET=utf8mb4 COLLATE=utf8mb4_unicode_ci;
/*!40101 SET character_set_client = @saved_cs_client */;

--
-- Dumping data for table `ec_product_categories`
--

LOCK TABLES `ec_product_categories` WRITE;
/*!40000 ALTER TABLE `ec_product_categories` DISABLE KEYS */;
INSERT INTO `ec_product_categories` VALUES (1,'Milks and Dairies',0,NULL,'published',0,'product-categories/image-1.png',1,'2022-09-22 01:25:36','2022-09-22 01:25:36'),(2,'Clothing & beauty',0,NULL,'published',1,'product-categories/image-2.png',1,'2022-09-22 01:25:36','2022-09-22 01:25:36'),(3,'Pet Toy',0,NULL,'published',2,'product-categories/image-3.png',1,'2022-09-22 01:25:36','2022-09-22 01:25:36'),(4,'Baking material',0,NULL,'published',3,'product-categories/image-4.png',1,'2022-09-22 01:25:36','2022-09-22 01:25:36'),(5,'Fresh Fruit',0,NULL,'published',4,'product-categories/image-5.png',1,'2022-09-22 01:25:36','2022-09-22 01:25:36'),(6,'Wines & Drinks',0,NULL,'published',5,'product-categories/image-6.png',1,'2022-09-22 01:25:36','2022-09-22 01:25:36'),(7,'Fresh Seafood',0,NULL,'published',6,'product-categories/image-7.png',1,'2022-09-22 01:25:36','2022-09-22 01:25:36'),(8,'Fast food',0,NULL,'published',7,'product-categories/image-8.png',1,'2022-09-22 01:25:36','2022-09-22 01:25:36'),(9,'Vegetables',0,NULL,'published',8,'product-categories/image-9.png',1,'2022-09-22 01:25:36','2022-09-22 01:25:36'),(10,'Bread and Juice',0,NULL,'published',9,'product-categories/image-10.png',1,'2022-09-22 01:25:36','2022-09-22 01:25:36'),(11,'Cake & Milk',0,NULL,'published',10,'product-categories/image-11.png',1,'2022-09-22 01:25:36','2022-09-22 01:25:36'),(12,'Coffee & Teas',0,NULL,'published',11,'product-categories/image-12.png',1,'2022-09-22 01:25:36','2022-09-22 01:25:36'),(13,'Pet Foods',0,NULL,'published',12,'product-categories/image-13.png',0,'2022-09-22 01:25:36','2022-09-22 01:25:36'),(14,'Diet Foods',0,NULL,'published',13,'product-categories/image-14.png',0,'2022-09-22 01:25:36','2022-09-22 01:25:36');
/*!40000 ALTER TABLE `ec_product_categories` ENABLE KEYS */;
UNLOCK TABLES;

--
-- Table structure for table `ec_product_categories_translations`
--

DROP TABLE IF EXISTS `ec_product_categories_translations`;
/*!40101 SET @saved_cs_client     = @@character_set_client */;
/*!50503 SET character_set_client = utf8mb4 */;
CREATE TABLE `ec_product_categories_translations` (
  `lang_code` varchar(191) COLLATE utf8mb4_unicode_ci NOT NULL,
  `ec_product_categories_id` int NOT NULL,
  `name` varchar(191) COLLATE utf8mb4_unicode_ci DEFAULT NULL,
  `description` text COLLATE utf8mb4_unicode_ci,
  PRIMARY KEY (`lang_code`,`ec_product_categories_id`)
) ENGINE=InnoDB DEFAULT CHARSET=utf8mb4 COLLATE=utf8mb4_unicode_ci;
/*!40101 SET character_set_client = @saved_cs_client */;

--
-- Dumping data for table `ec_product_categories_translations`
--

LOCK TABLES `ec_product_categories_translations` WRITE;
/*!40000 ALTER TABLE `ec_product_categories_translations` DISABLE KEYS */;
INSERT INTO `ec_product_categories_translations` VALUES ('vi',1,'Sữa',NULL),('vi',2,'Quần áo và làm đẹp',NULL),('vi',3,'Đồ chơi thú cưng',NULL),('vi',4,'Nguyên liệu làm bánh',NULL),('vi',5,'Trái cây tươi',NULL),('vi',6,'Rượu & Đồ uống',NULL),('vi',7,'Hải sản tươi sống',NULL),('vi',8,'Đồ ăn nhanh',NULL),('vi',9,'Rau',NULL),('vi',10,'Bánh và đồ uống',NULL),('vi',11,'Bánh và sữa',NULL),('vi',12,'Cà phê và trà',NULL),('vi',13,'Đồ ăn thú nuôi',NULL),('vi',14,'Đồ ăn kiêng',NULL);
/*!40000 ALTER TABLE `ec_product_categories_translations` ENABLE KEYS */;
UNLOCK TABLES;

--
-- Table structure for table `ec_product_category_product`
--

DROP TABLE IF EXISTS `ec_product_category_product`;
/*!40101 SET @saved_cs_client     = @@character_set_client */;
/*!50503 SET character_set_client = utf8mb4 */;
CREATE TABLE `ec_product_category_product` (
  `id` bigint unsigned NOT NULL AUTO_INCREMENT,
  `category_id` int unsigned NOT NULL,
  `product_id` int unsigned NOT NULL,
  PRIMARY KEY (`id`),
  KEY `ec_product_category_product_category_id_index` (`category_id`),
  KEY `ec_product_category_product_product_id_index` (`product_id`)
) ENGINE=InnoDB AUTO_INCREMENT=25 DEFAULT CHARSET=utf8mb4 COLLATE=utf8mb4_unicode_ci;
/*!40101 SET character_set_client = @saved_cs_client */;

--
-- Dumping data for table `ec_product_category_product`
--

LOCK TABLES `ec_product_category_product` WRITE;
/*!40000 ALTER TABLE `ec_product_category_product` DISABLE KEYS */;
INSERT INTO `ec_product_category_product` VALUES (1,11,1),(2,2,2),(3,4,3),(4,2,4),(5,1,5),(6,3,6),(7,14,7),(8,5,8),(9,9,9),(10,1,10),(11,11,11),(12,1,12),(13,14,13),(14,4,14),(15,11,15),(16,3,16),(17,7,17),(18,1,18),(19,13,19),(20,8,20),(21,8,21),(22,11,22),(23,9,23),(24,6,24);
/*!40000 ALTER TABLE `ec_product_category_product` ENABLE KEYS */;
UNLOCK TABLES;

--
-- Table structure for table `ec_product_collection_products`
--

DROP TABLE IF EXISTS `ec_product_collection_products`;
/*!40101 SET @saved_cs_client     = @@character_set_client */;
/*!50503 SET character_set_client = utf8mb4 */;
CREATE TABLE `ec_product_collection_products` (
  `id` bigint unsigned NOT NULL AUTO_INCREMENT,
  `product_collection_id` int unsigned NOT NULL,
  `product_id` int unsigned NOT NULL,
  PRIMARY KEY (`id`),
  KEY `ec_product_collection_products_product_collection_id_index` (`product_collection_id`),
  KEY `ec_product_collection_products_product_id_index` (`product_id`)
) ENGINE=InnoDB AUTO_INCREMENT=25 DEFAULT CHARSET=utf8mb4 COLLATE=utf8mb4_unicode_ci;
/*!40101 SET character_set_client = @saved_cs_client */;

--
-- Dumping data for table `ec_product_collection_products`
--

LOCK TABLES `ec_product_collection_products` WRITE;
/*!40000 ALTER TABLE `ec_product_collection_products` DISABLE KEYS */;
INSERT INTO `ec_product_collection_products` VALUES (1,2,1),(2,3,2),(3,2,3),(4,1,4),(5,2,5),(6,3,6),(7,1,7),(8,3,8),(9,2,9),(10,2,10),(11,2,11),(12,3,12),(13,1,13),(14,2,14),(15,3,15),(16,1,16),(17,3,17),(18,2,18),(19,2,19),(20,1,20),(21,2,21),(22,3,22),(23,3,23),(24,1,24);
/*!40000 ALTER TABLE `ec_product_collection_products` ENABLE KEYS */;
UNLOCK TABLES;

--
-- Table structure for table `ec_product_collections`
--

DROP TABLE IF EXISTS `ec_product_collections`;
/*!40101 SET @saved_cs_client     = @@character_set_client */;
/*!50503 SET character_set_client = utf8mb4 */;
CREATE TABLE `ec_product_collections` (
  `id` bigint unsigned NOT NULL AUTO_INCREMENT,
  `name` varchar(191) COLLATE utf8mb4_unicode_ci NOT NULL,
  `slug` varchar(191) COLLATE utf8mb4_unicode_ci NOT NULL,
  `description` varchar(400) COLLATE utf8mb4_unicode_ci DEFAULT NULL,
  `image` varchar(255) COLLATE utf8mb4_unicode_ci DEFAULT NULL,
  `status` varchar(60) COLLATE utf8mb4_unicode_ci NOT NULL DEFAULT 'published',
  `created_at` timestamp NULL DEFAULT NULL,
  `updated_at` timestamp NULL DEFAULT NULL,
  `is_featured` tinyint unsigned NOT NULL DEFAULT '0',
  PRIMARY KEY (`id`)
) ENGINE=InnoDB AUTO_INCREMENT=4 DEFAULT CHARSET=utf8mb4 COLLATE=utf8mb4_unicode_ci;
/*!40101 SET character_set_client = @saved_cs_client */;

--
-- Dumping data for table `ec_product_collections`
--

LOCK TABLES `ec_product_collections` WRITE;
/*!40000 ALTER TABLE `ec_product_collections` DISABLE KEYS */;
INSERT INTO `ec_product_collections` VALUES (1,'New Arrival','new-arrival',NULL,NULL,'published','2022-09-22 01:25:36','2022-09-22 01:25:36',0),(2,'Best Sellers','best-sellers',NULL,NULL,'published','2022-09-22 01:25:36','2022-09-22 01:25:36',0),(3,'Special Offer','special-offer',NULL,NULL,'published','2022-09-22 01:25:36','2022-09-22 01:25:36',0);
/*!40000 ALTER TABLE `ec_product_collections` ENABLE KEYS */;
UNLOCK TABLES;

--
-- Table structure for table `ec_product_collections_translations`
--

DROP TABLE IF EXISTS `ec_product_collections_translations`;
/*!40101 SET @saved_cs_client     = @@character_set_client */;
/*!50503 SET character_set_client = utf8mb4 */;
CREATE TABLE `ec_product_collections_translations` (
  `lang_code` varchar(191) COLLATE utf8mb4_unicode_ci NOT NULL,
  `ec_product_collections_id` int NOT NULL,
  `name` varchar(191) COLLATE utf8mb4_unicode_ci DEFAULT NULL,
  `description` varchar(191) COLLATE utf8mb4_unicode_ci DEFAULT NULL,
  PRIMARY KEY (`lang_code`,`ec_product_collections_id`)
) ENGINE=InnoDB DEFAULT CHARSET=utf8mb4 COLLATE=utf8mb4_unicode_ci;
/*!40101 SET character_set_client = @saved_cs_client */;

--
-- Dumping data for table `ec_product_collections_translations`
--

LOCK TABLES `ec_product_collections_translations` WRITE;
/*!40000 ALTER TABLE `ec_product_collections_translations` DISABLE KEYS */;
INSERT INTO `ec_product_collections_translations` VALUES ('vi',1,'Hàng mới về',NULL),('vi',2,'Bán chạy nhất',NULL),('vi',3,'Khuyến mãi đặc biệt',NULL);
/*!40000 ALTER TABLE `ec_product_collections_translations` ENABLE KEYS */;
UNLOCK TABLES;

--
-- Table structure for table `ec_product_cross_sale_relations`
--

DROP TABLE IF EXISTS `ec_product_cross_sale_relations`;
/*!40101 SET @saved_cs_client     = @@character_set_client */;
/*!50503 SET character_set_client = utf8mb4 */;
CREATE TABLE `ec_product_cross_sale_relations` (
  `id` bigint unsigned NOT NULL AUTO_INCREMENT,
  `from_product_id` int unsigned NOT NULL,
  `to_product_id` int unsigned NOT NULL,
  PRIMARY KEY (`id`),
  KEY `ec_product_cross_sale_relations_from_product_id_index` (`from_product_id`),
  KEY `ec_product_cross_sale_relations_to_product_id_index` (`to_product_id`)
) ENGINE=InnoDB AUTO_INCREMENT=92 DEFAULT CHARSET=utf8mb4 COLLATE=utf8mb4_unicode_ci;
/*!40101 SET character_set_client = @saved_cs_client */;

--
-- Dumping data for table `ec_product_cross_sale_relations`
--

LOCK TABLES `ec_product_cross_sale_relations` WRITE;
/*!40000 ALTER TABLE `ec_product_cross_sale_relations` DISABLE KEYS */;
INSERT INTO `ec_product_cross_sale_relations` VALUES (1,1,21),(2,1,6),(3,1,4),(4,2,12),(5,2,23),(6,2,22),(7,2,3),(8,3,20),(9,3,12),(10,3,6),(11,3,23),(12,4,5),(13,4,6),(14,4,7),(15,5,14),(16,5,20),(17,5,8),(18,5,1),(19,6,4),(20,6,13),(21,6,2),(22,6,10),(23,7,23),(24,7,19),(25,7,18),(26,7,16),(27,8,10),(28,8,4),(29,8,5),(30,8,19),(31,9,19),(32,9,18),(33,9,4),(34,9,20),(35,10,23),(36,10,15),(37,10,6),(38,10,13),(39,11,17),(40,11,13),(41,11,19),(42,12,10),(43,12,4),(44,12,8),(45,12,3),(46,13,23),(47,13,3),(48,13,1),(49,13,20),(50,14,11),(51,14,9),(52,14,2),(53,14,21),(54,15,18),(55,15,10),(56,15,21),(57,16,4),(58,16,8),(59,16,1),(60,16,12),(61,17,14),(62,17,16),(63,17,4),(64,17,9),(65,18,11),(66,18,2),(67,18,6),(68,19,14),(69,19,4),(70,19,13),(71,19,15),(72,20,21),(73,20,22),(74,20,23),(75,20,12),(76,21,5),(77,21,14),(78,21,2),(79,21,3),(80,22,20),(81,22,12),(82,22,9),(83,22,13),(84,23,8),(85,23,19),(86,23,10),(87,23,4),(88,24,1),(89,24,12),(90,24,21),(91,24,14);
/*!40000 ALTER TABLE `ec_product_cross_sale_relations` ENABLE KEYS */;
UNLOCK TABLES;

--
-- Table structure for table `ec_product_files`
--

DROP TABLE IF EXISTS `ec_product_files`;
/*!40101 SET @saved_cs_client     = @@character_set_client */;
/*!50503 SET character_set_client = utf8mb4 */;
CREATE TABLE `ec_product_files` (
  `id` bigint unsigned NOT NULL AUTO_INCREMENT,
  `product_id` int DEFAULT NULL,
  `url` varchar(400) COLLATE utf8mb4_unicode_ci DEFAULT NULL,
  `extras` mediumtext COLLATE utf8mb4_unicode_ci,
  `created_at` timestamp NULL DEFAULT NULL,
  `updated_at` timestamp NULL DEFAULT NULL,
  PRIMARY KEY (`id`),
  KEY `ec_product_files_product_id_index` (`product_id`)
) ENGINE=InnoDB DEFAULT CHARSET=utf8mb4 COLLATE=utf8mb4_unicode_ci;
/*!40101 SET character_set_client = @saved_cs_client */;

--
-- Dumping data for table `ec_product_files`
--

LOCK TABLES `ec_product_files` WRITE;
/*!40000 ALTER TABLE `ec_product_files` DISABLE KEYS */;
/*!40000 ALTER TABLE `ec_product_files` ENABLE KEYS */;
UNLOCK TABLES;

--
-- Table structure for table `ec_product_label_products`
--

DROP TABLE IF EXISTS `ec_product_label_products`;
/*!40101 SET @saved_cs_client     = @@character_set_client */;
/*!50503 SET character_set_client = utf8mb4 */;
CREATE TABLE `ec_product_label_products` (
  `product_label_id` int unsigned NOT NULL,
  `product_id` int unsigned NOT NULL,
  PRIMARY KEY (`product_label_id`,`product_id`),
  KEY `ec_product_label_products_product_label_id_index` (`product_label_id`),
  KEY `ec_product_label_products_product_id_index` (`product_id`)
) ENGINE=InnoDB DEFAULT CHARSET=utf8mb4 COLLATE=utf8mb4_unicode_ci;
/*!40101 SET character_set_client = @saved_cs_client */;

--
-- Dumping data for table `ec_product_label_products`
--

LOCK TABLES `ec_product_label_products` WRITE;
/*!40000 ALTER TABLE `ec_product_label_products` DISABLE KEYS */;
INSERT INTO `ec_product_label_products` VALUES (2,14),(2,21),(3,7);
/*!40000 ALTER TABLE `ec_product_label_products` ENABLE KEYS */;
UNLOCK TABLES;

--
-- Table structure for table `ec_product_labels`
--

DROP TABLE IF EXISTS `ec_product_labels`;
/*!40101 SET @saved_cs_client     = @@character_set_client */;
/*!50503 SET character_set_client = utf8mb4 */;
CREATE TABLE `ec_product_labels` (
  `id` bigint unsigned NOT NULL AUTO_INCREMENT,
  `name` varchar(255) COLLATE utf8mb4_unicode_ci NOT NULL,
  `color` varchar(120) COLLATE utf8mb4_unicode_ci DEFAULT NULL,
  `status` varchar(60) COLLATE utf8mb4_unicode_ci NOT NULL DEFAULT 'published',
  `created_at` timestamp NULL DEFAULT NULL,
  `updated_at` timestamp NULL DEFAULT NULL,
  PRIMARY KEY (`id`)
) ENGINE=InnoDB AUTO_INCREMENT=4 DEFAULT CHARSET=utf8mb4 COLLATE=utf8mb4_unicode_ci;
/*!40101 SET character_set_client = @saved_cs_client */;

--
-- Dumping data for table `ec_product_labels`
--

LOCK TABLES `ec_product_labels` WRITE;
/*!40000 ALTER TABLE `ec_product_labels` DISABLE KEYS */;
INSERT INTO `ec_product_labels` VALUES (1,'Hot','#ec2434','published','2022-09-22 01:25:36','2022-09-22 01:25:36'),(2,'New','#00c9a7','published','2022-09-22 01:25:36','2022-09-22 01:25:36'),(3,'Sale','#fe9931','published','2022-09-22 01:25:36','2022-09-22 01:25:36');
/*!40000 ALTER TABLE `ec_product_labels` ENABLE KEYS */;
UNLOCK TABLES;

--
-- Table structure for table `ec_product_labels_translations`
--

DROP TABLE IF EXISTS `ec_product_labels_translations`;
/*!40101 SET @saved_cs_client     = @@character_set_client */;
/*!50503 SET character_set_client = utf8mb4 */;
CREATE TABLE `ec_product_labels_translations` (
  `lang_code` varchar(191) COLLATE utf8mb4_unicode_ci NOT NULL,
  `ec_product_labels_id` int NOT NULL,
  `name` varchar(191) COLLATE utf8mb4_unicode_ci DEFAULT NULL,
  `description` varchar(191) COLLATE utf8mb4_unicode_ci DEFAULT NULL,
  PRIMARY KEY (`lang_code`,`ec_product_labels_id`)
) ENGINE=InnoDB DEFAULT CHARSET=utf8mb4 COLLATE=utf8mb4_unicode_ci;
/*!40101 SET character_set_client = @saved_cs_client */;

--
-- Dumping data for table `ec_product_labels_translations`
--

LOCK TABLES `ec_product_labels_translations` WRITE;
/*!40000 ALTER TABLE `ec_product_labels_translations` DISABLE KEYS */;
INSERT INTO `ec_product_labels_translations` VALUES ('vi',1,'Nổi bật',NULL),('vi',2,'Mới',NULL),('vi',3,'Giảm giá',NULL);
/*!40000 ALTER TABLE `ec_product_labels_translations` ENABLE KEYS */;
UNLOCK TABLES;

--
-- Table structure for table `ec_product_related_relations`
--

DROP TABLE IF EXISTS `ec_product_related_relations`;
/*!40101 SET @saved_cs_client     = @@character_set_client */;
/*!50503 SET character_set_client = utf8mb4 */;
CREATE TABLE `ec_product_related_relations` (
  `id` bigint unsigned NOT NULL AUTO_INCREMENT,
  `from_product_id` int unsigned NOT NULL,
  `to_product_id` int unsigned NOT NULL,
  PRIMARY KEY (`id`),
  KEY `ec_product_related_relations_from_product_id_index` (`from_product_id`),
  KEY `ec_product_related_relations_to_product_id_index` (`to_product_id`)
) ENGINE=InnoDB DEFAULT CHARSET=utf8mb4 COLLATE=utf8mb4_unicode_ci;
/*!40101 SET character_set_client = @saved_cs_client */;

--
-- Dumping data for table `ec_product_related_relations`
--

LOCK TABLES `ec_product_related_relations` WRITE;
/*!40000 ALTER TABLE `ec_product_related_relations` DISABLE KEYS */;
/*!40000 ALTER TABLE `ec_product_related_relations` ENABLE KEYS */;
UNLOCK TABLES;

--
-- Table structure for table `ec_product_tag_product`
--

DROP TABLE IF EXISTS `ec_product_tag_product`;
/*!40101 SET @saved_cs_client     = @@character_set_client */;
/*!50503 SET character_set_client = utf8mb4 */;
CREATE TABLE `ec_product_tag_product` (
  `product_id` int unsigned NOT NULL,
  `tag_id` int unsigned NOT NULL,
  PRIMARY KEY (`product_id`,`tag_id`),
  KEY `ec_product_tag_product_product_id_index` (`product_id`),
  KEY `ec_product_tag_product_tag_id_index` (`tag_id`)
) ENGINE=InnoDB DEFAULT CHARSET=utf8mb4 COLLATE=utf8mb4_unicode_ci;
/*!40101 SET character_set_client = @saved_cs_client */;

--
-- Dumping data for table `ec_product_tag_product`
--

LOCK TABLES `ec_product_tag_product` WRITE;
/*!40000 ALTER TABLE `ec_product_tag_product` DISABLE KEYS */;
INSERT INTO `ec_product_tag_product` VALUES (1,2),(1,5),(2,1),(2,5),(3,2),(3,5),(3,6),(4,2),(4,3),(4,4),(5,4),(5,6),(6,1),(6,5),(6,6),(7,1),(7,4),(8,1),(8,6),(9,2),(9,6),(10,3),(10,4),(10,6),(11,4),(11,5),(12,1),(12,3),(13,2),(13,3),(13,5),(14,1),(14,3),(15,2),(15,5),(15,6),(16,3),(16,6),(17,1),(17,3),(17,6),(18,2),(18,4),(18,6),(19,4),(19,5),(20,2),(20,5),(21,1),(21,5),(21,6),(22,2),(22,5),(22,6),(23,1),(23,2),(23,5),(24,4),(24,6);
/*!40000 ALTER TABLE `ec_product_tag_product` ENABLE KEYS */;
UNLOCK TABLES;

--
-- Table structure for table `ec_product_tags`
--

DROP TABLE IF EXISTS `ec_product_tags`;
/*!40101 SET @saved_cs_client     = @@character_set_client */;
/*!50503 SET character_set_client = utf8mb4 */;
CREATE TABLE `ec_product_tags` (
  `id` bigint unsigned NOT NULL AUTO_INCREMENT,
  `name` varchar(120) COLLATE utf8mb4_unicode_ci NOT NULL,
  `description` varchar(400) COLLATE utf8mb4_unicode_ci DEFAULT NULL,
  `status` varchar(60) COLLATE utf8mb4_unicode_ci NOT NULL DEFAULT 'published',
  `created_at` timestamp NULL DEFAULT NULL,
  `updated_at` timestamp NULL DEFAULT NULL,
  PRIMARY KEY (`id`)
) ENGINE=InnoDB AUTO_INCREMENT=6 DEFAULT CHARSET=utf8mb4 COLLATE=utf8mb4_unicode_ci;
/*!40101 SET character_set_client = @saved_cs_client */;

--
-- Dumping data for table `ec_product_tags`
--

LOCK TABLES `ec_product_tags` WRITE;
/*!40000 ALTER TABLE `ec_product_tags` DISABLE KEYS */;
INSERT INTO `ec_product_tags` VALUES (1,'Wallet',NULL,'published','2022-09-22 01:25:36','2022-09-22 01:25:36'),(2,'Bags',NULL,'published','2022-09-22 01:25:36','2022-09-22 01:25:36'),(3,'Shoes',NULL,'published','2022-09-22 01:25:36','2022-09-22 01:25:36'),(4,'Clothes',NULL,'published','2022-09-22 01:25:36','2022-09-22 01:25:36'),(5,'Hand bag',NULL,'published','2022-09-22 01:25:36','2022-09-22 01:25:36');
/*!40000 ALTER TABLE `ec_product_tags` ENABLE KEYS */;
UNLOCK TABLES;

--
-- Table structure for table `ec_product_tags_translations`
--

DROP TABLE IF EXISTS `ec_product_tags_translations`;
/*!40101 SET @saved_cs_client     = @@character_set_client */;
/*!50503 SET character_set_client = utf8mb4 */;
CREATE TABLE `ec_product_tags_translations` (
  `lang_code` varchar(191) COLLATE utf8mb4_unicode_ci NOT NULL,
  `ec_product_tags_id` int NOT NULL,
  `name` varchar(191) COLLATE utf8mb4_unicode_ci DEFAULT NULL,
  PRIMARY KEY (`lang_code`,`ec_product_tags_id`)
) ENGINE=InnoDB DEFAULT CHARSET=utf8mb4 COLLATE=utf8mb4_unicode_ci;
/*!40101 SET character_set_client = @saved_cs_client */;

--
-- Dumping data for table `ec_product_tags_translations`
--

LOCK TABLES `ec_product_tags_translations` WRITE;
/*!40000 ALTER TABLE `ec_product_tags_translations` DISABLE KEYS */;
/*!40000 ALTER TABLE `ec_product_tags_translations` ENABLE KEYS */;
UNLOCK TABLES;

--
-- Table structure for table `ec_product_up_sale_relations`
--

DROP TABLE IF EXISTS `ec_product_up_sale_relations`;
/*!40101 SET @saved_cs_client     = @@character_set_client */;
/*!50503 SET character_set_client = utf8mb4 */;
CREATE TABLE `ec_product_up_sale_relations` (
  `id` bigint unsigned NOT NULL AUTO_INCREMENT,
  `from_product_id` int unsigned NOT NULL,
  `to_product_id` int unsigned NOT NULL,
  PRIMARY KEY (`id`),
  KEY `ec_product_up_sale_relations_from_product_id_index` (`from_product_id`),
  KEY `ec_product_up_sale_relations_to_product_id_index` (`to_product_id`)
) ENGINE=InnoDB DEFAULT CHARSET=utf8mb4 COLLATE=utf8mb4_unicode_ci;
/*!40101 SET character_set_client = @saved_cs_client */;

--
-- Dumping data for table `ec_product_up_sale_relations`
--

LOCK TABLES `ec_product_up_sale_relations` WRITE;
/*!40000 ALTER TABLE `ec_product_up_sale_relations` DISABLE KEYS */;
/*!40000 ALTER TABLE `ec_product_up_sale_relations` ENABLE KEYS */;
UNLOCK TABLES;

--
-- Table structure for table `ec_product_variation_items`
--

DROP TABLE IF EXISTS `ec_product_variation_items`;
/*!40101 SET @saved_cs_client     = @@character_set_client */;
/*!50503 SET character_set_client = utf8mb4 */;
CREATE TABLE `ec_product_variation_items` (
  `id` bigint unsigned NOT NULL AUTO_INCREMENT,
  `attribute_id` int unsigned NOT NULL,
  `variation_id` int unsigned NOT NULL,
  PRIMARY KEY (`id`),
  KEY `ec_product_variation_items_attribute_id_variation_id_index` (`attribute_id`,`variation_id`)
) ENGINE=InnoDB AUTO_INCREMENT=131 DEFAULT CHARSET=utf8mb4 COLLATE=utf8mb4_unicode_ci;
/*!40101 SET character_set_client = @saved_cs_client */;

--
-- Dumping data for table `ec_product_variation_items`
--

LOCK TABLES `ec_product_variation_items` WRITE;
/*!40000 ALTER TABLE `ec_product_variation_items` DISABLE KEYS */;
INSERT INTO `ec_product_variation_items` VALUES (7,1,4),(19,1,10),(27,1,14),(45,1,23),(51,1,26),(59,1,30),(67,1,34),(77,1,39),(117,1,59),(9,2,5),(11,2,6),(15,2,8),(23,2,12),(25,2,13),(31,2,16),(33,2,17),(35,2,18),(41,2,21),(43,2,22),(49,2,25),(63,2,32),(65,2,33),(73,2,37),(83,2,42),(87,2,44),(89,2,45),(91,2,46),(93,2,47),(95,2,48),(101,2,51),(103,2,52),(113,2,57),(115,2,58),(3,3,2),(13,3,7),(17,3,9),(21,3,11),(37,3,19),(57,3,29),(71,3,36),(85,3,43),(99,3,50),(105,3,53),(125,3,63),(129,3,65),(1,4,1),(5,4,3),(39,4,20),(53,4,27),(61,4,31),(75,4,38),(79,4,40),(81,4,41),(109,4,55),(119,4,60),(29,5,15),(47,5,24),(55,5,28),(69,5,35),(97,5,49),(107,5,54),(111,5,56),(121,5,61),(123,5,62),(127,5,64),(2,6,1),(4,6,2),(6,6,3),(14,6,7),(26,6,13),(28,6,14),(60,6,30),(62,6,31),(72,6,36),(76,6,38),(96,6,48),(98,6,49),(114,6,57),(120,6,60),(20,7,10),(30,7,15),(34,7,17),(46,7,23),(70,7,35),(82,7,41),(88,7,44),(92,7,46),(102,7,51),(106,7,53),(108,7,54),(112,7,56),(8,8,4),(32,8,16),(36,8,18),(40,8,20),(50,8,25),(56,8,28),(68,8,34),(90,8,45),(10,9,5),(16,9,8),(18,9,9),(24,9,12),(38,9,19),(44,9,22),(48,9,24),(52,9,26),(58,9,29),(64,9,32),(66,9,33),(80,9,40),(86,9,43),(100,9,50),(104,9,52),(110,9,55),(118,9,59),(126,9,63),(12,10,6),(22,10,11),(42,10,21),(54,10,27),(74,10,37),(78,10,39),(84,10,42),(94,10,47),(116,10,58),(122,10,61),(124,10,62),(128,10,64),(130,10,65);
/*!40000 ALTER TABLE `ec_product_variation_items` ENABLE KEYS */;
UNLOCK TABLES;

--
-- Table structure for table `ec_product_variations`
--

DROP TABLE IF EXISTS `ec_product_variations`;
/*!40101 SET @saved_cs_client     = @@character_set_client */;
/*!50503 SET character_set_client = utf8mb4 */;
CREATE TABLE `ec_product_variations` (
  `id` bigint unsigned NOT NULL AUTO_INCREMENT,
  `product_id` int unsigned DEFAULT NULL,
  `configurable_product_id` int unsigned NOT NULL,
  `is_default` tinyint NOT NULL DEFAULT '0',
  PRIMARY KEY (`id`),
  KEY `ec_product_variations_product_id_configurable_product_id_index` (`product_id`,`configurable_product_id`)
) ENGINE=InnoDB AUTO_INCREMENT=66 DEFAULT CHARSET=utf8mb4 COLLATE=utf8mb4_unicode_ci;
/*!40101 SET character_set_client = @saved_cs_client */;

--
-- Dumping data for table `ec_product_variations`
--

LOCK TABLES `ec_product_variations` WRITE;
/*!40000 ALTER TABLE `ec_product_variations` DISABLE KEYS */;
INSERT INTO `ec_product_variations` VALUES (1,25,1,1),(2,26,2,1),(3,27,2,0),(4,28,3,1),(5,29,3,0),(6,30,4,1),(7,31,4,0),(8,32,5,1),(9,33,6,1),(10,34,7,1),(11,35,7,0),(12,36,7,0),(13,37,8,1),(14,38,8,0),(15,39,8,0),(16,40,8,0),(17,41,9,1),(18,42,9,0),(19,43,9,0),(20,44,9,0),(21,45,10,1),(22,46,10,0),(23,47,11,1),(24,48,11,0),(25,49,11,0),(26,50,12,1),(27,51,12,0),(28,52,12,0),(29,53,13,1),(30,54,13,0),(31,55,14,1),(32,56,14,0),(33,57,14,0),(34,58,14,0),(35,59,15,1),(36,60,15,0),(37,61,15,0),(38,62,16,1),(39,63,16,0),(40,64,16,0),(41,65,16,0),(42,66,16,0),(43,67,17,1),(44,68,17,0),(45,69,17,0),(46,70,18,1),(47,71,18,0),(48,72,19,1),(49,73,20,1),(50,74,20,0),(51,75,20,0),(52,76,21,1),(53,77,21,0),(54,78,21,0),(55,79,21,0),(56,80,22,1),(57,81,22,0),(58,82,22,0),(59,83,23,1),(60,84,23,0),(61,85,23,0),(62,86,24,1),(63,87,24,0),(64,88,24,0),(65,89,24,0);
/*!40000 ALTER TABLE `ec_product_variations` ENABLE KEYS */;
UNLOCK TABLES;

--
-- Table structure for table `ec_product_with_attribute_set`
--

DROP TABLE IF EXISTS `ec_product_with_attribute_set`;
/*!40101 SET @saved_cs_client     = @@character_set_client */;
/*!50503 SET character_set_client = utf8mb4 */;
CREATE TABLE `ec_product_with_attribute_set` (
  `id` bigint unsigned NOT NULL AUTO_INCREMENT,
  `attribute_set_id` int unsigned NOT NULL,
  `product_id` int unsigned NOT NULL,
  `order` tinyint unsigned NOT NULL DEFAULT '0',
  PRIMARY KEY (`id`)
) ENGINE=InnoDB AUTO_INCREMENT=49 DEFAULT CHARSET=utf8mb4 COLLATE=utf8mb4_unicode_ci;
/*!40101 SET character_set_client = @saved_cs_client */;

--
-- Dumping data for table `ec_product_with_attribute_set`
--

LOCK TABLES `ec_product_with_attribute_set` WRITE;
/*!40000 ALTER TABLE `ec_product_with_attribute_set` DISABLE KEYS */;
INSERT INTO `ec_product_with_attribute_set` VALUES (1,1,1,0),(2,2,1,0),(3,1,2,0),(4,2,2,0),(5,1,3,0),(6,2,3,0),(7,1,4,0),(8,2,4,0),(9,1,5,0),(10,2,5,0),(11,1,6,0),(12,2,6,0),(13,1,7,0),(14,2,7,0),(15,1,8,0),(16,2,8,0),(17,1,9,0),(18,2,9,0),(19,1,10,0),(20,2,10,0),(21,1,11,0),(22,2,11,0),(23,1,12,0),(24,2,12,0),(25,1,13,0),(26,2,13,0),(27,1,14,0),(28,2,14,0),(29,1,15,0),(30,2,15,0),(31,1,16,0),(32,2,16,0),(33,1,17,0),(34,2,17,0),(35,1,18,0),(36,2,18,0),(37,1,19,0),(38,2,19,0),(39,1,20,0),(40,2,20,0),(41,1,21,0),(42,2,21,0),(43,1,22,0),(44,2,22,0),(45,1,23,0),(46,2,23,0),(47,1,24,0),(48,2,24,0);
/*!40000 ALTER TABLE `ec_product_with_attribute_set` ENABLE KEYS */;
UNLOCK TABLES;

--
-- Table structure for table `ec_products`
--

DROP TABLE IF EXISTS `ec_products`;
/*!40101 SET @saved_cs_client     = @@character_set_client */;
/*!50503 SET character_set_client = utf8mb4 */;
CREATE TABLE `ec_products` (
  `id` bigint unsigned NOT NULL AUTO_INCREMENT,
  `name` varchar(191) COLLATE utf8mb4_unicode_ci NOT NULL,
  `description` text COLLATE utf8mb4_unicode_ci,
  `content` longtext COLLATE utf8mb4_unicode_ci,
  `status` varchar(60) COLLATE utf8mb4_unicode_ci NOT NULL DEFAULT 'published',
  `images` text COLLATE utf8mb4_unicode_ci,
  `sku` varchar(191) COLLATE utf8mb4_unicode_ci DEFAULT NULL,
  `order` int unsigned NOT NULL DEFAULT '0',
  `quantity` int unsigned DEFAULT NULL,
  `allow_checkout_when_out_of_stock` tinyint unsigned NOT NULL DEFAULT '0',
  `with_storehouse_management` tinyint unsigned NOT NULL DEFAULT '0',
  `is_featured` tinyint unsigned NOT NULL DEFAULT '0',
  `brand_id` int unsigned DEFAULT NULL,
  `is_variation` tinyint NOT NULL DEFAULT '0',
  `sale_type` tinyint NOT NULL DEFAULT '0',
  `price` double unsigned DEFAULT NULL,
  `sale_price` double unsigned DEFAULT NULL,
  `start_date` timestamp NULL DEFAULT NULL,
  `end_date` timestamp NULL DEFAULT NULL,
  `length` double(8,2) DEFAULT NULL,
  `wide` double(8,2) DEFAULT NULL,
  `height` double(8,2) DEFAULT NULL,
  `weight` double(8,2) DEFAULT NULL,
  `tax_id` int unsigned DEFAULT NULL,
  `views` bigint NOT NULL DEFAULT '0',
  `created_at` timestamp NULL DEFAULT NULL,
  `updated_at` timestamp NULL DEFAULT NULL,
  `stock_status` varchar(191) COLLATE utf8mb4_unicode_ci DEFAULT 'in_stock',
  `created_by_id` int DEFAULT '0',
  `created_by_type` varchar(255) COLLATE utf8mb4_unicode_ci NOT NULL DEFAULT 'Botble\\ACL\\Models\\User',
  `image` varchar(255) COLLATE utf8mb4_unicode_ci DEFAULT NULL,
  `product_type` varchar(60) COLLATE utf8mb4_unicode_ci DEFAULT 'physical',
  `store_id` int unsigned DEFAULT NULL,
  `approved_by` int DEFAULT '0',
  PRIMARY KEY (`id`),
  KEY `ec_products_brand_id_status_is_variation_created_at_index` (`brand_id`,`status`,`is_variation`,`created_at`),
  KEY `ec_products_sale_type_index` (`sale_type`),
  KEY `ec_products_start_date_index` (`start_date`),
  KEY `ec_products_end_date_index` (`end_date`),
  KEY `ec_products_sale_price_index` (`sale_price`),
  KEY `ec_products_is_variation_index` (`is_variation`)
) ENGINE=InnoDB AUTO_INCREMENT=90 DEFAULT CHARSET=utf8mb4 COLLATE=utf8mb4_unicode_ci;
/*!40101 SET character_set_client = @saved_cs_client */;

--
-- Dumping data for table `ec_products`
--

LOCK TABLES `ec_products` WRITE;
/*!40000 ALTER TABLE `ec_products` DISABLE KEYS */;
INSERT INTO `ec_products` VALUES (1,'Seeds of Change Organic Quinoe','<p>Short Hooded Coat features a straight body, large pockets with button flaps, ventilation air holes, and a string detail along the hemline.</p><ul>\n                                        <li><i class=\"fi-rs-hourglass mr-5 text-brand\"></i> 1 Year AL Jazeera Brand Warranty</li>\n                                        <li><i class=\"fi-rs-paper-plane mr-5 text-brand\"></i> 30 Day Return Policy</li>\n                                        <li><i class=\"fi-rs-credit-card mr-5 text-brand\"></i> Cash on Delivery available</li>\n                                    </ul>','<p>Short Hooded Coat features a straight body, large pockets with button flaps, ventilation air holes, and a string detail along the hemline. The style is completed with a drawstring hood, featuring Rains&rsquo; signature built-in cap. Made from waterproof, matte PU, this lightweight unisex rain jacket is an ode to nostalgia through its classic silhouette and utilitarian design details.</p>\n                                <p>- Casual unisex fit</p>\n\n                                <p>- 64% polyester, 36% polyurethane</p>\n\n                                <p>- Water column pressure: 4000 mm</p>\n\n                                <p>- Model is 187cm tall and wearing a size S / M</p>\n\n                                <p>- Unisex fit</p>\n\n                                <p>- Drawstring hood with built-in cap</p>\n\n                                <p>- Front placket with snap buttons</p>\n\n                                <p>- Ventilation under armpit</p>\n\n                                <p>- Adjustable cuffs</p>\n\n                                <p>- Double welted front pockets</p>\n\n                                <p>- Adjustable elastic string at hempen</p>\n\n                                <p>- Ultrasonically welded seams</p>\n\n                                <p>This is a unisex item, please check our clothing &amp; footwear sizing guide for specific Rains jacket sizing information. RAINS comes from the rainy nation of Denmark at the edge of the European continent, close to the ocean and with prevailing westerly winds; all factors that contribute to an average of 121 rain days each year. Arising from these rainy weather conditions comes the attitude that a quick rain shower may be beautiful, as well as moody- but first and foremost requires the right outfit. Rains focus on the whole experience of going outside on rainy days, issuing an invitation to explore even in the most mercurial weather.</p>','published','[\"products\\/1.jpg\",\"products\\/1-1.jpg\"]','HS-186-A0',0,11,0,1,1,1,0,0,317,NULL,NULL,NULL,20.00,10.00,15.00,551.00,1,107575,'2022-09-22 01:25:59','2022-09-22 01:27:40','in_stock',0,'Botble\\ACL\\Models\\User',NULL,'physical',5,0),(2,'All Natural Italian-Style Chicken Meatballs','<p>Short Hooded Coat features a straight body, large pockets with button flaps, ventilation air holes, and a string detail along the hemline.</p><ul>\n                                        <li><i class=\"fi-rs-hourglass mr-5 text-brand\"></i> 1 Year AL Jazeera Brand Warranty</li>\n                                        <li><i class=\"fi-rs-paper-plane mr-5 text-brand\"></i> 30 Day Return Policy</li>\n                                        <li><i class=\"fi-rs-credit-card mr-5 text-brand\"></i> Cash on Delivery available</li>\n                                    </ul>','<p>Short Hooded Coat features a straight body, large pockets with button flaps, ventilation air holes, and a string detail along the hemline. The style is completed with a drawstring hood, featuring Rains&rsquo; signature built-in cap. Made from waterproof, matte PU, this lightweight unisex rain jacket is an ode to nostalgia through its classic silhouette and utilitarian design details.</p>\n                                <p>- Casual unisex fit</p>\n\n                                <p>- 64% polyester, 36% polyurethane</p>\n\n                                <p>- Water column pressure: 4000 mm</p>\n\n                                <p>- Model is 187cm tall and wearing a size S / M</p>\n\n                                <p>- Unisex fit</p>\n\n                                <p>- Drawstring hood with built-in cap</p>\n\n                                <p>- Front placket with snap buttons</p>\n\n                                <p>- Ventilation under armpit</p>\n\n                                <p>- Adjustable cuffs</p>\n\n                                <p>- Double welted front pockets</p>\n\n                                <p>- Adjustable elastic string at hempen</p>\n\n                                <p>- Ultrasonically welded seams</p>\n\n                                <p>This is a unisex item, please check our clothing &amp; footwear sizing guide for specific Rains jacket sizing information. RAINS comes from the rainy nation of Denmark at the edge of the European continent, close to the ocean and with prevailing westerly winds; all factors that contribute to an average of 121 rain days each year. Arising from these rainy weather conditions comes the attitude that a quick rain shower may be beautiful, as well as moody- but first and foremost requires the right outfit. Rains focus on the whole experience of going outside on rainy days, issuing an invitation to explore even in the most mercurial weather.</p>','published','[\"products\\/2.jpg\",\"products\\/2-1.jpg\"]','HS-101-A0',0,19,0,1,1,5,0,0,393,NULL,NULL,NULL,12.00,15.00,19.00,567.00,1,163328,'2022-09-22 01:25:59','2022-09-22 01:27:40','in_stock',0,'Botble\\ACL\\Models\\User',NULL,'physical',5,0),(3,'Angie’s Boomchickapop Sweet & Salty Kettle Corn','<p>Short Hooded Coat features a straight body, large pockets with button flaps, ventilation air holes, and a string detail along the hemline.</p><ul>\n                                        <li><i class=\"fi-rs-hourglass mr-5 text-brand\"></i> 1 Year AL Jazeera Brand Warranty</li>\n                                        <li><i class=\"fi-rs-paper-plane mr-5 text-brand\"></i> 30 Day Return Policy</li>\n                                        <li><i class=\"fi-rs-credit-card mr-5 text-brand\"></i> Cash on Delivery available</li>\n                                    </ul>','<p>Short Hooded Coat features a straight body, large pockets with button flaps, ventilation air holes, and a string detail along the hemline. The style is completed with a drawstring hood, featuring Rains&rsquo; signature built-in cap. Made from waterproof, matte PU, this lightweight unisex rain jacket is an ode to nostalgia through its classic silhouette and utilitarian design details.</p>\n                                <p>- Casual unisex fit</p>\n\n                                <p>- 64% polyester, 36% polyurethane</p>\n\n                                <p>- Water column pressure: 4000 mm</p>\n\n                                <p>- Model is 187cm tall and wearing a size S / M</p>\n\n                                <p>- Unisex fit</p>\n\n                                <p>- Drawstring hood with built-in cap</p>\n\n                                <p>- Front placket with snap buttons</p>\n\n                                <p>- Ventilation under armpit</p>\n\n                                <p>- Adjustable cuffs</p>\n\n                                <p>- Double welted front pockets</p>\n\n                                <p>- Adjustable elastic string at hempen</p>\n\n                                <p>- Ultrasonically welded seams</p>\n\n                                <p>This is a unisex item, please check our clothing &amp; footwear sizing guide for specific Rains jacket sizing information. RAINS comes from the rainy nation of Denmark at the edge of the European continent, close to the ocean and with prevailing westerly winds; all factors that contribute to an average of 121 rain days each year. Arising from these rainy weather conditions comes the attitude that a quick rain shower may be beautiful, as well as moody- but first and foremost requires the right outfit. Rains focus on the whole experience of going outside on rainy days, issuing an invitation to explore even in the most mercurial weather.</p>','published','[\"products\\/3.jpg\",\"products\\/3-1.jpg\"]','HS-113-A0',0,10,0,1,1,7,0,0,332,NULL,NULL,NULL,12.00,15.00,16.00,753.00,1,182866,'2022-09-22 01:26:00','2022-09-22 01:27:40','in_stock',0,'Botble\\ACL\\Models\\User',NULL,'physical',1,0),(4,'Foster Farms Takeout Crispy Classic','<p>Short Hooded Coat features a straight body, large pockets with button flaps, ventilation air holes, and a string detail along the hemline.</p><ul>\n                                        <li><i class=\"fi-rs-hourglass mr-5 text-brand\"></i> 1 Year AL Jazeera Brand Warranty</li>\n                                        <li><i class=\"fi-rs-paper-plane mr-5 text-brand\"></i> 30 Day Return Policy</li>\n                                        <li><i class=\"fi-rs-credit-card mr-5 text-brand\"></i> Cash on Delivery available</li>\n                                    </ul>','<p>Short Hooded Coat features a straight body, large pockets with button flaps, ventilation air holes, and a string detail along the hemline. The style is completed with a drawstring hood, featuring Rains&rsquo; signature built-in cap. Made from waterproof, matte PU, this lightweight unisex rain jacket is an ode to nostalgia through its classic silhouette and utilitarian design details.</p>\n                                <p>- Casual unisex fit</p>\n\n                                <p>- 64% polyester, 36% polyurethane</p>\n\n                                <p>- Water column pressure: 4000 mm</p>\n\n                                <p>- Model is 187cm tall and wearing a size S / M</p>\n\n                                <p>- Unisex fit</p>\n\n                                <p>- Drawstring hood with built-in cap</p>\n\n                                <p>- Front placket with snap buttons</p>\n\n                                <p>- Ventilation under armpit</p>\n\n                                <p>- Adjustable cuffs</p>\n\n                                <p>- Double welted front pockets</p>\n\n                                <p>- Adjustable elastic string at hempen</p>\n\n                                <p>- Ultrasonically welded seams</p>\n\n                                <p>This is a unisex item, please check our clothing &amp; footwear sizing guide for specific Rains jacket sizing information. RAINS comes from the rainy nation of Denmark at the edge of the European continent, close to the ocean and with prevailing westerly winds; all factors that contribute to an average of 121 rain days each year. Arising from these rainy weather conditions comes the attitude that a quick rain shower may be beautiful, as well as moody- but first and foremost requires the right outfit. Rains focus on the whole experience of going outside on rainy days, issuing an invitation to explore even in the most mercurial weather.</p>','published','[\"products\\/4.jpg\",\"products\\/4-1.jpg\"]','HS-174-A0',0,16,0,1,1,7,0,0,78,70.2,NULL,NULL,20.00,19.00,19.00,617.00,1,103149,'2022-09-22 01:26:00','2022-09-22 01:27:40','in_stock',0,'Botble\\ACL\\Models\\User',NULL,'physical',4,0),(5,'Blue Diamond Almonds Lightly','<p>Short Hooded Coat features a straight body, large pockets with button flaps, ventilation air holes, and a string detail along the hemline.</p><ul>\n                                        <li><i class=\"fi-rs-hourglass mr-5 text-brand\"></i> 1 Year AL Jazeera Brand Warranty</li>\n                                        <li><i class=\"fi-rs-paper-plane mr-5 text-brand\"></i> 30 Day Return Policy</li>\n                                        <li><i class=\"fi-rs-credit-card mr-5 text-brand\"></i> Cash on Delivery available</li>\n                                    </ul>','<p>Short Hooded Coat features a straight body, large pockets with button flaps, ventilation air holes, and a string detail along the hemline. The style is completed with a drawstring hood, featuring Rains&rsquo; signature built-in cap. Made from waterproof, matte PU, this lightweight unisex rain jacket is an ode to nostalgia through its classic silhouette and utilitarian design details.</p>\n                                <p>- Casual unisex fit</p>\n\n                                <p>- 64% polyester, 36% polyurethane</p>\n\n                                <p>- Water column pressure: 4000 mm</p>\n\n                                <p>- Model is 187cm tall and wearing a size S / M</p>\n\n                                <p>- Unisex fit</p>\n\n                                <p>- Drawstring hood with built-in cap</p>\n\n                                <p>- Front placket with snap buttons</p>\n\n                                <p>- Ventilation under armpit</p>\n\n                                <p>- Adjustable cuffs</p>\n\n                                <p>- Double welted front pockets</p>\n\n                                <p>- Adjustable elastic string at hempen</p>\n\n                                <p>- Ultrasonically welded seams</p>\n\n                                <p>This is a unisex item, please check our clothing &amp; footwear sizing guide for specific Rains jacket sizing information. RAINS comes from the rainy nation of Denmark at the edge of the European continent, close to the ocean and with prevailing westerly winds; all factors that contribute to an average of 121 rain days each year. Arising from these rainy weather conditions comes the attitude that a quick rain shower may be beautiful, as well as moody- but first and foremost requires the right outfit. Rains focus on the whole experience of going outside on rainy days, issuing an invitation to explore even in the most mercurial weather.</p>','published','[\"products\\/5.jpg\",\"products\\/5-1.jpg\"]','HS-123-A0',0,17,0,1,1,3,0,0,47,NULL,NULL,NULL,11.00,15.00,14.00,734.00,1,138582,'2022-09-22 01:26:00','2022-09-22 01:27:40','in_stock',0,'Botble\\ACL\\Models\\User',NULL,'physical',2,0),(6,'Chobani Complete Vanilla Greek','<p>Short Hooded Coat features a straight body, large pockets with button flaps, ventilation air holes, and a string detail along the hemline.</p><ul>\n                                        <li><i class=\"fi-rs-hourglass mr-5 text-brand\"></i> 1 Year AL Jazeera Brand Warranty</li>\n                                        <li><i class=\"fi-rs-paper-plane mr-5 text-brand\"></i> 30 Day Return Policy</li>\n                                        <li><i class=\"fi-rs-credit-card mr-5 text-brand\"></i> Cash on Delivery available</li>\n                                    </ul>','<p>Short Hooded Coat features a straight body, large pockets with button flaps, ventilation air holes, and a string detail along the hemline. The style is completed with a drawstring hood, featuring Rains&rsquo; signature built-in cap. Made from waterproof, matte PU, this lightweight unisex rain jacket is an ode to nostalgia through its classic silhouette and utilitarian design details.</p>\n                                <p>- Casual unisex fit</p>\n\n                                <p>- 64% polyester, 36% polyurethane</p>\n\n                                <p>- Water column pressure: 4000 mm</p>\n\n                                <p>- Model is 187cm tall and wearing a size S / M</p>\n\n                                <p>- Unisex fit</p>\n\n                                <p>- Drawstring hood with built-in cap</p>\n\n                                <p>- Front placket with snap buttons</p>\n\n                                <p>- Ventilation under armpit</p>\n\n                                <p>- Adjustable cuffs</p>\n\n                                <p>- Double welted front pockets</p>\n\n                                <p>- Adjustable elastic string at hempen</p>\n\n                                <p>- Ultrasonically welded seams</p>\n\n                                <p>This is a unisex item, please check our clothing &amp; footwear sizing guide for specific Rains jacket sizing information. RAINS comes from the rainy nation of Denmark at the edge of the European continent, close to the ocean and with prevailing westerly winds; all factors that contribute to an average of 121 rain days each year. Arising from these rainy weather conditions comes the attitude that a quick rain shower may be beautiful, as well as moody- but first and foremost requires the right outfit. Rains focus on the whole experience of going outside on rainy days, issuing an invitation to explore even in the most mercurial weather.</p>','published','[\"products\\/6.jpg\",\"products\\/6-1.jpg\"]','HS-113-A0',0,10,0,1,1,3,0,0,60,NULL,NULL,NULL,20.00,20.00,13.00,718.00,1,78419,'2022-09-22 01:26:00','2022-09-22 01:27:40','in_stock',0,'Botble\\ACL\\Models\\User',NULL,'physical',2,0),(7,'Canada Dry Ginger Ale – 2 L Bottle','<p>Short Hooded Coat features a straight body, large pockets with button flaps, ventilation air holes, and a string detail along the hemline.</p><ul>\n                                        <li><i class=\"fi-rs-hourglass mr-5 text-brand\"></i> 1 Year AL Jazeera Brand Warranty</li>\n                                        <li><i class=\"fi-rs-paper-plane mr-5 text-brand\"></i> 30 Day Return Policy</li>\n                                        <li><i class=\"fi-rs-credit-card mr-5 text-brand\"></i> Cash on Delivery available</li>\n                                    </ul>','<p>Short Hooded Coat features a straight body, large pockets with button flaps, ventilation air holes, and a string detail along the hemline. The style is completed with a drawstring hood, featuring Rains&rsquo; signature built-in cap. Made from waterproof, matte PU, this lightweight unisex rain jacket is an ode to nostalgia through its classic silhouette and utilitarian design details.</p>\n                                <p>- Casual unisex fit</p>\n\n                                <p>- 64% polyester, 36% polyurethane</p>\n\n                                <p>- Water column pressure: 4000 mm</p>\n\n                                <p>- Model is 187cm tall and wearing a size S / M</p>\n\n                                <p>- Unisex fit</p>\n\n                                <p>- Drawstring hood with built-in cap</p>\n\n                                <p>- Front placket with snap buttons</p>\n\n                                <p>- Ventilation under armpit</p>\n\n                                <p>- Adjustable cuffs</p>\n\n                                <p>- Double welted front pockets</p>\n\n                                <p>- Adjustable elastic string at hempen</p>\n\n                                <p>- Ultrasonically welded seams</p>\n\n                                <p>This is a unisex item, please check our clothing &amp; footwear sizing guide for specific Rains jacket sizing information. RAINS comes from the rainy nation of Denmark at the edge of the European continent, close to the ocean and with prevailing westerly winds; all factors that contribute to an average of 121 rain days each year. Arising from these rainy weather conditions comes the attitude that a quick rain shower may be beautiful, as well as moody- but first and foremost requires the right outfit. Rains focus on the whole experience of going outside on rainy days, issuing an invitation to explore even in the most mercurial weather.</p>','published','[\"products\\/7.jpg\",\"products\\/7-1.jpg\"]','HS-129-A0',0,18,0,1,1,4,0,0,125,NULL,NULL,NULL,17.00,20.00,16.00,844.00,1,80310,'2022-09-22 01:26:00','2022-09-22 01:27:40','in_stock',0,'Botble\\ACL\\Models\\User',NULL,'physical',3,0),(8,'Encore Seafoods Stuffed Alaskan','<p>Short Hooded Coat features a straight body, large pockets with button flaps, ventilation air holes, and a string detail along the hemline.</p><ul>\n                                        <li><i class=\"fi-rs-hourglass mr-5 text-brand\"></i> 1 Year AL Jazeera Brand Warranty</li>\n                                        <li><i class=\"fi-rs-paper-plane mr-5 text-brand\"></i> 30 Day Return Policy</li>\n                                        <li><i class=\"fi-rs-credit-card mr-5 text-brand\"></i> Cash on Delivery available</li>\n                                    </ul>','<p>Short Hooded Coat features a straight body, large pockets with button flaps, ventilation air holes, and a string detail along the hemline. The style is completed with a drawstring hood, featuring Rains&rsquo; signature built-in cap. Made from waterproof, matte PU, this lightweight unisex rain jacket is an ode to nostalgia through its classic silhouette and utilitarian design details.</p>\n                                <p>- Casual unisex fit</p>\n\n                                <p>- 64% polyester, 36% polyurethane</p>\n\n                                <p>- Water column pressure: 4000 mm</p>\n\n                                <p>- Model is 187cm tall and wearing a size S / M</p>\n\n                                <p>- Unisex fit</p>\n\n                                <p>- Drawstring hood with built-in cap</p>\n\n                                <p>- Front placket with snap buttons</p>\n\n                                <p>- Ventilation under armpit</p>\n\n                                <p>- Adjustable cuffs</p>\n\n                                <p>- Double welted front pockets</p>\n\n                                <p>- Adjustable elastic string at hempen</p>\n\n                                <p>- Ultrasonically welded seams</p>\n\n                                <p>This is a unisex item, please check our clothing &amp; footwear sizing guide for specific Rains jacket sizing information. RAINS comes from the rainy nation of Denmark at the edge of the European continent, close to the ocean and with prevailing westerly winds; all factors that contribute to an average of 121 rain days each year. Arising from these rainy weather conditions comes the attitude that a quick rain shower may be beautiful, as well as moody- but first and foremost requires the right outfit. Rains focus on the whole experience of going outside on rainy days, issuing an invitation to explore even in the most mercurial weather.</p>','published','[\"products\\/8.jpg\",\"products\\/8-1.jpg\"]','HS-181-A0',0,11,0,1,1,2,0,0,130,101.4,NULL,NULL,10.00,17.00,17.00,840.00,1,160637,'2022-09-22 01:26:00','2022-09-22 01:27:40','in_stock',0,'Botble\\ACL\\Models\\User',NULL,'physical',3,0),(9,'Gorton’s Beer Battered Fish Fillets','<p>Short Hooded Coat features a straight body, large pockets with button flaps, ventilation air holes, and a string detail along the hemline.</p><ul>\n                                        <li><i class=\"fi-rs-hourglass mr-5 text-brand\"></i> 1 Year AL Jazeera Brand Warranty</li>\n                                        <li><i class=\"fi-rs-paper-plane mr-5 text-brand\"></i> 30 Day Return Policy</li>\n                                        <li><i class=\"fi-rs-credit-card mr-5 text-brand\"></i> Cash on Delivery available</li>\n                                    </ul>','<p>Short Hooded Coat features a straight body, large pockets with button flaps, ventilation air holes, and a string detail along the hemline. The style is completed with a drawstring hood, featuring Rains&rsquo; signature built-in cap. Made from waterproof, matte PU, this lightweight unisex rain jacket is an ode to nostalgia through its classic silhouette and utilitarian design details.</p>\n                                <p>- Casual unisex fit</p>\n\n                                <p>- 64% polyester, 36% polyurethane</p>\n\n                                <p>- Water column pressure: 4000 mm</p>\n\n                                <p>- Model is 187cm tall and wearing a size S / M</p>\n\n                                <p>- Unisex fit</p>\n\n                                <p>- Drawstring hood with built-in cap</p>\n\n                                <p>- Front placket with snap buttons</p>\n\n                                <p>- Ventilation under armpit</p>\n\n                                <p>- Adjustable cuffs</p>\n\n                                <p>- Double welted front pockets</p>\n\n                                <p>- Adjustable elastic string at hempen</p>\n\n                                <p>- Ultrasonically welded seams</p>\n\n                                <p>This is a unisex item, please check our clothing &amp; footwear sizing guide for specific Rains jacket sizing information. RAINS comes from the rainy nation of Denmark at the edge of the European continent, close to the ocean and with prevailing westerly winds; all factors that contribute to an average of 121 rain days each year. Arising from these rainy weather conditions comes the attitude that a quick rain shower may be beautiful, as well as moody- but first and foremost requires the right outfit. Rains focus on the whole experience of going outside on rainy days, issuing an invitation to explore even in the most mercurial weather.</p>','published','[\"products\\/9.jpg\",\"products\\/9-1.jpg\"]','HS-127-A0',0,12,0,1,1,5,0,0,115,NULL,NULL,NULL,11.00,13.00,20.00,652.00,1,85813,'2022-09-22 01:26:00','2022-09-22 01:27:40','in_stock',0,'Botble\\ACL\\Models\\User',NULL,'physical',4,0),(10,'Haagen-Dazs Caramel Cone Ice Cream','<p>Short Hooded Coat features a straight body, large pockets with button flaps, ventilation air holes, and a string detail along the hemline.</p><ul>\n                                        <li><i class=\"fi-rs-hourglass mr-5 text-brand\"></i> 1 Year AL Jazeera Brand Warranty</li>\n                                        <li><i class=\"fi-rs-paper-plane mr-5 text-brand\"></i> 30 Day Return Policy</li>\n                                        <li><i class=\"fi-rs-credit-card mr-5 text-brand\"></i> Cash on Delivery available</li>\n                                    </ul>','<p>Short Hooded Coat features a straight body, large pockets with button flaps, ventilation air holes, and a string detail along the hemline. The style is completed with a drawstring hood, featuring Rains&rsquo; signature built-in cap. Made from waterproof, matte PU, this lightweight unisex rain jacket is an ode to nostalgia through its classic silhouette and utilitarian design details.</p>\n                                <p>- Casual unisex fit</p>\n\n                                <p>- 64% polyester, 36% polyurethane</p>\n\n                                <p>- Water column pressure: 4000 mm</p>\n\n                                <p>- Model is 187cm tall and wearing a size S / M</p>\n\n                                <p>- Unisex fit</p>\n\n                                <p>- Drawstring hood with built-in cap</p>\n\n                                <p>- Front placket with snap buttons</p>\n\n                                <p>- Ventilation under armpit</p>\n\n                                <p>- Adjustable cuffs</p>\n\n                                <p>- Double welted front pockets</p>\n\n                                <p>- Adjustable elastic string at hempen</p>\n\n                                <p>- Ultrasonically welded seams</p>\n\n                                <p>This is a unisex item, please check our clothing &amp; footwear sizing guide for specific Rains jacket sizing information. RAINS comes from the rainy nation of Denmark at the edge of the European continent, close to the ocean and with prevailing westerly winds; all factors that contribute to an average of 121 rain days each year. Arising from these rainy weather conditions comes the attitude that a quick rain shower may be beautiful, as well as moody- but first and foremost requires the right outfit. Rains focus on the whole experience of going outside on rainy days, issuing an invitation to explore even in the most mercurial weather.</p>','published','[\"products\\/10.jpg\",\"products\\/10-1.jpg\"]','HS-119-A0',0,18,0,1,1,1,0,0,465,NULL,NULL,NULL,14.00,15.00,11.00,642.00,1,55668,'2022-09-22 01:26:00','2022-09-22 01:27:40','in_stock',0,'Botble\\ACL\\Models\\User',NULL,'physical',2,0),(11,'Nestle Original Coffee-Mate Coffee Creamer','<p>Short Hooded Coat features a straight body, large pockets with button flaps, ventilation air holes, and a string detail along the hemline.</p><ul>\n                                        <li><i class=\"fi-rs-hourglass mr-5 text-brand\"></i> 1 Year AL Jazeera Brand Warranty</li>\n                                        <li><i class=\"fi-rs-paper-plane mr-5 text-brand\"></i> 30 Day Return Policy</li>\n                                        <li><i class=\"fi-rs-credit-card mr-5 text-brand\"></i> Cash on Delivery available</li>\n                                    </ul>','<p>Short Hooded Coat features a straight body, large pockets with button flaps, ventilation air holes, and a string detail along the hemline. The style is completed with a drawstring hood, featuring Rains&rsquo; signature built-in cap. Made from waterproof, matte PU, this lightweight unisex rain jacket is an ode to nostalgia through its classic silhouette and utilitarian design details.</p>\n                                <p>- Casual unisex fit</p>\n\n                                <p>- 64% polyester, 36% polyurethane</p>\n\n                                <p>- Water column pressure: 4000 mm</p>\n\n                                <p>- Model is 187cm tall and wearing a size S / M</p>\n\n                                <p>- Unisex fit</p>\n\n                                <p>- Drawstring hood with built-in cap</p>\n\n                                <p>- Front placket with snap buttons</p>\n\n                                <p>- Ventilation under armpit</p>\n\n                                <p>- Adjustable cuffs</p>\n\n                                <p>- Double welted front pockets</p>\n\n                                <p>- Adjustable elastic string at hempen</p>\n\n                                <p>- Ultrasonically welded seams</p>\n\n                                <p>This is a unisex item, please check our clothing &amp; footwear sizing guide for specific Rains jacket sizing information. RAINS comes from the rainy nation of Denmark at the edge of the European continent, close to the ocean and with prevailing westerly winds; all factors that contribute to an average of 121 rain days each year. Arising from these rainy weather conditions comes the attitude that a quick rain shower may be beautiful, as well as moody- but first and foremost requires the right outfit. Rains focus on the whole experience of going outside on rainy days, issuing an invitation to explore even in the most mercurial weather.</p>','published','[\"products\\/11.jpg\",\"products\\/11-1.jpg\"]','HS-171-A0',0,11,0,1,1,6,0,0,127,NULL,NULL,NULL,10.00,12.00,14.00,687.00,1,134257,'2022-09-22 01:26:00','2022-09-22 01:27:40','in_stock',0,'Botble\\ACL\\Models\\User',NULL,'physical',1,0),(12,'Naturally Flavored Cinnamon Vanilla Light Roast Coffee','<p>Short Hooded Coat features a straight body, large pockets with button flaps, ventilation air holes, and a string detail along the hemline.</p><ul>\n                                        <li><i class=\"fi-rs-hourglass mr-5 text-brand\"></i> 1 Year AL Jazeera Brand Warranty</li>\n                                        <li><i class=\"fi-rs-paper-plane mr-5 text-brand\"></i> 30 Day Return Policy</li>\n                                        <li><i class=\"fi-rs-credit-card mr-5 text-brand\"></i> Cash on Delivery available</li>\n                                    </ul>','<p>Short Hooded Coat features a straight body, large pockets with button flaps, ventilation air holes, and a string detail along the hemline. The style is completed with a drawstring hood, featuring Rains&rsquo; signature built-in cap. Made from waterproof, matte PU, this lightweight unisex rain jacket is an ode to nostalgia through its classic silhouette and utilitarian design details.</p>\n                                <p>- Casual unisex fit</p>\n\n                                <p>- 64% polyester, 36% polyurethane</p>\n\n                                <p>- Water column pressure: 4000 mm</p>\n\n                                <p>- Model is 187cm tall and wearing a size S / M</p>\n\n                                <p>- Unisex fit</p>\n\n                                <p>- Drawstring hood with built-in cap</p>\n\n                                <p>- Front placket with snap buttons</p>\n\n                                <p>- Ventilation under armpit</p>\n\n                                <p>- Adjustable cuffs</p>\n\n                                <p>- Double welted front pockets</p>\n\n                                <p>- Adjustable elastic string at hempen</p>\n\n                                <p>- Ultrasonically welded seams</p>\n\n                                <p>This is a unisex item, please check our clothing &amp; footwear sizing guide for specific Rains jacket sizing information. RAINS comes from the rainy nation of Denmark at the edge of the European continent, close to the ocean and with prevailing westerly winds; all factors that contribute to an average of 121 rain days each year. Arising from these rainy weather conditions comes the attitude that a quick rain shower may be beautiful, as well as moody- but first and foremost requires the right outfit. Rains focus on the whole experience of going outside on rainy days, issuing an invitation to explore even in the most mercurial weather.</p>','published','[\"products\\/12.jpg\",\"products\\/12-1.jpg\"]','HS-189-A0',0,13,0,1,1,5,0,0,121,89.54,NULL,NULL,14.00,20.00,18.00,822.00,1,189388,'2022-09-22 01:26:00','2022-09-22 01:27:40','in_stock',0,'Botble\\ACL\\Models\\User',NULL,'physical',4,0),(13,'Pepperidge Farm Farmhouse Hearty White Bread','<p>Short Hooded Coat features a straight body, large pockets with button flaps, ventilation air holes, and a string detail along the hemline.</p><ul>\n                                        <li><i class=\"fi-rs-hourglass mr-5 text-brand\"></i> 1 Year AL Jazeera Brand Warranty</li>\n                                        <li><i class=\"fi-rs-paper-plane mr-5 text-brand\"></i> 30 Day Return Policy</li>\n                                        <li><i class=\"fi-rs-credit-card mr-5 text-brand\"></i> Cash on Delivery available</li>\n                                    </ul>','<p>Short Hooded Coat features a straight body, large pockets with button flaps, ventilation air holes, and a string detail along the hemline. The style is completed with a drawstring hood, featuring Rains&rsquo; signature built-in cap. Made from waterproof, matte PU, this lightweight unisex rain jacket is an ode to nostalgia through its classic silhouette and utilitarian design details.</p>\n                                <p>- Casual unisex fit</p>\n\n                                <p>- 64% polyester, 36% polyurethane</p>\n\n                                <p>- Water column pressure: 4000 mm</p>\n\n                                <p>- Model is 187cm tall and wearing a size S / M</p>\n\n                                <p>- Unisex fit</p>\n\n                                <p>- Drawstring hood with built-in cap</p>\n\n                                <p>- Front placket with snap buttons</p>\n\n                                <p>- Ventilation under armpit</p>\n\n                                <p>- Adjustable cuffs</p>\n\n                                <p>- Double welted front pockets</p>\n\n                                <p>- Adjustable elastic string at hempen</p>\n\n                                <p>- Ultrasonically welded seams</p>\n\n                                <p>This is a unisex item, please check our clothing &amp; footwear sizing guide for specific Rains jacket sizing information. RAINS comes from the rainy nation of Denmark at the edge of the European continent, close to the ocean and with prevailing westerly winds; all factors that contribute to an average of 121 rain days each year. Arising from these rainy weather conditions comes the attitude that a quick rain shower may be beautiful, as well as moody- but first and foremost requires the right outfit. Rains focus on the whole experience of going outside on rainy days, issuing an invitation to explore even in the most mercurial weather.</p>','published','[\"products\\/13.jpg\",\"products\\/13-1.jpg\"]','HS-107-A0',0,10,0,1,1,5,0,0,126,NULL,NULL,NULL,11.00,13.00,20.00,738.00,1,131068,'2022-09-22 01:26:01','2022-09-22 01:27:40','in_stock',0,'Botble\\ACL\\Models\\User',NULL,'physical',2,0),(14,'Organic Frozen Triple Berry Blend','<p>Short Hooded Coat features a straight body, large pockets with button flaps, ventilation air holes, and a string detail along the hemline.</p><ul>\n                                        <li><i class=\"fi-rs-hourglass mr-5 text-brand\"></i> 1 Year AL Jazeera Brand Warranty</li>\n                                        <li><i class=\"fi-rs-paper-plane mr-5 text-brand\"></i> 30 Day Return Policy</li>\n                                        <li><i class=\"fi-rs-credit-card mr-5 text-brand\"></i> Cash on Delivery available</li>\n                                    </ul>','<p>Short Hooded Coat features a straight body, large pockets with button flaps, ventilation air holes, and a string detail along the hemline. The style is completed with a drawstring hood, featuring Rains&rsquo; signature built-in cap. Made from waterproof, matte PU, this lightweight unisex rain jacket is an ode to nostalgia through its classic silhouette and utilitarian design details.</p>\n                                <p>- Casual unisex fit</p>\n\n                                <p>- 64% polyester, 36% polyurethane</p>\n\n                                <p>- Water column pressure: 4000 mm</p>\n\n                                <p>- Model is 187cm tall and wearing a size S / M</p>\n\n                                <p>- Unisex fit</p>\n\n                                <p>- Drawstring hood with built-in cap</p>\n\n                                <p>- Front placket with snap buttons</p>\n\n                                <p>- Ventilation under armpit</p>\n\n                                <p>- Adjustable cuffs</p>\n\n                                <p>- Double welted front pockets</p>\n\n                                <p>- Adjustable elastic string at hempen</p>\n\n                                <p>- Ultrasonically welded seams</p>\n\n                                <p>This is a unisex item, please check our clothing &amp; footwear sizing guide for specific Rains jacket sizing information. RAINS comes from the rainy nation of Denmark at the edge of the European continent, close to the ocean and with prevailing westerly winds; all factors that contribute to an average of 121 rain days each year. Arising from these rainy weather conditions comes the attitude that a quick rain shower may be beautiful, as well as moody- but first and foremost requires the right outfit. Rains focus on the whole experience of going outside on rainy days, issuing an invitation to explore even in the most mercurial weather.</p>','published','[\"products\\/14.jpg\",\"products\\/14-1.jpg\"]','HS-156-A0',0,16,0,1,1,1,0,0,125,NULL,NULL,NULL,16.00,10.00,12.00,646.00,1,134943,'2022-09-22 01:26:01','2022-09-22 01:27:40','in_stock',0,'Botble\\ACL\\Models\\User',NULL,'physical',2,0),(15,'Oroweat Country Buttermilk Bread','<p>Short Hooded Coat features a straight body, large pockets with button flaps, ventilation air holes, and a string detail along the hemline.</p><ul>\n                                        <li><i class=\"fi-rs-hourglass mr-5 text-brand\"></i> 1 Year AL Jazeera Brand Warranty</li>\n                                        <li><i class=\"fi-rs-paper-plane mr-5 text-brand\"></i> 30 Day Return Policy</li>\n                                        <li><i class=\"fi-rs-credit-card mr-5 text-brand\"></i> Cash on Delivery available</li>\n                                    </ul>','<p>Short Hooded Coat features a straight body, large pockets with button flaps, ventilation air holes, and a string detail along the hemline. The style is completed with a drawstring hood, featuring Rains&rsquo; signature built-in cap. Made from waterproof, matte PU, this lightweight unisex rain jacket is an ode to nostalgia through its classic silhouette and utilitarian design details.</p>\n                                <p>- Casual unisex fit</p>\n\n                                <p>- 64% polyester, 36% polyurethane</p>\n\n                                <p>- Water column pressure: 4000 mm</p>\n\n                                <p>- Model is 187cm tall and wearing a size S / M</p>\n\n                                <p>- Unisex fit</p>\n\n                                <p>- Drawstring hood with built-in cap</p>\n\n                                <p>- Front placket with snap buttons</p>\n\n                                <p>- Ventilation under armpit</p>\n\n                                <p>- Adjustable cuffs</p>\n\n                                <p>- Double welted front pockets</p>\n\n                                <p>- Adjustable elastic string at hempen</p>\n\n                                <p>- Ultrasonically welded seams</p>\n\n                                <p>This is a unisex item, please check our clothing &amp; footwear sizing guide for specific Rains jacket sizing information. RAINS comes from the rainy nation of Denmark at the edge of the European continent, close to the ocean and with prevailing westerly winds; all factors that contribute to an average of 121 rain days each year. Arising from these rainy weather conditions comes the attitude that a quick rain shower may be beautiful, as well as moody- but first and foremost requires the right outfit. Rains focus on the whole experience of going outside on rainy days, issuing an invitation to explore even in the most mercurial weather.</p>','published','[\"products\\/15.jpg\",\"products\\/15-1.jpg\"]','HS-143-A0',0,16,0,1,1,2,0,0,121,NULL,NULL,NULL,10.00,11.00,16.00,864.00,1,16466,'2022-09-22 01:26:01','2022-09-22 01:27:40','in_stock',0,'Botble\\ACL\\Models\\User',NULL,'physical',5,0),(16,'Foster Farms Takeout Crispy Classic Buffalo Wings','<p>Short Hooded Coat features a straight body, large pockets with button flaps, ventilation air holes, and a string detail along the hemline.</p><ul>\n                                        <li><i class=\"fi-rs-hourglass mr-5 text-brand\"></i> 1 Year AL Jazeera Brand Warranty</li>\n                                        <li><i class=\"fi-rs-paper-plane mr-5 text-brand\"></i> 30 Day Return Policy</li>\n                                        <li><i class=\"fi-rs-credit-card mr-5 text-brand\"></i> Cash on Delivery available</li>\n                                    </ul>','<p>Short Hooded Coat features a straight body, large pockets with button flaps, ventilation air holes, and a string detail along the hemline. The style is completed with a drawstring hood, featuring Rains&rsquo; signature built-in cap. Made from waterproof, matte PU, this lightweight unisex rain jacket is an ode to nostalgia through its classic silhouette and utilitarian design details.</p>\n                                <p>- Casual unisex fit</p>\n\n                                <p>- 64% polyester, 36% polyurethane</p>\n\n                                <p>- Water column pressure: 4000 mm</p>\n\n                                <p>- Model is 187cm tall and wearing a size S / M</p>\n\n                                <p>- Unisex fit</p>\n\n                                <p>- Drawstring hood with built-in cap</p>\n\n                                <p>- Front placket with snap buttons</p>\n\n                                <p>- Ventilation under armpit</p>\n\n                                <p>- Adjustable cuffs</p>\n\n                                <p>- Double welted front pockets</p>\n\n                                <p>- Adjustable elastic string at hempen</p>\n\n                                <p>- Ultrasonically welded seams</p>\n\n                                <p>This is a unisex item, please check our clothing &amp; footwear sizing guide for specific Rains jacket sizing information. RAINS comes from the rainy nation of Denmark at the edge of the European continent, close to the ocean and with prevailing westerly winds; all factors that contribute to an average of 121 rain days each year. Arising from these rainy weather conditions comes the attitude that a quick rain shower may be beautiful, as well as moody- but first and foremost requires the right outfit. Rains focus on the whole experience of going outside on rainy days, issuing an invitation to explore even in the most mercurial weather.</p>','published','[\"products\\/16.jpg\",\"products\\/16-1.jpg\",\"products\\/16-2.jpg\",\"products\\/16-3.jpg\",\"products\\/16-4.jpg\",\"products\\/16-5.jpg\",\"products\\/16-6.jpg\"]','HS-136-A0',0,13,0,1,1,3,0,0,128,89.6,NULL,NULL,10.00,14.00,18.00,698.00,1,43150,'2022-09-22 01:26:01','2022-09-22 01:27:40','in_stock',0,'Botble\\ACL\\Models\\User',NULL,'physical',4,0),(17,'Angie’s Boomchickapop Sweet & Salty Kettle Corn','<p>Short Hooded Coat features a straight body, large pockets with button flaps, ventilation air holes, and a string detail along the hemline.</p><ul>\n                                        <li><i class=\"fi-rs-hourglass mr-5 text-brand\"></i> 1 Year AL Jazeera Brand Warranty</li>\n                                        <li><i class=\"fi-rs-paper-plane mr-5 text-brand\"></i> 30 Day Return Policy</li>\n                                        <li><i class=\"fi-rs-credit-card mr-5 text-brand\"></i> Cash on Delivery available</li>\n                                    </ul>','<p>Short Hooded Coat features a straight body, large pockets with button flaps, ventilation air holes, and a string detail along the hemline. The style is completed with a drawstring hood, featuring Rains&rsquo; signature built-in cap. Made from waterproof, matte PU, this lightweight unisex rain jacket is an ode to nostalgia through its classic silhouette and utilitarian design details.</p>\n                                <p>- Casual unisex fit</p>\n\n                                <p>- 64% polyester, 36% polyurethane</p>\n\n                                <p>- Water column pressure: 4000 mm</p>\n\n                                <p>- Model is 187cm tall and wearing a size S / M</p>\n\n                                <p>- Unisex fit</p>\n\n                                <p>- Drawstring hood with built-in cap</p>\n\n                                <p>- Front placket with snap buttons</p>\n\n                                <p>- Ventilation under armpit</p>\n\n                                <p>- Adjustable cuffs</p>\n\n                                <p>- Double welted front pockets</p>\n\n                                <p>- Adjustable elastic string at hempen</p>\n\n                                <p>- Ultrasonically welded seams</p>\n\n                                <p>This is a unisex item, please check our clothing &amp; footwear sizing guide for specific Rains jacket sizing information. RAINS comes from the rainy nation of Denmark at the edge of the European continent, close to the ocean and with prevailing westerly winds; all factors that contribute to an average of 121 rain days each year. Arising from these rainy weather conditions comes the attitude that a quick rain shower may be beautiful, as well as moody- but first and foremost requires the right outfit. Rains focus on the whole experience of going outside on rainy days, issuing an invitation to explore even in the most mercurial weather.</p>','published','[\"products\\/17.jpg\",\"products\\/17-1.jpg\"]','HS-167-A0',0,11,0,1,1,1,0,0,114,NULL,NULL,NULL,15.00,19.00,16.00,543.00,1,104623,'2022-09-22 01:26:01','2022-09-22 01:27:40','in_stock',0,'Botble\\ACL\\Models\\User',NULL,'physical',4,0),(18,'All Natural Italian-Style Chicken Meatballs','<p>Short Hooded Coat features a straight body, large pockets with button flaps, ventilation air holes, and a string detail along the hemline.</p><ul>\n                                        <li><i class=\"fi-rs-hourglass mr-5 text-brand\"></i> 1 Year AL Jazeera Brand Warranty</li>\n                                        <li><i class=\"fi-rs-paper-plane mr-5 text-brand\"></i> 30 Day Return Policy</li>\n                                        <li><i class=\"fi-rs-credit-card mr-5 text-brand\"></i> Cash on Delivery available</li>\n                                    </ul>','<p>Short Hooded Coat features a straight body, large pockets with button flaps, ventilation air holes, and a string detail along the hemline. The style is completed with a drawstring hood, featuring Rains&rsquo; signature built-in cap. Made from waterproof, matte PU, this lightweight unisex rain jacket is an ode to nostalgia through its classic silhouette and utilitarian design details.</p>\n                                <p>- Casual unisex fit</p>\n\n                                <p>- 64% polyester, 36% polyurethane</p>\n\n                                <p>- Water column pressure: 4000 mm</p>\n\n                                <p>- Model is 187cm tall and wearing a size S / M</p>\n\n                                <p>- Unisex fit</p>\n\n                                <p>- Drawstring hood with built-in cap</p>\n\n                                <p>- Front placket with snap buttons</p>\n\n                                <p>- Ventilation under armpit</p>\n\n                                <p>- Adjustable cuffs</p>\n\n                                <p>- Double welted front pockets</p>\n\n                                <p>- Adjustable elastic string at hempen</p>\n\n                                <p>- Ultrasonically welded seams</p>\n\n                                <p>This is a unisex item, please check our clothing &amp; footwear sizing guide for specific Rains jacket sizing information. RAINS comes from the rainy nation of Denmark at the edge of the European continent, close to the ocean and with prevailing westerly winds; all factors that contribute to an average of 121 rain days each year. Arising from these rainy weather conditions comes the attitude that a quick rain shower may be beautiful, as well as moody- but first and foremost requires the right outfit. Rains focus on the whole experience of going outside on rainy days, issuing an invitation to explore even in the most mercurial weather.</p>','published','[\"products\\/18.jpg\",\"products\\/18-1.jpg\"]','HS-167-A0',0,13,0,1,1,6,0,0,122,NULL,NULL,NULL,14.00,14.00,17.00,528.00,1,8106,'2022-09-22 01:26:01','2022-09-22 01:27:40','in_stock',0,'Botble\\ACL\\Models\\User',NULL,'physical',3,0),(19,'Simply Lemonade with Raspberry Juice','<p>Short Hooded Coat features a straight body, large pockets with button flaps, ventilation air holes, and a string detail along the hemline.</p><ul>\n                                        <li><i class=\"fi-rs-hourglass mr-5 text-brand\"></i> 1 Year AL Jazeera Brand Warranty</li>\n                                        <li><i class=\"fi-rs-paper-plane mr-5 text-brand\"></i> 30 Day Return Policy</li>\n                                        <li><i class=\"fi-rs-credit-card mr-5 text-brand\"></i> Cash on Delivery available</li>\n                                    </ul>','<p>Short Hooded Coat features a straight body, large pockets with button flaps, ventilation air holes, and a string detail along the hemline. The style is completed with a drawstring hood, featuring Rains&rsquo; signature built-in cap. Made from waterproof, matte PU, this lightweight unisex rain jacket is an ode to nostalgia through its classic silhouette and utilitarian design details.</p>\n                                <p>- Casual unisex fit</p>\n\n                                <p>- 64% polyester, 36% polyurethane</p>\n\n                                <p>- Water column pressure: 4000 mm</p>\n\n                                <p>- Model is 187cm tall and wearing a size S / M</p>\n\n                                <p>- Unisex fit</p>\n\n                                <p>- Drawstring hood with built-in cap</p>\n\n                                <p>- Front placket with snap buttons</p>\n\n                                <p>- Ventilation under armpit</p>\n\n                                <p>- Adjustable cuffs</p>\n\n                                <p>- Double welted front pockets</p>\n\n                                <p>- Adjustable elastic string at hempen</p>\n\n                                <p>- Ultrasonically welded seams</p>\n\n                                <p>This is a unisex item, please check our clothing &amp; footwear sizing guide for specific Rains jacket sizing information. RAINS comes from the rainy nation of Denmark at the edge of the European continent, close to the ocean and with prevailing westerly winds; all factors that contribute to an average of 121 rain days each year. Arising from these rainy weather conditions comes the attitude that a quick rain shower may be beautiful, as well as moody- but first and foremost requires the right outfit. Rains focus on the whole experience of going outside on rainy days, issuing an invitation to explore even in the most mercurial weather.</p>','published','[\"products\\/19.jpg\",\"products\\/19-1.jpg\"]','HS-116-A0',0,15,0,1,1,7,0,0,125,NULL,NULL,NULL,13.00,15.00,14.00,847.00,1,168679,'2022-09-22 01:26:01','2022-09-22 01:27:40','in_stock',0,'Botble\\ACL\\Models\\User',NULL,'physical',5,0),(20,'Perdue Simply Smart Organics Gluten Free','<p>Short Hooded Coat features a straight body, large pockets with button flaps, ventilation air holes, and a string detail along the hemline.</p><ul>\n                                        <li><i class=\"fi-rs-hourglass mr-5 text-brand\"></i> 1 Year AL Jazeera Brand Warranty</li>\n                                        <li><i class=\"fi-rs-paper-plane mr-5 text-brand\"></i> 30 Day Return Policy</li>\n                                        <li><i class=\"fi-rs-credit-card mr-5 text-brand\"></i> Cash on Delivery available</li>\n                                    </ul>','<p>Short Hooded Coat features a straight body, large pockets with button flaps, ventilation air holes, and a string detail along the hemline. The style is completed with a drawstring hood, featuring Rains&rsquo; signature built-in cap. Made from waterproof, matte PU, this lightweight unisex rain jacket is an ode to nostalgia through its classic silhouette and utilitarian design details.</p>\n                                <p>- Casual unisex fit</p>\n\n                                <p>- 64% polyester, 36% polyurethane</p>\n\n                                <p>- Water column pressure: 4000 mm</p>\n\n                                <p>- Model is 187cm tall and wearing a size S / M</p>\n\n                                <p>- Unisex fit</p>\n\n                                <p>- Drawstring hood with built-in cap</p>\n\n                                <p>- Front placket with snap buttons</p>\n\n                                <p>- Ventilation under armpit</p>\n\n                                <p>- Adjustable cuffs</p>\n\n                                <p>- Double welted front pockets</p>\n\n                                <p>- Adjustable elastic string at hempen</p>\n\n                                <p>- Ultrasonically welded seams</p>\n\n                                <p>This is a unisex item, please check our clothing &amp; footwear sizing guide for specific Rains jacket sizing information. RAINS comes from the rainy nation of Denmark at the edge of the European continent, close to the ocean and with prevailing westerly winds; all factors that contribute to an average of 121 rain days each year. Arising from these rainy weather conditions comes the attitude that a quick rain shower may be beautiful, as well as moody- but first and foremost requires the right outfit. Rains focus on the whole experience of going outside on rainy days, issuing an invitation to explore even in the most mercurial weather.</p>','published','[\"products\\/20.jpg\",\"products\\/20-1.jpg\"]','HS-163-A0',0,17,0,1,1,3,0,0,127,93.98,NULL,NULL,18.00,17.00,16.00,820.00,1,158186,'2022-09-22 01:26:01','2022-09-22 01:27:40','in_stock',0,'Botble\\ACL\\Models\\User',NULL,'physical',6,0),(21,'Chen Watermelon','<p>Short Hooded Coat features a straight body, large pockets with button flaps, ventilation air holes, and a string detail along the hemline.</p><ul>\n                                        <li><i class=\"fi-rs-hourglass mr-5 text-brand\"></i> 1 Year AL Jazeera Brand Warranty</li>\n                                        <li><i class=\"fi-rs-paper-plane mr-5 text-brand\"></i> 30 Day Return Policy</li>\n                                        <li><i class=\"fi-rs-credit-card mr-5 text-brand\"></i> Cash on Delivery available</li>\n                                    </ul>','<p>Short Hooded Coat features a straight body, large pockets with button flaps, ventilation air holes, and a string detail along the hemline. The style is completed with a drawstring hood, featuring Rains&rsquo; signature built-in cap. Made from waterproof, matte PU, this lightweight unisex rain jacket is an ode to nostalgia through its classic silhouette and utilitarian design details.</p>\n                                <p>- Casual unisex fit</p>\n\n                                <p>- 64% polyester, 36% polyurethane</p>\n\n                                <p>- Water column pressure: 4000 mm</p>\n\n                                <p>- Model is 187cm tall and wearing a size S / M</p>\n\n                                <p>- Unisex fit</p>\n\n                                <p>- Drawstring hood with built-in cap</p>\n\n                                <p>- Front placket with snap buttons</p>\n\n                                <p>- Ventilation under armpit</p>\n\n                                <p>- Adjustable cuffs</p>\n\n                                <p>- Double welted front pockets</p>\n\n                                <p>- Adjustable elastic string at hempen</p>\n\n                                <p>- Ultrasonically welded seams</p>\n\n                                <p>This is a unisex item, please check our clothing &amp; footwear sizing guide for specific Rains jacket sizing information. RAINS comes from the rainy nation of Denmark at the edge of the European continent, close to the ocean and with prevailing westerly winds; all factors that contribute to an average of 121 rain days each year. Arising from these rainy weather conditions comes the attitude that a quick rain shower may be beautiful, as well as moody- but first and foremost requires the right outfit. Rains focus on the whole experience of going outside on rainy days, issuing an invitation to explore even in the most mercurial weather.</p>','published','[\"products\\/21.jpg\",\"products\\/21-1.jpg\"]','HS-121-A0',0,19,0,1,1,1,0,0,129,NULL,NULL,NULL,12.00,19.00,15.00,658.00,1,69745,'2022-09-22 01:26:01','2022-09-22 01:27:40','in_stock',0,'Botble\\ACL\\Models\\User',NULL,'physical',1,0),(22,'Organic Cage-Free Grade A Large Brown Eggs','<p>Short Hooded Coat features a straight body, large pockets with button flaps, ventilation air holes, and a string detail along the hemline.</p><ul>\n                                        <li><i class=\"fi-rs-hourglass mr-5 text-brand\"></i> 1 Year AL Jazeera Brand Warranty</li>\n                                        <li><i class=\"fi-rs-paper-plane mr-5 text-brand\"></i> 30 Day Return Policy</li>\n                                        <li><i class=\"fi-rs-credit-card mr-5 text-brand\"></i> Cash on Delivery available</li>\n                                    </ul>','<p>Short Hooded Coat features a straight body, large pockets with button flaps, ventilation air holes, and a string detail along the hemline. The style is completed with a drawstring hood, featuring Rains&rsquo; signature built-in cap. Made from waterproof, matte PU, this lightweight unisex rain jacket is an ode to nostalgia through its classic silhouette and utilitarian design details.</p>\n                                <p>- Casual unisex fit</p>\n\n                                <p>- 64% polyester, 36% polyurethane</p>\n\n                                <p>- Water column pressure: 4000 mm</p>\n\n                                <p>- Model is 187cm tall and wearing a size S / M</p>\n\n                                <p>- Unisex fit</p>\n\n                                <p>- Drawstring hood with built-in cap</p>\n\n                                <p>- Front placket with snap buttons</p>\n\n                                <p>- Ventilation under armpit</p>\n\n                                <p>- Adjustable cuffs</p>\n\n                                <p>- Double welted front pockets</p>\n\n                                <p>- Adjustable elastic string at hempen</p>\n\n                                <p>- Ultrasonically welded seams</p>\n\n                                <p>This is a unisex item, please check our clothing &amp; footwear sizing guide for specific Rains jacket sizing information. RAINS comes from the rainy nation of Denmark at the edge of the European continent, close to the ocean and with prevailing westerly winds; all factors that contribute to an average of 121 rain days each year. Arising from these rainy weather conditions comes the attitude that a quick rain shower may be beautiful, as well as moody- but first and foremost requires the right outfit. Rains focus on the whole experience of going outside on rainy days, issuing an invitation to explore even in the most mercurial weather.</p>','published','[\"products\\/22.jpg\",\"products\\/22-1.jpg\"]','HS-187-A0',0,14,0,1,1,2,0,0,123,NULL,NULL,NULL,20.00,16.00,13.00,872.00,1,126263,'2022-09-22 01:26:01','2022-09-22 01:27:40','in_stock',0,'Botble\\ACL\\Models\\User',NULL,'physical',6,0),(23,'Colorful Banana','<p>Short Hooded Coat features a straight body, large pockets with button flaps, ventilation air holes, and a string detail along the hemline.</p><ul>\n                                        <li><i class=\"fi-rs-hourglass mr-5 text-brand\"></i> 1 Year AL Jazeera Brand Warranty</li>\n                                        <li><i class=\"fi-rs-paper-plane mr-5 text-brand\"></i> 30 Day Return Policy</li>\n                                        <li><i class=\"fi-rs-credit-card mr-5 text-brand\"></i> Cash on Delivery available</li>\n                                    </ul>','<p>Short Hooded Coat features a straight body, large pockets with button flaps, ventilation air holes, and a string detail along the hemline. The style is completed with a drawstring hood, featuring Rains&rsquo; signature built-in cap. Made from waterproof, matte PU, this lightweight unisex rain jacket is an ode to nostalgia through its classic silhouette and utilitarian design details.</p>\n                                <p>- Casual unisex fit</p>\n\n                                <p>- 64% polyester, 36% polyurethane</p>\n\n                                <p>- Water column pressure: 4000 mm</p>\n\n                                <p>- Model is 187cm tall and wearing a size S / M</p>\n\n                                <p>- Unisex fit</p>\n\n                                <p>- Drawstring hood with built-in cap</p>\n\n                                <p>- Front placket with snap buttons</p>\n\n                                <p>- Ventilation under armpit</p>\n\n                                <p>- Adjustable cuffs</p>\n\n                                <p>- Double welted front pockets</p>\n\n                                <p>- Adjustable elastic string at hempen</p>\n\n                                <p>- Ultrasonically welded seams</p>\n\n                                <p>This is a unisex item, please check our clothing &amp; footwear sizing guide for specific Rains jacket sizing information. RAINS comes from the rainy nation of Denmark at the edge of the European continent, close to the ocean and with prevailing westerly winds; all factors that contribute to an average of 121 rain days each year. Arising from these rainy weather conditions comes the attitude that a quick rain shower may be beautiful, as well as moody- but first and foremost requires the right outfit. Rains focus on the whole experience of going outside on rainy days, issuing an invitation to explore even in the most mercurial weather.</p>','published','[\"products\\/23.jpg\",\"products\\/23-1.jpg\"]','HS-118-A0',0,11,0,1,1,2,0,0,130,NULL,NULL,NULL,18.00,13.00,12.00,501.00,1,126565,'2022-09-22 01:26:01','2022-09-22 01:27:40','in_stock',0,'Botble\\ACL\\Models\\User',NULL,'physical',1,0),(24,'Signature Wood-Fired Mushroom and Caramelized','<p>Short Hooded Coat features a straight body, large pockets with button flaps, ventilation air holes, and a string detail along the hemline.</p><ul>\n                                        <li><i class=\"fi-rs-hourglass mr-5 text-brand\"></i> 1 Year AL Jazeera Brand Warranty</li>\n                                        <li><i class=\"fi-rs-paper-plane mr-5 text-brand\"></i> 30 Day Return Policy</li>\n                                        <li><i class=\"fi-rs-credit-card mr-5 text-brand\"></i> Cash on Delivery available</li>\n                                    </ul>','<p>Short Hooded Coat features a straight body, large pockets with button flaps, ventilation air holes, and a string detail along the hemline. The style is completed with a drawstring hood, featuring Rains&rsquo; signature built-in cap. Made from waterproof, matte PU, this lightweight unisex rain jacket is an ode to nostalgia through its classic silhouette and utilitarian design details.</p>\n                                <p>- Casual unisex fit</p>\n\n                                <p>- 64% polyester, 36% polyurethane</p>\n\n                                <p>- Water column pressure: 4000 mm</p>\n\n                                <p>- Model is 187cm tall and wearing a size S / M</p>\n\n                                <p>- Unisex fit</p>\n\n                                <p>- Drawstring hood with built-in cap</p>\n\n                                <p>- Front placket with snap buttons</p>\n\n                                <p>- Ventilation under armpit</p>\n\n                                <p>- Adjustable cuffs</p>\n\n                                <p>- Double welted front pockets</p>\n\n                                <p>- Adjustable elastic string at hempen</p>\n\n                                <p>- Ultrasonically welded seams</p>\n\n                                <p>This is a unisex item, please check our clothing &amp; footwear sizing guide for specific Rains jacket sizing information. RAINS comes from the rainy nation of Denmark at the edge of the European continent, close to the ocean and with prevailing westerly winds; all factors that contribute to an average of 121 rain days each year. Arising from these rainy weather conditions comes the attitude that a quick rain shower may be beautiful, as well as moody- but first and foremost requires the right outfit. Rains focus on the whole experience of going outside on rainy days, issuing an invitation to explore even in the most mercurial weather.</p>','published','[\"products\\/24.jpg\",\"products\\/24-1.jpg\"]','HS-156-A0',0,15,0,1,1,6,0,0,129,104.49,NULL,NULL,10.00,14.00,16.00,862.00,1,58716,'2022-09-22 01:26:02','2022-09-22 01:27:40','in_stock',0,'Botble\\ACL\\Models\\User',NULL,'physical',1,0),(25,'Seeds of Change Organic Quinoe',NULL,NULL,'published','[\"products\\/1.jpg\"]','HS-186-A0',0,11,0,1,0,1,1,0,317,NULL,NULL,NULL,20.00,10.00,15.00,551.00,NULL,0,'2022-09-22 01:26:02','2022-09-22 01:27:40','in_stock',0,'Botble\\ACL\\Models\\User',NULL,'physical',NULL,0),(26,'All Natural Italian-Style Chicken Meatballs',NULL,NULL,'published','[\"products\\/2.jpg\"]','HS-101-A0',0,19,0,1,0,5,1,0,393,NULL,NULL,NULL,12.00,15.00,19.00,567.00,NULL,0,'2022-09-22 01:26:02','2022-09-22 01:27:40','in_stock',0,'Botble\\ACL\\Models\\User',NULL,'physical',NULL,0),(27,'All Natural Italian-Style Chicken Meatballs',NULL,NULL,'published','[\"products\\/2-1.jpg\"]','HS-101-A0-A1',0,19,0,1,0,5,1,0,393,NULL,NULL,NULL,12.00,15.00,19.00,567.00,NULL,0,'2022-09-22 01:26:02','2022-09-22 01:27:40','in_stock',0,'Botble\\ACL\\Models\\User',NULL,'physical',NULL,0),(28,'Angie’s Boomchickapop Sweet & Salty Kettle Corn',NULL,NULL,'published','[\"products\\/3.jpg\"]','HS-113-A0',0,10,0,1,0,7,1,0,332,NULL,NULL,NULL,12.00,15.00,16.00,753.00,NULL,0,'2022-09-22 01:26:02','2022-09-22 01:27:40','in_stock',0,'Botble\\ACL\\Models\\User',NULL,'physical',NULL,0),(29,'Angie’s Boomchickapop Sweet & Salty Kettle Corn',NULL,NULL,'published','[\"products\\/3-1.jpg\"]','HS-113-A0-A1',0,10,0,1,0,7,1,0,332,NULL,NULL,NULL,12.00,15.00,16.00,753.00,NULL,0,'2022-09-22 01:26:02','2022-09-22 01:27:40','in_stock',0,'Botble\\ACL\\Models\\User',NULL,'physical',NULL,0),(30,'Foster Farms Takeout Crispy Classic',NULL,NULL,'published','[\"products\\/4.jpg\"]','HS-174-A0',0,16,0,1,0,7,1,0,78,70.2,NULL,NULL,20.00,19.00,19.00,617.00,NULL,0,'2022-09-22 01:26:02','2022-09-22 01:27:40','in_stock',0,'Botble\\ACL\\Models\\User',NULL,'physical',NULL,0),(31,'Foster Farms Takeout Crispy Classic',NULL,NULL,'published','[\"products\\/4-1.jpg\"]','HS-174-A0-A1',0,16,0,1,0,7,1,0,78,65.52,NULL,NULL,20.00,19.00,19.00,617.00,NULL,0,'2022-09-22 01:26:02','2022-09-22 01:27:40','in_stock',0,'Botble\\ACL\\Models\\User',NULL,'physical',NULL,0),(32,'Blue Diamond Almonds Lightly',NULL,NULL,'published','[\"products\\/5.jpg\"]','HS-123-A0',0,17,0,1,0,3,1,0,47,NULL,NULL,NULL,11.00,15.00,14.00,734.00,NULL,0,'2022-09-22 01:26:02','2022-09-22 01:27:40','in_stock',0,'Botble\\ACL\\Models\\User',NULL,'physical',NULL,0),(33,'Chobani Complete Vanilla Greek',NULL,NULL,'published','[\"products\\/6.jpg\"]','HS-113-A0',0,10,0,1,0,3,1,0,60,NULL,NULL,NULL,20.00,20.00,13.00,718.00,NULL,0,'2022-09-22 01:26:02','2022-09-22 01:27:40','in_stock',0,'Botble\\ACL\\Models\\User',NULL,'physical',NULL,0),(34,'Canada Dry Ginger Ale – 2 L Bottle',NULL,NULL,'published','[\"products\\/7.jpg\"]','HS-129-A0',0,18,0,1,0,4,1,0,125,NULL,NULL,NULL,17.00,20.00,16.00,844.00,NULL,0,'2022-09-22 01:26:02','2022-09-22 01:27:40','in_stock',0,'Botble\\ACL\\Models\\User',NULL,'physical',NULL,0),(35,'Canada Dry Ginger Ale – 2 L Bottle',NULL,NULL,'published','[\"products\\/7-1.jpg\"]','HS-129-A0-A1',0,18,0,1,0,4,1,0,125,NULL,NULL,NULL,17.00,20.00,16.00,844.00,NULL,0,'2022-09-22 01:26:03','2022-09-22 01:27:40','in_stock',0,'Botble\\ACL\\Models\\User',NULL,'physical',NULL,0),(36,'Canada Dry Ginger Ale – 2 L Bottle',NULL,NULL,'published','[\"products\\/7.jpg\"]','HS-129-A0-A2',0,18,0,1,0,4,1,0,125,NULL,NULL,NULL,17.00,20.00,16.00,844.00,NULL,0,'2022-09-22 01:26:03','2022-09-22 01:27:40','in_stock',0,'Botble\\ACL\\Models\\User',NULL,'physical',NULL,0),(37,'Encore Seafoods Stuffed Alaskan',NULL,NULL,'published','[\"products\\/8.jpg\"]','HS-181-A0',0,11,0,1,0,2,1,0,130,101.4,NULL,NULL,10.00,17.00,17.00,840.00,NULL,0,'2022-09-22 01:26:03','2022-09-22 01:27:40','in_stock',0,'Botble\\ACL\\Models\\User',NULL,'physical',NULL,0),(38,'Encore Seafoods Stuffed Alaskan',NULL,NULL,'published','[\"products\\/8-1.jpg\"]','HS-181-A0-A1',0,11,0,1,0,2,1,0,130,113.1,NULL,NULL,10.00,17.00,17.00,840.00,NULL,0,'2022-09-22 01:26:03','2022-09-22 01:27:40','in_stock',0,'Botble\\ACL\\Models\\User',NULL,'physical',NULL,0),(39,'Encore Seafoods Stuffed Alaskan',NULL,NULL,'published','[\"products\\/8.jpg\"]','HS-181-A0-A2',0,11,0,1,0,2,1,0,130,110.5,NULL,NULL,10.00,17.00,17.00,840.00,NULL,0,'2022-09-22 01:26:03','2022-09-22 01:27:40','in_stock',0,'Botble\\ACL\\Models\\User',NULL,'physical',NULL,0),(40,'Encore Seafoods Stuffed Alaskan',NULL,NULL,'published','[\"products\\/8.jpg\"]','HS-181-A0-A3',0,11,0,1,0,2,1,0,130,91,NULL,NULL,10.00,17.00,17.00,840.00,NULL,0,'2022-09-22 01:26:03','2022-09-22 01:27:40','in_stock',0,'Botble\\ACL\\Models\\User',NULL,'physical',NULL,0),(41,'Gorton’s Beer Battered Fish Fillets',NULL,NULL,'published','[\"products\\/9.jpg\"]','HS-127-A0',0,12,0,1,0,5,1,0,115,NULL,NULL,NULL,11.00,13.00,20.00,652.00,NULL,0,'2022-09-22 01:26:03','2022-09-22 01:27:40','in_stock',0,'Botble\\ACL\\Models\\User',NULL,'physical',NULL,0),(42,'Gorton’s Beer Battered Fish Fillets',NULL,NULL,'published','[\"products\\/9-1.jpg\"]','HS-127-A0-A1',0,12,0,1,0,5,1,0,115,NULL,NULL,NULL,11.00,13.00,20.00,652.00,NULL,0,'2022-09-22 01:26:03','2022-09-22 01:27:40','in_stock',0,'Botble\\ACL\\Models\\User',NULL,'physical',NULL,0),(43,'Gorton’s Beer Battered Fish Fillets',NULL,NULL,'published','[\"products\\/9.jpg\"]','HS-127-A0-A2',0,12,0,1,0,5,1,0,115,NULL,NULL,NULL,11.00,13.00,20.00,652.00,NULL,0,'2022-09-22 01:26:03','2022-09-22 01:27:40','in_stock',0,'Botble\\ACL\\Models\\User',NULL,'physical',NULL,0),(44,'Gorton’s Beer Battered Fish Fillets',NULL,NULL,'published','[\"products\\/9.jpg\"]','HS-127-A0-A3',0,12,0,1,0,5,1,0,115,NULL,NULL,NULL,11.00,13.00,20.00,652.00,NULL,0,'2022-09-22 01:26:03','2022-09-22 01:27:40','in_stock',0,'Botble\\ACL\\Models\\User',NULL,'physical',NULL,0),(45,'Haagen-Dazs Caramel Cone Ice Cream',NULL,NULL,'published','[\"products\\/10.jpg\"]','HS-119-A0',0,18,0,1,0,1,1,0,465,NULL,NULL,NULL,14.00,15.00,11.00,642.00,NULL,0,'2022-09-22 01:26:03','2022-09-22 01:27:40','in_stock',0,'Botble\\ACL\\Models\\User',NULL,'physical',NULL,0),(46,'Haagen-Dazs Caramel Cone Ice Cream',NULL,NULL,'published','[\"products\\/10-1.jpg\"]','HS-119-A0-A1',0,18,0,1,0,1,1,0,465,NULL,NULL,NULL,14.00,15.00,11.00,642.00,NULL,0,'2022-09-22 01:26:03','2022-09-22 01:27:40','in_stock',0,'Botble\\ACL\\Models\\User',NULL,'physical',NULL,0),(47,'Nestle Original Coffee-Mate Coffee Creamer',NULL,NULL,'published','[\"products\\/11.jpg\"]','HS-171-A0',0,11,0,1,0,6,1,0,127,NULL,NULL,NULL,10.00,12.00,14.00,687.00,NULL,0,'2022-09-22 01:26:03','2022-09-22 01:27:40','in_stock',0,'Botble\\ACL\\Models\\User',NULL,'physical',NULL,0),(48,'Nestle Original Coffee-Mate Coffee Creamer',NULL,NULL,'published','[\"products\\/11-1.jpg\"]','HS-171-A0-A1',0,11,0,1,0,6,1,0,127,NULL,NULL,NULL,10.00,12.00,14.00,687.00,NULL,0,'2022-09-22 01:26:03','2022-09-22 01:27:40','in_stock',0,'Botble\\ACL\\Models\\User',NULL,'physical',NULL,0),(49,'Nestle Original Coffee-Mate Coffee Creamer',NULL,NULL,'published','[\"products\\/11.jpg\"]','HS-171-A0-A2',0,11,0,1,0,6,1,0,127,NULL,NULL,NULL,10.00,12.00,14.00,687.00,NULL,0,'2022-09-22 01:26:03','2022-09-22 01:27:40','in_stock',0,'Botble\\ACL\\Models\\User',NULL,'physical',NULL,0),(50,'Naturally Flavored Cinnamon Vanilla Light Roast Coffee',NULL,NULL,'published','[\"products\\/12.jpg\"]','HS-189-A0',0,13,0,1,0,5,1,0,121,89.54,NULL,NULL,14.00,20.00,18.00,822.00,NULL,0,'2022-09-22 01:26:03','2022-09-22 01:27:40','in_stock',0,'Botble\\ACL\\Models\\User',NULL,'physical',NULL,0),(51,'Naturally Flavored Cinnamon Vanilla Light Roast Coffee',NULL,NULL,'published','[\"products\\/12-1.jpg\"]','HS-189-A0-A1',0,13,0,1,0,5,1,0,121,89.54,NULL,NULL,14.00,20.00,18.00,822.00,NULL,0,'2022-09-22 01:26:03','2022-09-22 01:27:40','in_stock',0,'Botble\\ACL\\Models\\User',NULL,'physical',NULL,0),(52,'Naturally Flavored Cinnamon Vanilla Light Roast Coffee',NULL,NULL,'published','[\"products\\/12.jpg\"]','HS-189-A0-A2',0,13,0,1,0,5,1,0,121,107.69,NULL,NULL,14.00,20.00,18.00,822.00,NULL,0,'2022-09-22 01:26:03','2022-09-22 01:27:40','in_stock',0,'Botble\\ACL\\Models\\User',NULL,'physical',NULL,0),(53,'Pepperidge Farm Farmhouse Hearty White Bread',NULL,NULL,'published','[\"products\\/13.jpg\"]','HS-107-A0',0,10,0,1,0,5,1,0,126,NULL,NULL,NULL,11.00,13.00,20.00,738.00,NULL,0,'2022-09-22 01:26:03','2022-09-22 01:27:40','in_stock',0,'Botble\\ACL\\Models\\User',NULL,'physical',NULL,0),(54,'Pepperidge Farm Farmhouse Hearty White Bread',NULL,NULL,'published','[\"products\\/13-1.jpg\"]','HS-107-A0-A1',0,10,0,1,0,5,1,0,126,NULL,NULL,NULL,11.00,13.00,20.00,738.00,NULL,0,'2022-09-22 01:26:03','2022-09-22 01:27:40','in_stock',0,'Botble\\ACL\\Models\\User',NULL,'physical',NULL,0),(55,'Organic Frozen Triple Berry Blend',NULL,NULL,'published','[\"products\\/14.jpg\"]','HS-156-A0',0,16,0,1,0,1,1,0,125,NULL,NULL,NULL,16.00,10.00,12.00,646.00,NULL,0,'2022-09-22 01:26:04','2022-09-22 01:27:40','in_stock',0,'Botble\\ACL\\Models\\User',NULL,'physical',NULL,0),(56,'Organic Frozen Triple Berry Blend',NULL,NULL,'published','[\"products\\/14-1.jpg\"]','HS-156-A0-A1',0,16,0,1,0,1,1,0,125,NULL,NULL,NULL,16.00,10.00,12.00,646.00,NULL,0,'2022-09-22 01:26:04','2022-09-22 01:27:40','in_stock',0,'Botble\\ACL\\Models\\User',NULL,'physical',NULL,0),(57,'Organic Frozen Triple Berry Blend',NULL,NULL,'published','[\"products\\/14.jpg\"]','HS-156-A0-A2',0,16,0,1,0,1,1,0,125,NULL,NULL,NULL,16.00,10.00,12.00,646.00,NULL,0,'2022-09-22 01:26:04','2022-09-22 01:27:40','in_stock',0,'Botble\\ACL\\Models\\User',NULL,'physical',NULL,0),(58,'Organic Frozen Triple Berry Blend',NULL,NULL,'published','[\"products\\/14.jpg\"]','HS-156-A0-A3',0,16,0,1,0,1,1,0,125,NULL,NULL,NULL,16.00,10.00,12.00,646.00,NULL,0,'2022-09-22 01:26:04','2022-09-22 01:27:40','in_stock',0,'Botble\\ACL\\Models\\User',NULL,'physical',NULL,0),(59,'Oroweat Country Buttermilk Bread',NULL,NULL,'published','[\"products\\/15.jpg\"]','HS-143-A0',0,16,0,1,0,2,1,0,121,NULL,NULL,NULL,10.00,11.00,16.00,864.00,NULL,0,'2022-09-22 01:26:04','2022-09-22 01:27:40','in_stock',0,'Botble\\ACL\\Models\\User',NULL,'physical',NULL,0),(60,'Oroweat Country Buttermilk Bread',NULL,NULL,'published','[\"products\\/15-1.jpg\"]','HS-143-A0-A1',0,16,0,1,0,2,1,0,121,NULL,NULL,NULL,10.00,11.00,16.00,864.00,NULL,0,'2022-09-22 01:26:04','2022-09-22 01:27:40','in_stock',0,'Botble\\ACL\\Models\\User',NULL,'physical',NULL,0),(61,'Oroweat Country Buttermilk Bread',NULL,NULL,'published','[\"products\\/15.jpg\"]','HS-143-A0-A2',0,16,0,1,0,2,1,0,121,NULL,NULL,NULL,10.00,11.00,16.00,864.00,NULL,0,'2022-09-22 01:26:04','2022-09-22 01:27:40','in_stock',0,'Botble\\ACL\\Models\\User',NULL,'physical',NULL,0),(62,'Foster Farms Takeout Crispy Classic Buffalo Wings',NULL,NULL,'published','[\"products\\/16.jpg\"]','HS-136-A0',0,13,0,1,0,3,1,0,128,89.6,NULL,NULL,10.00,14.00,18.00,698.00,NULL,0,'2022-09-22 01:26:04','2022-09-22 01:27:40','in_stock',0,'Botble\\ACL\\Models\\User',NULL,'physical',NULL,0),(63,'Foster Farms Takeout Crispy Classic Buffalo Wings',NULL,NULL,'published','[\"products\\/16-1.jpg\"]','HS-136-A0-A1',0,13,0,1,0,3,1,0,128,115.2,NULL,NULL,10.00,14.00,18.00,698.00,NULL,0,'2022-09-22 01:26:04','2022-09-22 01:27:40','in_stock',0,'Botble\\ACL\\Models\\User',NULL,'physical',NULL,0),(64,'Foster Farms Takeout Crispy Classic Buffalo Wings',NULL,NULL,'published','[\"products\\/16-2.jpg\"]','HS-136-A0-A2',0,13,0,1,0,3,1,0,128,90.88,NULL,NULL,10.00,14.00,18.00,698.00,NULL,0,'2022-09-22 01:26:04','2022-09-22 01:27:40','in_stock',0,'Botble\\ACL\\Models\\User',NULL,'physical',NULL,0),(65,'Foster Farms Takeout Crispy Classic Buffalo Wings',NULL,NULL,'published','[\"products\\/16-3.jpg\"]','HS-136-A0-A3',0,13,0,1,0,3,1,0,128,102.4,NULL,NULL,10.00,14.00,18.00,698.00,NULL,0,'2022-09-22 01:26:04','2022-09-22 01:27:40','in_stock',0,'Botble\\ACL\\Models\\User',NULL,'physical',NULL,0),(66,'Foster Farms Takeout Crispy Classic Buffalo Wings',NULL,NULL,'published','[\"products\\/16-4.jpg\"]','HS-136-A0-A4',0,13,0,1,0,3,1,0,128,115.2,NULL,NULL,10.00,14.00,18.00,698.00,NULL,0,'2022-09-22 01:26:04','2022-09-22 01:27:40','in_stock',0,'Botble\\ACL\\Models\\User',NULL,'physical',NULL,0),(67,'Angie’s Boomchickapop Sweet & Salty Kettle Corn',NULL,NULL,'published','[\"products\\/17.jpg\"]','HS-167-A0',0,11,0,1,0,1,1,0,114,NULL,NULL,NULL,15.00,19.00,16.00,543.00,NULL,0,'2022-09-22 01:26:04','2022-09-22 01:27:40','in_stock',0,'Botble\\ACL\\Models\\User',NULL,'physical',NULL,0),(68,'Angie’s Boomchickapop Sweet & Salty Kettle Corn',NULL,NULL,'published','[\"products\\/17-1.jpg\"]','HS-167-A0-A1',0,11,0,1,0,1,1,0,114,NULL,NULL,NULL,15.00,19.00,16.00,543.00,NULL,0,'2022-09-22 01:26:05','2022-09-22 01:27:40','in_stock',0,'Botble\\ACL\\Models\\User',NULL,'physical',NULL,0),(69,'Angie’s Boomchickapop Sweet & Salty Kettle Corn',NULL,NULL,'published','[\"products\\/17.jpg\"]','HS-167-A0-A2',0,11,0,1,0,1,1,0,114,NULL,NULL,NULL,15.00,19.00,16.00,543.00,NULL,0,'2022-09-22 01:26:05','2022-09-22 01:27:40','in_stock',0,'Botble\\ACL\\Models\\User',NULL,'physical',NULL,0),(70,'All Natural Italian-Style Chicken Meatballs',NULL,NULL,'published','[\"products\\/18.jpg\"]','HS-167-A0',0,13,0,1,0,6,1,0,122,NULL,NULL,NULL,14.00,14.00,17.00,528.00,NULL,0,'2022-09-22 01:26:05','2022-09-22 01:27:40','in_stock',0,'Botble\\ACL\\Models\\User',NULL,'physical',NULL,0),(71,'All Natural Italian-Style Chicken Meatballs',NULL,NULL,'published','[\"products\\/18-1.jpg\"]','HS-167-A0-A1',0,13,0,1,0,6,1,0,122,NULL,NULL,NULL,14.00,14.00,17.00,528.00,NULL,0,'2022-09-22 01:26:05','2022-09-22 01:27:40','in_stock',0,'Botble\\ACL\\Models\\User',NULL,'physical',NULL,0),(72,'Simply Lemonade with Raspberry Juice',NULL,NULL,'published','[\"products\\/19.jpg\"]','HS-116-A0',0,15,0,1,0,7,1,0,125,NULL,NULL,NULL,13.00,15.00,14.00,847.00,NULL,0,'2022-09-22 01:26:05','2022-09-22 01:27:40','in_stock',0,'Botble\\ACL\\Models\\User',NULL,'physical',NULL,0),(73,'Perdue Simply Smart Organics Gluten Free',NULL,NULL,'published','[\"products\\/20.jpg\"]','HS-163-A0',0,17,0,1,0,3,1,0,127,93.98,NULL,NULL,18.00,17.00,16.00,820.00,NULL,0,'2022-09-22 01:26:05','2022-09-22 01:27:40','in_stock',0,'Botble\\ACL\\Models\\User',NULL,'physical',NULL,0),(74,'Perdue Simply Smart Organics Gluten Free',NULL,NULL,'published','[\"products\\/20-1.jpg\"]','HS-163-A0-A1',0,17,0,1,0,3,1,0,127,105.41,NULL,NULL,18.00,17.00,16.00,820.00,NULL,0,'2022-09-22 01:26:05','2022-09-22 01:27:40','in_stock',0,'Botble\\ACL\\Models\\User',NULL,'physical',NULL,0),(75,'Perdue Simply Smart Organics Gluten Free',NULL,NULL,'published','[\"products\\/20.jpg\"]','HS-163-A0-A2',0,17,0,1,0,3,1,0,127,101.6,NULL,NULL,18.00,17.00,16.00,820.00,NULL,0,'2022-09-22 01:26:05','2022-09-22 01:27:40','in_stock',0,'Botble\\ACL\\Models\\User',NULL,'physical',NULL,0),(76,'Chen Watermelon',NULL,NULL,'published','[\"products\\/21.jpg\"]','HS-121-A0',0,19,0,1,0,1,1,0,129,NULL,NULL,NULL,12.00,19.00,15.00,658.00,NULL,0,'2022-09-22 01:26:05','2022-09-22 01:27:40','in_stock',0,'Botble\\ACL\\Models\\User',NULL,'physical',NULL,0),(77,'Chen Watermelon',NULL,NULL,'published','[\"products\\/21-1.jpg\"]','HS-121-A0-A1',0,19,0,1,0,1,1,0,129,NULL,NULL,NULL,12.00,19.00,15.00,658.00,NULL,0,'2022-09-22 01:26:05','2022-09-22 01:27:40','in_stock',0,'Botble\\ACL\\Models\\User',NULL,'physical',NULL,0),(78,'Chen Watermelon',NULL,NULL,'published','[\"products\\/21.jpg\"]','HS-121-A0-A2',0,19,0,1,0,1,1,0,129,NULL,NULL,NULL,12.00,19.00,15.00,658.00,NULL,0,'2022-09-22 01:26:05','2022-09-22 01:27:40','in_stock',0,'Botble\\ACL\\Models\\User',NULL,'physical',NULL,0),(79,'Chen Watermelon',NULL,NULL,'published','[\"products\\/21.jpg\"]','HS-121-A0-A3',0,19,0,1,0,1,1,0,129,NULL,NULL,NULL,12.00,19.00,15.00,658.00,NULL,0,'2022-09-22 01:26:05','2022-09-22 01:27:40','in_stock',0,'Botble\\ACL\\Models\\User',NULL,'physical',NULL,0),(80,'Organic Cage-Free Grade A Large Brown Eggs',NULL,NULL,'published','[\"products\\/22.jpg\"]','HS-187-A0',0,14,0,1,0,2,1,0,123,NULL,NULL,NULL,20.00,16.00,13.00,872.00,NULL,0,'2022-09-22 01:26:05','2022-09-22 01:27:40','in_stock',0,'Botble\\ACL\\Models\\User',NULL,'physical',NULL,0),(81,'Organic Cage-Free Grade A Large Brown Eggs',NULL,NULL,'published','[\"products\\/22-1.jpg\"]','HS-187-A0-A1',0,14,0,1,0,2,1,0,123,NULL,NULL,NULL,20.00,16.00,13.00,872.00,NULL,0,'2022-09-22 01:26:05','2022-09-22 01:27:40','in_stock',0,'Botble\\ACL\\Models\\User',NULL,'physical',NULL,0),(82,'Organic Cage-Free Grade A Large Brown Eggs',NULL,NULL,'published','[\"products\\/22.jpg\"]','HS-187-A0-A2',0,14,0,1,0,2,1,0,123,NULL,NULL,NULL,20.00,16.00,13.00,872.00,NULL,0,'2022-09-22 01:26:05','2022-09-22 01:27:40','in_stock',0,'Botble\\ACL\\Models\\User',NULL,'physical',NULL,0),(83,'Colorful Banana',NULL,NULL,'published','[\"products\\/23.jpg\"]','HS-118-A0',0,11,0,1,0,2,1,0,130,NULL,NULL,NULL,18.00,13.00,12.00,501.00,NULL,0,'2022-09-22 01:26:06','2022-09-22 01:27:40','in_stock',0,'Botble\\ACL\\Models\\User',NULL,'physical',NULL,0),(84,'Colorful Banana',NULL,NULL,'published','[\"products\\/23-1.jpg\"]','HS-118-A0-A1',0,11,0,1,0,2,1,0,130,NULL,NULL,NULL,18.00,13.00,12.00,501.00,NULL,0,'2022-09-22 01:26:06','2022-09-22 01:27:40','in_stock',0,'Botble\\ACL\\Models\\User',NULL,'physical',NULL,0),(85,'Colorful Banana',NULL,NULL,'published','[\"products\\/23.jpg\"]','HS-118-A0-A2',0,11,0,1,0,2,1,0,130,NULL,NULL,NULL,18.00,13.00,12.00,501.00,NULL,0,'2022-09-22 01:26:06','2022-09-22 01:27:40','in_stock',0,'Botble\\ACL\\Models\\User',NULL,'physical',NULL,0),(86,'Signature Wood-Fired Mushroom and Caramelized',NULL,NULL,'published','[\"products\\/24.jpg\"]','HS-156-A0',0,15,0,1,0,6,1,0,129,104.49,NULL,NULL,10.00,14.00,16.00,862.00,NULL,0,'2022-09-22 01:26:06','2022-09-22 01:27:40','in_stock',0,'Botble\\ACL\\Models\\User',NULL,'physical',NULL,0),(87,'Signature Wood-Fired Mushroom and Caramelized',NULL,NULL,'published','[\"products\\/24-1.jpg\"]','HS-156-A0-A1',0,15,0,1,0,6,1,0,129,100.62,NULL,NULL,10.00,14.00,16.00,862.00,NULL,0,'2022-09-22 01:26:06','2022-09-22 01:27:40','in_stock',0,'Botble\\ACL\\Models\\User',NULL,'physical',NULL,0),(88,'Signature Wood-Fired Mushroom and Caramelized',NULL,NULL,'published','[\"products\\/24.jpg\"]','HS-156-A0-A2',0,15,0,1,0,6,1,0,129,110.94,NULL,NULL,10.00,14.00,16.00,862.00,NULL,0,'2022-09-22 01:26:06','2022-09-22 01:27:40','in_stock',0,'Botble\\ACL\\Models\\User',NULL,'physical',NULL,0),(89,'Signature Wood-Fired Mushroom and Caramelized',NULL,NULL,'published','[\"products\\/24.jpg\"]','HS-156-A0-A3',0,15,0,1,0,6,1,0,129,98.04,NULL,NULL,10.00,14.00,16.00,862.00,NULL,0,'2022-09-22 01:26:06','2022-09-22 01:27:40','in_stock',0,'Botble\\ACL\\Models\\User',NULL,'physical',NULL,0);
/*!40000 ALTER TABLE `ec_products` ENABLE KEYS */;
UNLOCK TABLES;

--
-- Table structure for table `ec_products_translations`
--

DROP TABLE IF EXISTS `ec_products_translations`;
/*!40101 SET @saved_cs_client     = @@character_set_client */;
/*!50503 SET character_set_client = utf8mb4 */;
CREATE TABLE `ec_products_translations` (
  `lang_code` varchar(191) COLLATE utf8mb4_unicode_ci NOT NULL,
  `ec_products_id` int NOT NULL,
  `name` varchar(191) COLLATE utf8mb4_unicode_ci DEFAULT NULL,
  `description` text COLLATE utf8mb4_unicode_ci,
  `content` text COLLATE utf8mb4_unicode_ci,
  PRIMARY KEY (`lang_code`,`ec_products_id`)
) ENGINE=InnoDB DEFAULT CHARSET=utf8mb4 COLLATE=utf8mb4_unicode_ci;
/*!40101 SET character_set_client = @saved_cs_client */;

--
-- Dumping data for table `ec_products_translations`
--

LOCK TABLES `ec_products_translations` WRITE;
/*!40000 ALTER TABLE `ec_products_translations` DISABLE KEYS */;
INSERT INTO `ec_products_translations` VALUES ('vi',1,'Hạt Quinoa hữu cơ',NULL,NULL),('vi',2,'Thịt gà viên kiểu Ý tự nhiên',NULL,NULL),('vi',3,'Angie’s Boomchickapop Sweet & Salty',NULL,NULL),('vi',4,'Foster Farms Takeout Crispy Classic',NULL,NULL),('vi',5,'Diamond Almonds xanh nhạt',NULL,NULL),('vi',6,'Chobani vani Hy Lạp',NULL,NULL),('vi',7,'Gừng khô Canada',NULL,NULL),('vi',8,'Hải sản Alaska',NULL,NULL),('vi',9,'Cá phi lê tẩm Gorton',NULL,NULL),('vi',10,'Kem Haagen-Dazs Caramel Cone',NULL,NULL),('vi',11,'Máy làm kem cà phê nguyên bản của Nestle',NULL,NULL),('vi',12,'Cà phê rang nhẹ hương vị quế vani tự nhiên',NULL,NULL),('vi',13,'Pepperidge Farm Farmhouse Hearty White Bread',NULL,NULL),('vi',14,'Hỗn hợp ba quả mọng đông lạnh hữu cơ',NULL,NULL),('vi',15,'Bánh mì bơ sữa đồng quê Oroweat',NULL,NULL),('vi',16,'Foster Farms Takeout Crispy Classic Buffalo Wings',NULL,NULL),('vi',17,'Ngô Angie’s boomchickapop ngọt và mặn',NULL,NULL),('vi',18,'Thịt gà viên kiểu Ý tự nhiên',NULL,NULL),('vi',19,'Nước ép chanh và mâm xôi',NULL,NULL),('vi',20,'Perdue hữu cơ không chứa Gluten',NULL,NULL),('vi',21,'Dưa hấu chen',NULL,NULL),('vi',22,'Trứng loại A lớn hữu cơ',NULL,NULL),('vi',23,'Chuối đầy màu sắc',NULL,NULL),('vi',24,'Nấm đặc trưng và caramel',NULL,NULL),('vi',25,'Hạt Quinoa hữu cơ',NULL,NULL),('vi',26,'Thịt gà viên kiểu Ý tự nhiên',NULL,NULL),('vi',27,'Thịt gà viên kiểu Ý tự nhiên',NULL,NULL),('vi',28,'Angie’s Boomchickapop Sweet & Salty',NULL,NULL),('vi',29,'Angie’s Boomchickapop Sweet & Salty',NULL,NULL),('vi',30,'Foster Farms Takeout Crispy Classic',NULL,NULL),('vi',31,'Foster Farms Takeout Crispy Classic',NULL,NULL),('vi',32,'Diamond Almonds xanh nhạt',NULL,NULL),('vi',33,'Chobani vani Hy Lạp',NULL,NULL),('vi',34,'Gừng khô Canada',NULL,NULL),('vi',35,'Gừng khô Canada',NULL,NULL),('vi',36,'Gừng khô Canada',NULL,NULL),('vi',37,'Hải sản Alaska',NULL,NULL),('vi',38,'Hải sản Alaska',NULL,NULL),('vi',39,'Hải sản Alaska',NULL,NULL),('vi',40,'Hải sản Alaska',NULL,NULL),('vi',41,'Cá phi lê tẩm Gorton',NULL,NULL),('vi',42,'Cá phi lê tẩm Gorton',NULL,NULL),('vi',43,'Cá phi lê tẩm Gorton',NULL,NULL),('vi',44,'Cá phi lê tẩm Gorton',NULL,NULL),('vi',45,'Kem Haagen-Dazs Caramel Cone',NULL,NULL),('vi',46,'Kem Haagen-Dazs Caramel Cone',NULL,NULL),('vi',47,'Máy làm kem cà phê nguyên bản của Nestle',NULL,NULL),('vi',48,'Máy làm kem cà phê nguyên bản của Nestle',NULL,NULL),('vi',49,'Máy làm kem cà phê nguyên bản của Nestle',NULL,NULL),('vi',50,'Cà phê rang nhẹ hương vị quế vani tự nhiên',NULL,NULL),('vi',51,'Cà phê rang nhẹ hương vị quế vani tự nhiên',NULL,NULL),('vi',52,'Cà phê rang nhẹ hương vị quế vani tự nhiên',NULL,NULL),('vi',53,'Pepperidge Farm Farmhouse Hearty White Bread',NULL,NULL),('vi',54,'Pepperidge Farm Farmhouse Hearty White Bread',NULL,NULL),('vi',55,'Hỗn hợp ba quả mọng đông lạnh hữu cơ',NULL,NULL),('vi',56,'Hỗn hợp ba quả mọng đông lạnh hữu cơ',NULL,NULL),('vi',57,'Hỗn hợp ba quả mọng đông lạnh hữu cơ',NULL,NULL),('vi',58,'Hỗn hợp ba quả mọng đông lạnh hữu cơ',NULL,NULL),('vi',59,'Bánh mì bơ sữa đồng quê Oroweat',NULL,NULL),('vi',60,'Bánh mì bơ sữa đồng quê Oroweat',NULL,NULL),('vi',61,'Bánh mì bơ sữa đồng quê Oroweat',NULL,NULL),('vi',62,'Foster Farms Takeout Crispy Classic Buffalo Wings',NULL,NULL),('vi',63,'Foster Farms Takeout Crispy Classic Buffalo Wings',NULL,NULL),('vi',64,'Foster Farms Takeout Crispy Classic Buffalo Wings',NULL,NULL),('vi',65,'Foster Farms Takeout Crispy Classic Buffalo Wings',NULL,NULL),('vi',66,'Foster Farms Takeout Crispy Classic Buffalo Wings',NULL,NULL),('vi',67,'Ngô Angie’s boomchickapop ngọt và mặn',NULL,NULL),('vi',68,'Ngô Angie’s boomchickapop ngọt và mặn',NULL,NULL),('vi',69,'Ngô Angie’s boomchickapop ngọt và mặn',NULL,NULL),('vi',70,'Thịt gà viên kiểu Ý tự nhiên',NULL,NULL),('vi',71,'Thịt gà viên kiểu Ý tự nhiên',NULL,NULL),('vi',72,'Nước ép chanh và mâm xôi',NULL,NULL),('vi',73,'Perdue hữu cơ không chứa Gluten',NULL,NULL),('vi',74,'Perdue hữu cơ không chứa Gluten',NULL,NULL),('vi',75,'Perdue hữu cơ không chứa Gluten',NULL,NULL),('vi',76,'Dưa hấu chen',NULL,NULL),('vi',77,'Dưa hấu chen',NULL,NULL),('vi',78,'Dưa hấu chen',NULL,NULL),('vi',79,'Dưa hấu chen',NULL,NULL),('vi',80,'Trứng loại A lớn hữu cơ',NULL,NULL),('vi',81,'Trứng loại A lớn hữu cơ',NULL,NULL),('vi',82,'Trứng loại A lớn hữu cơ',NULL,NULL),('vi',83,'Chuối đầy màu sắc',NULL,NULL),('vi',84,'Chuối đầy màu sắc',NULL,NULL),('vi',85,'Chuối đầy màu sắc',NULL,NULL),('vi',86,'Nấm đặc trưng và caramel',NULL,NULL),('vi',87,'Nấm đặc trưng và caramel',NULL,NULL),('vi',88,'Nấm đặc trưng và caramel',NULL,NULL),('vi',89,'Nấm đặc trưng và caramel',NULL,NULL);
/*!40000 ALTER TABLE `ec_products_translations` ENABLE KEYS */;
UNLOCK TABLES;

--
-- Table structure for table `ec_reviews`
--

DROP TABLE IF EXISTS `ec_reviews`;
/*!40101 SET @saved_cs_client     = @@character_set_client */;
/*!50503 SET character_set_client = utf8mb4 */;
CREATE TABLE `ec_reviews` (
  `id` bigint unsigned NOT NULL AUTO_INCREMENT,
  `customer_id` int unsigned NOT NULL,
  `product_id` int unsigned NOT NULL,
  `star` double(8,2) NOT NULL,
  `comment` text CHARACTER SET utf8mb4 COLLATE utf8mb4_unicode_ci NOT NULL,
  `status` varchar(60) COLLATE utf8mb4_unicode_ci NOT NULL DEFAULT 'published',
  `created_at` timestamp NULL DEFAULT NULL,
  `updated_at` timestamp NULL DEFAULT NULL,
  `images` text COLLATE utf8mb4_unicode_ci,
  PRIMARY KEY (`id`),
  KEY `ec_reviews_product_id_customer_id_status_created_at_index` (`product_id`,`customer_id`,`status`,`created_at`),
  KEY `ec_reviews_product_id_customer_id_status_index` (`product_id`,`customer_id`,`status`)
) ENGINE=InnoDB AUTO_INCREMENT=101 DEFAULT CHARSET=utf8mb4 COLLATE=utf8mb4_unicode_ci;
/*!40101 SET character_set_client = @saved_cs_client */;

--
-- Dumping data for table `ec_reviews`
--

LOCK TABLES `ec_reviews` WRITE;
/*!40000 ALTER TABLE `ec_reviews` DISABLE KEYS */;
INSERT INTO `ec_reviews` VALUES (1,1,24,4.00,'Clean & perfect source code','published','2022-09-22 01:26:13','2022-09-22 01:26:13','[\"products\\/2.jpg\"]'),(2,10,11,3.00,'Second or third time that I buy a Botble product, happy with the products and support. You guys do a good job :)','published','2022-09-22 01:26:13','2022-09-22 01:26:13','[\"products\\/2.jpg\",\"products\\/5.jpg\"]'),(3,8,12,3.00,'Very enthusiastic support! Excellent code is written. It\'s a true pleasure working with.','published','2022-09-22 01:26:13','2022-09-22 01:26:13','[\"products\\/1.jpg\",\"products\\/7.jpg\"]'),(4,3,24,3.00,'As a developer I reviewed this script. This is really awesome ecommerce script. I have convinced when I noticed that it\'s built on fully WordPress concept.','published','2022-09-22 01:26:13','2022-09-22 01:26:13','[\"products\\/4.jpg\",\"products\\/5.jpg\"]'),(5,2,20,1.00,'It\'s not my first experience here on Codecanyon and I can honestly tell you all that Botble puts a LOT of effort into the support. They answer so fast, they helped me tons of times. REALLY by far THE BEST EXPERIENCE on Codecanyon. Those guys at Botble are so good that they deserve 5 stars. I recommend them, I trust them and I can\'t wait to see what they will sell in a near future. Thank you Botble :)','published','2022-09-22 01:26:13','2022-09-22 01:26:13','{\"0\":\"products\\/1.jpg\",\"2\":\"products\\/20.jpg\"}'),(6,5,10,5.00,'Great system, great support, good job Botble. I\'m looking forward to more great functional plugins.','published','2022-09-22 01:26:13','2022-09-22 01:26:13','[\"products\\/2.jpg\",\"products\\/6.jpg\"]'),(7,3,19,2.00,'Ok good product. I have some issues in customizations. But its not correct to blame the developer. The product is good. Good luck for your business.','published','2022-09-22 01:26:13','2022-09-22 01:26:13','[\"products\\/3.jpg\",\"products\\/6.jpg\"]'),(8,8,23,1.00,'This web app is really good in design, code quality & features. Besides, the customer support provided by the Botble team was really fast & helpful. You guys are awesome!','published','2022-09-22 01:26:13','2022-09-22 01:26:13','[\"products\\/1.jpg\",\"products\\/5.jpg\"]'),(9,10,18,2.00,'Perfect +++++++++ i love it really also i get to fast ticket answers... Thanks Lot BOTBLE Teams','published','2022-09-22 01:26:13','2022-09-22 01:26:13','{\"0\":\"products\\/4.jpg\",\"2\":\"products\\/20.jpg\"}'),(10,6,22,3.00,'The best ecommerce CMS! Excellent coding! best support service! Thank you so much..... I really like your hard work.','published','2022-09-22 01:26:13','2022-09-22 01:26:13','[\"products\\/4.jpg\",\"products\\/5.jpg\"]'),(11,8,22,4.00,'Best ecommerce CMS online store!','published','2022-09-22 01:26:13','2022-09-22 01:26:13','[\"products\\/2.jpg\",\"products\\/6.jpg\"]'),(12,4,5,3.00,'These guys are amazing! Responses immediately, amazing support and help... I immediately feel at ease after Purchasing..','published','2022-09-22 01:26:13','2022-09-22 01:26:13','[\"products\\/2.jpg\",\"products\\/5.jpg\"]'),(13,8,24,5.00,'This web app is really good in design, code quality & features. Besides, the customer support provided by the Botble team was really fast & helpful. You guys are awesome!','published','2022-09-22 01:26:13','2022-09-22 01:26:13','[\"products\\/4.jpg\",\"products\\/5.jpg\"]'),(14,3,10,1.00,'Ok good product. I have some issues in customizations. But its not correct to blame the developer. The product is good. Good luck for your business.','published','2022-09-22 01:26:13','2022-09-22 01:26:13','[\"products\\/2.jpg\",\"products\\/7.jpg\"]'),(15,6,16,3.00,'We have received brilliant service support and will be expanding the features with the developer. Nice product!','published','2022-09-22 01:26:13','2022-09-22 01:26:13','[\"products\\/3.jpg\"]'),(16,6,23,3.00,'It\'s not my first experience here on Codecanyon and I can honestly tell you all that Botble puts a LOT of effort into the support. They answer so fast, they helped me tons of times. REALLY by far THE BEST EXPERIENCE on Codecanyon. Those guys at Botble are so good that they deserve 5 stars. I recommend them, I trust them and I can\'t wait to see what they will sell in a near future. Thank you Botble :)','published','2022-09-22 01:26:13','2022-09-22 01:26:13','[\"products\\/3.jpg\",\"products\\/5.jpg\"]'),(17,2,15,1.00,'It\'s not my first experience here on Codecanyon and I can honestly tell you all that Botble puts a LOT of effort into the support. They answer so fast, they helped me tons of times. REALLY by far THE BEST EXPERIENCE on Codecanyon. Those guys at Botble are so good that they deserve 5 stars. I recommend them, I trust them and I can\'t wait to see what they will sell in a near future. Thank you Botble :)','published','2022-09-22 01:26:13','2022-09-22 01:26:13','[\"products\\/1.jpg\",\"products\\/7.jpg\"]'),(18,1,9,1.00,'Amazing code, amazing support. Overall, im really confident in Botble and im happy I made the right choice! Thank you so much guys for coding this masterpiece','published','2022-09-22 01:26:13','2022-09-22 01:26:13','[\"products\\/3.jpg\",\"products\\/6.jpg\"]'),(19,5,8,5.00,'Best ecommerce CMS online store!','published','2022-09-22 01:26:13','2022-09-22 01:26:13','[\"products\\/2.jpg\",\"products\\/7.jpg\"]'),(20,1,11,3.00,'Very enthusiastic support! Excellent code is written. It\'s a true pleasure working with.','published','2022-09-22 01:26:13','2022-09-22 01:26:13','[\"products\\/4.jpg\"]'),(21,4,5,5.00,'The best ecommerce CMS! Excellent coding! best support service! Thank you so much..... I really like your hard work.','published','2022-09-22 01:26:13','2022-09-22 01:26:13','[\"products\\/3.jpg\"]'),(22,1,15,4.00,'The code is good, in general, if you like it, can you give it 5 stars?','published','2022-09-22 01:26:13','2022-09-22 01:26:13','[\"products\\/2.jpg\",\"products\\/6.jpg\"]'),(23,2,15,2.00,'Very enthusiastic support! Excellent code is written. It\'s a true pleasure working with.','published','2022-09-22 01:26:13','2022-09-22 01:26:13','[\"products\\/2.jpg\",\"products\\/6.jpg\"]'),(24,4,9,1.00,'Best ecommerce CMS online store!','published','2022-09-22 01:26:13','2022-09-22 01:26:13','[\"products\\/4.jpg\",\"products\\/6.jpg\"]'),(25,6,6,3.00,'For me the best eCommerce script on Envato at this moment: modern, clean code, a lot of great features. The customer support is great too: I always get an answer within hours!','published','2022-09-22 01:26:13','2022-09-22 01:26:13','{\"0\":\"products\\/1.jpg\",\"2\":\"products\\/14.jpg\"}'),(26,10,1,4.00,'It\'s not my first experience here on Codecanyon and I can honestly tell you all that Botble puts a LOT of effort into the support. They answer so fast, they helped me tons of times. REALLY by far THE BEST EXPERIENCE on Codecanyon. Those guys at Botble are so good that they deserve 5 stars. I recommend them, I trust them and I can\'t wait to see what they will sell in a near future. Thank you Botble :)','published','2022-09-22 01:26:13','2022-09-22 01:26:13','[\"products\\/2.jpg\"]'),(27,3,17,4.00,'The best store template! Excellent coding! Very good support! Thank you so much for all the help, I really appreciated.','published','2022-09-22 01:26:13','2022-09-22 01:26:13','[\"products\\/4.jpg\",\"products\\/6.jpg\",\"products\\/22.jpg\"]'),(28,9,4,2.00,'Best ecommerce CMS online store!','published','2022-09-22 01:26:13','2022-09-22 01:26:13','[\"products\\/4.jpg\",\"products\\/7.jpg\",\"products\\/15.jpg\"]'),(29,7,7,2.00,'Very enthusiastic support! Excellent code is written. It\'s a true pleasure working with.','published','2022-09-22 01:26:13','2022-09-22 01:26:13','{\"0\":\"products\\/4.jpg\",\"2\":\"products\\/20.jpg\"}'),(30,5,11,5.00,'Very enthusiastic support! Excellent code is written. It\'s a true pleasure working with.','published','2022-09-22 01:26:13','2022-09-22 01:26:13','[\"products\\/3.jpg\",\"products\\/5.jpg\"]'),(31,7,14,5.00,'Very enthusiastic support! Excellent code is written. It\'s a true pleasure working with.','published','2022-09-22 01:26:13','2022-09-22 01:26:13','[\"products\\/4.jpg\",\"products\\/7.jpg\"]'),(32,3,24,4.00,'As a developer I reviewed this script. This is really awesome ecommerce script. I have convinced when I noticed that it\'s built on fully WordPress concept.','published','2022-09-22 01:26:13','2022-09-22 01:26:13','[\"products\\/4.jpg\"]'),(33,5,24,2.00,'Customer Support are grade (A*), however the code is a way too over engineered for it\'s purpose.','published','2022-09-22 01:26:13','2022-09-22 01:26:13','[\"products\\/1.jpg\",\"products\\/6.jpg\"]'),(34,4,11,3.00,'For me the best eCommerce script on Envato at this moment: modern, clean code, a lot of great features. The customer support is great too: I always get an answer within hours!','published','2022-09-22 01:26:13','2022-09-22 01:26:13','{\"0\":\"products\\/4.jpg\",\"2\":\"products\\/16.jpg\"}'),(35,5,23,4.00,'As a developer I reviewed this script. This is really awesome ecommerce script. I have convinced when I noticed that it\'s built on fully WordPress concept.','published','2022-09-22 01:26:13','2022-09-22 01:26:13','[\"products\\/2.jpg\",\"products\\/7.jpg\"]'),(36,3,12,2.00,'The script is the best of its class, fast, easy to implement and work with , and the most important thing is the great support team , Recommend with no doubt.','published','2022-09-22 01:26:13','2022-09-22 01:26:13','{\"0\":\"products\\/1.jpg\",\"2\":\"products\\/12.jpg\"}'),(37,8,21,2.00,'Perfect +++++++++ i love it really also i get to fast ticket answers... Thanks Lot BOTBLE Teams','published','2022-09-22 01:26:13','2022-09-22 01:26:13','[\"products\\/3.jpg\",\"products\\/6.jpg\"]'),(38,4,2,4.00,'For me the best eCommerce script on Envato at this moment: modern, clean code, a lot of great features. The customer support is great too: I always get an answer within hours!','published','2022-09-22 01:26:13','2022-09-22 01:26:13','[\"products\\/4.jpg\",\"products\\/6.jpg\"]'),(39,8,9,2.00,'Cool template. Excellent code quality. The support responds very quickly, which is very rare on themeforest and codecanyon.net, I buy a lot of templates, and everyone will have a response from technical support for two or three days. Thanks to tech support. I recommend to buy.','published','2022-09-22 01:26:13','2022-09-22 01:26:13','[\"products\\/4.jpg\",\"products\\/5.jpg\"]'),(40,1,21,3.00,'These guys are amazing! Responses immediately, amazing support and help... I immediately feel at ease after Purchasing..','published','2022-09-22 01:26:13','2022-09-22 01:26:13','[\"products\\/4.jpg\",\"products\\/5.jpg\"]'),(41,4,2,1.00,'Second or third time that I buy a Botble product, happy with the products and support. You guys do a good job :)','published','2022-09-22 01:26:13','2022-09-22 01:26:13','{\"0\":\"products\\/1.jpg\",\"2\":\"products\\/12.jpg\"}'),(42,3,12,4.00,'Ok good product. I have some issues in customizations. But its not correct to blame the developer. The product is good. Good luck for your business.','published','2022-09-22 01:26:13','2022-09-22 01:26:13','[\"products\\/1.jpg\",\"products\\/5.jpg\"]'),(43,4,22,5.00,'Great E-commerce system. And much more : Wonderful Customer Support.','published','2022-09-22 01:26:13','2022-09-22 01:26:13','[\"products\\/2.jpg\",\"products\\/5.jpg\"]'),(44,2,8,1.00,'The code is good, in general, if you like it, can you give it 5 stars?','published','2022-09-22 01:26:13','2022-09-22 01:26:13','[\"products\\/2.jpg\",\"products\\/5.jpg\"]'),(45,9,24,1.00,'This web app is really good in design, code quality & features. Besides, the customer support provided by the Botble team was really fast & helpful. You guys are awesome!','published','2022-09-22 01:26:13','2022-09-22 01:26:13','[\"products\\/4.jpg\"]'),(46,6,9,2.00,'Second or third time that I buy a Botble product, happy with the products and support. You guys do a good job :)','published','2022-09-22 01:26:13','2022-09-22 01:26:13','[\"products\\/1.jpg\"]'),(47,1,16,2.00,'The script is the best of its class, fast, easy to implement and work with , and the most important thing is the great support team , Recommend with no doubt.','published','2022-09-22 01:26:13','2022-09-22 01:26:13','[\"products\\/3.jpg\",\"products\\/7.jpg\",\"products\\/9.jpg\"]'),(48,8,21,3.00,'Solution is too robust for our purpose so we didn\'t use it at the end. But I appreciate customer support during initial configuration.','published','2022-09-22 01:26:13','2022-09-22 01:26:13','[\"products\\/3.jpg\"]'),(49,3,14,4.00,'This web app is really good in design, code quality & features. Besides, the customer support provided by the Botble team was really fast & helpful. You guys are awesome!','published','2022-09-22 01:26:13','2022-09-22 01:26:13','[\"products\\/4.jpg\"]'),(50,4,9,5.00,'Great system, great support, good job Botble. I\'m looking forward to more great functional plugins.','published','2022-09-22 01:26:13','2022-09-22 01:26:13','[\"products\\/3.jpg\"]'),(51,6,20,1.00,'It\'s not my first experience here on Codecanyon and I can honestly tell you all that Botble puts a LOT of effort into the support. They answer so fast, they helped me tons of times. REALLY by far THE BEST EXPERIENCE on Codecanyon. Those guys at Botble are so good that they deserve 5 stars. I recommend them, I trust them and I can\'t wait to see what they will sell in a near future. Thank you Botble :)','published','2022-09-22 01:26:13','2022-09-22 01:26:13','[\"products\\/4.jpg\",\"products\\/6.jpg\",\"products\\/20.jpg\"]'),(52,6,17,2.00,'Cool template. Excellent code quality. The support responds very quickly, which is very rare on themeforest and codecanyon.net, I buy a lot of templates, and everyone will have a response from technical support for two or three days. Thanks to tech support. I recommend to buy.','published','2022-09-22 01:26:13','2022-09-22 01:26:13','[\"products\\/2.jpg\",\"products\\/6.jpg\"]'),(53,10,3,1.00,'Ok good product. I have some issues in customizations. But its not correct to blame the developer. The product is good. Good luck for your business.','published','2022-09-22 01:26:13','2022-09-22 01:26:13','[\"products\\/2.jpg\",\"products\\/7.jpg\"]'),(54,8,13,1.00,'Amazing code, amazing support. Overall, im really confident in Botble and im happy I made the right choice! Thank you so much guys for coding this masterpiece','published','2022-09-22 01:26:13','2022-09-22 01:26:13','[\"products\\/3.jpg\",\"products\\/7.jpg\",\"products\\/15.jpg\"]'),(55,4,2,3.00,'Clean & perfect source code','published','2022-09-22 01:26:13','2022-09-22 01:26:13','[\"products\\/3.jpg\",\"products\\/5.jpg\",\"products\\/17.jpg\"]'),(56,1,7,1.00,'I Love this Script. I also found how to add other fees. Now I just wait the BIG update for the Marketplace with the Bulk Import. Just do not forget to make it to be Multi-language for us the Botble Fans.','published','2022-09-22 01:26:13','2022-09-22 01:26:13','[\"products\\/2.jpg\",\"products\\/6.jpg\"]'),(57,6,10,3.00,'Ok good product. I have some issues in customizations. But its not correct to blame the developer. The product is good. Good luck for your business.','published','2022-09-22 01:26:13','2022-09-22 01:26:13','[\"products\\/4.jpg\",\"products\\/5.jpg\"]'),(58,7,10,4.00,'Solution is too robust for our purpose so we didn\'t use it at the end. But I appreciate customer support during initial configuration.','published','2022-09-22 01:26:13','2022-09-22 01:26:13','[\"products\\/4.jpg\",\"products\\/7.jpg\",\"products\\/17.jpg\"]'),(59,1,5,1.00,'For me the best eCommerce script on Envato at this moment: modern, clean code, a lot of great features. The customer support is great too: I always get an answer within hours!','published','2022-09-22 01:26:13','2022-09-22 01:26:13','[\"products\\/2.jpg\",\"products\\/6.jpg\"]'),(60,4,19,1.00,'Perfect +++++++++ i love it really also i get to fast ticket answers... Thanks Lot BOTBLE Teams','published','2022-09-22 01:26:13','2022-09-22 01:26:13','[\"products\\/2.jpg\",\"products\\/5.jpg\"]'),(61,2,8,2.00,'The code is good, in general, if you like it, can you give it 5 stars?','published','2022-09-22 01:26:13','2022-09-22 01:26:13','[\"products\\/4.jpg\",\"products\\/6.jpg\"]'),(62,4,4,5.00,'Great E-commerce system. And much more : Wonderful Customer Support.','published','2022-09-22 01:26:13','2022-09-22 01:26:13','[\"products\\/4.jpg\",\"products\\/5.jpg\",\"products\\/14.jpg\"]'),(63,3,8,5.00,'The best store template! Excellent coding! Very good support! Thank you so much for all the help, I really appreciated.','published','2022-09-22 01:26:13','2022-09-22 01:26:13','[\"products\\/2.jpg\"]'),(64,5,15,3.00,'Customer Support are grade (A*), however the code is a way too over engineered for it\'s purpose.','published','2022-09-22 01:26:13','2022-09-22 01:26:13','[\"products\\/3.jpg\",\"products\\/7.jpg\"]'),(65,9,4,2.00,'The best ecommerce CMS! Excellent coding! best support service! Thank you so much..... I really like your hard work.','published','2022-09-22 01:26:13','2022-09-22 01:26:13','[\"products\\/1.jpg\",\"products\\/5.jpg\"]'),(66,5,8,1.00,'Great system, great support, good job Botble. I\'m looking forward to more great functional plugins.','published','2022-09-22 01:26:13','2022-09-22 01:26:13','[\"products\\/4.jpg\"]'),(67,7,11,4.00,'These guys are amazing! Responses immediately, amazing support and help... I immediately feel at ease after Purchasing..','published','2022-09-22 01:26:13','2022-09-22 01:26:13','[\"products\\/4.jpg\",\"products\\/5.jpg\"]'),(68,9,8,5.00,'Amazing code, amazing support. Overall, im really confident in Botble and im happy I made the right choice! Thank you so much guys for coding this masterpiece','published','2022-09-22 01:26:13','2022-09-22 01:26:13','[\"products\\/4.jpg\",\"products\\/6.jpg\",\"products\\/8.jpg\"]'),(69,5,12,4.00,'Solution is too robust for our purpose so we didn\'t use it at the end. But I appreciate customer support during initial configuration.','published','2022-09-22 01:26:13','2022-09-22 01:26:13','[\"products\\/1.jpg\",\"products\\/5.jpg\"]'),(70,4,17,1.00,'As a developer I reviewed this script. This is really awesome ecommerce script. I have convinced when I noticed that it\'s built on fully WordPress concept.','published','2022-09-22 01:26:13','2022-09-22 01:26:13','[\"products\\/4.jpg\",\"products\\/7.jpg\"]'),(71,7,6,2.00,'Great system, great support, good job Botble. I\'m looking forward to more great functional plugins.','published','2022-09-22 01:26:13','2022-09-22 01:26:13','[\"products\\/2.jpg\",\"products\\/7.jpg\"]'),(72,7,20,5.00,'Clean & perfect source code','published','2022-09-22 01:26:13','2022-09-22 01:26:13','[\"products\\/2.jpg\"]'),(73,7,4,2.00,'Best ecommerce CMS online store!','published','2022-09-22 01:26:13','2022-09-22 01:26:13','[\"products\\/1.jpg\",\"products\\/7.jpg\"]'),(74,8,10,5.00,'Ok good product. I have some issues in customizations. But its not correct to blame the developer. The product is good. Good luck for your business.','published','2022-09-22 01:26:13','2022-09-22 01:26:13','[\"products\\/2.jpg\",\"products\\/5.jpg\"]'),(75,10,24,3.00,'Customer Support are grade (A*), however the code is a way too over engineered for it\'s purpose.','published','2022-09-22 01:26:13','2022-09-22 01:26:13','[\"products\\/2.jpg\",\"products\\/5.jpg\"]'),(76,3,3,2.00,'These guys are amazing! Responses immediately, amazing support and help... I immediately feel at ease after Purchasing..','published','2022-09-22 01:26:13','2022-09-22 01:26:13','{\"0\":\"products\\/4.jpg\",\"2\":\"products\\/11.jpg\"}'),(77,2,14,4.00,'Great E-commerce system. And much more : Wonderful Customer Support.','published','2022-09-22 01:26:13','2022-09-22 01:26:13','[\"products\\/1.jpg\"]'),(78,4,3,1.00,'Those guys now what they are doing, the release such a good product that it\'s a pleasure to work with ! Even when I was stuck on the project, I created a ticket and the next day it was replied by the team. GOOD JOB guys. I love working with them :)','published','2022-09-22 01:26:13','2022-09-22 01:26:13','[\"products\\/1.jpg\",\"products\\/6.jpg\"]'),(79,1,9,5.00,'Great system, great support, good job Botble. I\'m looking forward to more great functional plugins.','published','2022-09-22 01:26:13','2022-09-22 01:26:13','[\"products\\/3.jpg\",\"products\\/7.jpg\",\"products\\/24.jpg\"]'),(80,4,22,1.00,'Perfect +++++++++ i love it really also i get to fast ticket answers... Thanks Lot BOTBLE Teams','published','2022-09-22 01:26:13','2022-09-22 01:26:13','[\"products\\/2.jpg\"]'),(81,7,22,5.00,'It\'s not my first experience here on Codecanyon and I can honestly tell you all that Botble puts a LOT of effort into the support. They answer so fast, they helped me tons of times. REALLY by far THE BEST EXPERIENCE on Codecanyon. Those guys at Botble are so good that they deserve 5 stars. I recommend them, I trust them and I can\'t wait to see what they will sell in a near future. Thank you Botble :)','published','2022-09-22 01:26:13','2022-09-22 01:26:13','[\"products\\/4.jpg\",\"products\\/5.jpg\"]'),(82,5,15,1.00,'These guys are amazing! Responses immediately, amazing support and help... I immediately feel at ease after Purchasing..','published','2022-09-22 01:26:13','2022-09-22 01:26:13','[\"products\\/4.jpg\"]'),(83,3,2,2.00,'The best store template! Excellent coding! Very good support! Thank you so much for all the help, I really appreciated.','published','2022-09-22 01:26:13','2022-09-22 01:26:13','[\"products\\/4.jpg\",\"products\\/5.jpg\"]'),(84,8,6,5.00,'This script is well coded and is super fast. The support is pretty quick. Very patient and helpful team. I strongly recommend it and they deserve more than 5 stars.','published','2022-09-22 01:26:13','2022-09-22 01:26:13','[\"products\\/2.jpg\",\"products\\/7.jpg\",\"products\\/15.jpg\"]'),(85,5,3,3.00,'The best store template! Excellent coding! Very good support! Thank you so much for all the help, I really appreciated.','published','2022-09-22 01:26:13','2022-09-22 01:26:13','[\"products\\/4.jpg\",\"products\\/7.jpg\",\"products\\/12.jpg\"]'),(86,6,4,5.00,'The best store template! Excellent coding! Very good support! Thank you so much for all the help, I really appreciated.','published','2022-09-22 01:26:13','2022-09-22 01:26:13','[\"products\\/2.jpg\"]'),(87,8,6,4.00,'Very enthusiastic support! Excellent code is written. It\'s a true pleasure working with.','published','2022-09-22 01:26:13','2022-09-22 01:26:13','[\"products\\/3.jpg\",\"products\\/7.jpg\",\"products\\/13.jpg\"]'),(88,1,13,3.00,'The best store template! Excellent coding! Very good support! Thank you so much for all the help, I really appreciated.','published','2022-09-22 01:26:13','2022-09-22 01:26:13','[\"products\\/4.jpg\",\"products\\/6.jpg\",\"products\\/11.jpg\"]'),(89,5,20,1.00,'Great system, great support, good job Botble. I\'m looking forward to more great functional plugins.','published','2022-09-22 01:26:13','2022-09-22 01:26:13','[\"products\\/4.jpg\"]'),(90,10,18,1.00,'As a developer I reviewed this script. This is really awesome ecommerce script. I have convinced when I noticed that it\'s built on fully WordPress concept.','published','2022-09-22 01:26:13','2022-09-22 01:26:13','[\"products\\/2.jpg\"]'),(91,7,10,1.00,'As a developer I reviewed this script. This is really awesome ecommerce script. I have convinced when I noticed that it\'s built on fully WordPress concept.','published','2022-09-22 01:26:13','2022-09-22 01:26:13','[\"products\\/2.jpg\",\"products\\/5.jpg\",\"products\\/17.jpg\"]'),(92,3,1,3.00,'It\'s not my first experience here on Codecanyon and I can honestly tell you all that Botble puts a LOT of effort into the support. They answer so fast, they helped me tons of times. REALLY by far THE BEST EXPERIENCE on Codecanyon. Those guys at Botble are so good that they deserve 5 stars. I recommend them, I trust them and I can\'t wait to see what they will sell in a near future. Thank you Botble :)','published','2022-09-22 01:26:13','2022-09-22 01:26:13','[\"products\\/1.jpg\",\"products\\/7.jpg\"]'),(93,5,6,5.00,'I Love this Script. I also found how to add other fees. Now I just wait the BIG update for the Marketplace with the Bulk Import. Just do not forget to make it to be Multi-language for us the Botble Fans.','published','2022-09-22 01:26:13','2022-09-22 01:26:13','[\"products\\/1.jpg\",\"products\\/7.jpg\"]'),(94,8,11,3.00,'The best ecommerce CMS! Excellent coding! best support service! Thank you so much..... I really like your hard work.','published','2022-09-22 01:26:13','2022-09-22 01:26:13','[\"products\\/2.jpg\",\"products\\/5.jpg\"]'),(95,6,18,5.00,'Good app, good backup service and support. Good documentation.','published','2022-09-22 01:26:14','2022-09-22 01:26:14','[\"products\\/2.jpg\",\"products\\/7.jpg\"]'),(96,9,10,5.00,'Best ecommerce CMS online store!','published','2022-09-22 01:26:14','2022-09-22 01:26:14','[\"products\\/2.jpg\",\"products\\/7.jpg\"]'),(97,9,9,5.00,'Good app, good backup service and support. Good documentation.','published','2022-09-22 01:26:14','2022-09-22 01:26:14','[\"products\\/3.jpg\",\"products\\/7.jpg\"]'),(98,7,17,3.00,'I Love this Script. I also found how to add other fees. Now I just wait the BIG update for the Marketplace with the Bulk Import. Just do not forget to make it to be Multi-language for us the Botble Fans.','published','2022-09-22 01:26:14','2022-09-22 01:26:14','[\"products\\/4.jpg\"]'),(99,1,11,1.00,'These guys are amazing! Responses immediately, amazing support and help... I immediately feel at ease after Purchasing..','published','2022-09-22 01:26:14','2022-09-22 01:26:14','[\"products\\/2.jpg\",\"products\\/7.jpg\"]'),(100,9,5,1.00,'Great system, great support, good job Botble. I\'m looking forward to more great functional plugins.','published','2022-09-22 01:26:14','2022-09-22 01:26:14','[\"products\\/1.jpg\",\"products\\/5.jpg\",\"products\\/18.jpg\"]');
/*!40000 ALTER TABLE `ec_reviews` ENABLE KEYS */;
UNLOCK TABLES;

--
-- Table structure for table `ec_shipment_histories`
--

DROP TABLE IF EXISTS `ec_shipment_histories`;
/*!40101 SET @saved_cs_client     = @@character_set_client */;
/*!50503 SET character_set_client = utf8mb4 */;
CREATE TABLE `ec_shipment_histories` (
  `id` bigint unsigned NOT NULL AUTO_INCREMENT,
  `action` varchar(120) COLLATE utf8mb4_unicode_ci NOT NULL,
  `description` varchar(255) COLLATE utf8mb4_unicode_ci NOT NULL,
  `user_id` int unsigned DEFAULT NULL,
  `shipment_id` int unsigned NOT NULL,
  `order_id` int unsigned NOT NULL,
  `created_at` timestamp NULL DEFAULT NULL,
  `updated_at` timestamp NULL DEFAULT NULL,
  PRIMARY KEY (`id`)
) ENGINE=InnoDB AUTO_INCREMENT=133 DEFAULT CHARSET=utf8mb4 COLLATE=utf8mb4_unicode_ci;
/*!40101 SET character_set_client = @saved_cs_client */;

--
-- Dumping data for table `ec_shipment_histories`
--

LOCK TABLES `ec_shipment_histories` WRITE;
/*!40000 ALTER TABLE `ec_shipment_histories` DISABLE KEYS */;
INSERT INTO `ec_shipment_histories` VALUES (1,'create_from_order','Shipping was created from order %order_id%',0,1,1,'2022-09-13 17:27:41','2022-09-13 17:27:41'),(2,'update_status','Changed status of shipping to: Approved. Updated by: %user_name%',0,1,1,'2022-09-20 09:27:43','2022-09-22 01:27:43'),(3,'update_status','Changed status of shipping to: Delivered. Updated by: %user_name%',0,1,1,'2022-09-22 01:27:43','2022-09-22 01:27:43'),(4,'create_from_order','Shipping was created from order %order_id%',0,2,2,'2022-09-18 17:27:43','2022-09-18 17:27:43'),(5,'update_status','Changed status of shipping to: Approved. Updated by: %user_name%',0,2,2,'2022-09-20 09:27:43','2022-09-22 01:27:43'),(6,'update_cod_status','Updated COD status to Completed . Updated by: %user_name%',0,2,2,'2022-09-22 01:27:43','2022-09-22 01:27:43'),(7,'update_status','Changed status of shipping to: Delivered. Updated by: %user_name%',0,2,2,'2022-09-22 01:27:43','2022-09-22 01:27:43'),(8,'create_from_order','Shipping was created from order %order_id%',0,3,3,'2022-09-20 11:27:43','2022-09-20 11:27:43'),(9,'update_status','Changed status of shipping to: Approved. Updated by: %user_name%',0,3,3,'2022-09-20 11:27:43','2022-09-22 01:27:43'),(10,'update_status','Changed status of shipping to: Delivered. Updated by: %user_name%',0,3,3,'2022-09-22 01:27:43','2022-09-22 01:27:43'),(11,'create_from_order','Shipping was created from order %order_id%',0,4,4,'2022-09-18 21:27:43','2022-09-18 21:27:43'),(12,'update_status','Changed status of shipping to: Approved. Updated by: %user_name%',0,4,4,'2022-09-20 11:27:43','2022-09-22 01:27:43'),(13,'create_from_order','Shipping was created from order %order_id%',0,5,5,'2022-09-09 09:27:43','2022-09-09 09:27:43'),(14,'update_status','Changed status of shipping to: Approved. Updated by: %user_name%',0,5,5,'2022-09-20 11:27:43','2022-09-22 01:27:43'),(15,'update_cod_status','Updated COD status to Completed . Updated by: %user_name%',0,5,5,'2022-09-22 01:27:43','2022-09-22 01:27:43'),(16,'update_status','Changed status of shipping to: Delivered. Updated by: %user_name%',0,5,5,'2022-09-22 01:27:43','2022-09-22 01:27:43'),(17,'create_from_order','Shipping was created from order %order_id%',0,6,6,'2022-09-19 01:27:43','2022-09-19 01:27:43'),(18,'update_status','Changed status of shipping to: Approved. Updated by: %user_name%',0,6,6,'2022-09-20 13:27:44','2022-09-22 01:27:44'),(19,'create_from_order','Shipping was created from order %order_id%',0,7,7,'2022-09-19 01:27:44','2022-09-19 01:27:44'),(20,'update_status','Changed status of shipping to: Approved. Updated by: %user_name%',0,7,7,'2022-09-20 13:27:47','2022-09-22 01:27:47'),(21,'create_from_order','Shipping was created from order %order_id%',0,8,8,'2022-09-08 13:27:47','2022-09-08 13:27:47'),(22,'update_status','Changed status of shipping to: Approved. Updated by: %user_name%',0,8,8,'2022-09-20 13:27:47','2022-09-22 01:27:47'),(23,'update_status','Changed status of shipping to: Delivered. Updated by: %user_name%',0,8,8,'2022-09-22 01:27:47','2022-09-22 01:27:47'),(24,'create_from_order','Shipping was created from order %order_id%',0,9,9,'2022-09-09 07:27:47','2022-09-09 07:27:47'),(25,'update_status','Changed status of shipping to: Approved. Updated by: %user_name%',0,9,9,'2022-09-20 15:27:48','2022-09-22 01:27:48'),(26,'update_status','Changed status of shipping to: Delivered. Updated by: %user_name%',0,9,9,'2022-09-22 01:27:48','2022-09-22 01:27:48'),(27,'create_from_order','Shipping was created from order %order_id%',0,10,10,'2022-09-07 21:27:48','2022-09-07 21:27:48'),(28,'update_status','Changed status of shipping to: Approved. Updated by: %user_name%',0,10,10,'2022-09-20 15:27:49','2022-09-22 01:27:49'),(29,'update_cod_status','Updated COD status to Completed . Updated by: %user_name%',0,10,10,'2022-09-22 01:27:49','2022-09-22 01:27:49'),(30,'update_status','Changed status of shipping to: Delivered. Updated by: %user_name%',0,10,10,'2022-09-22 01:27:49','2022-09-22 01:27:49'),(31,'create_from_order','Shipping was created from order %order_id%',0,11,11,'2022-09-14 01:27:49','2022-09-14 01:27:49'),(32,'update_status','Changed status of shipping to: Approved. Updated by: %user_name%',0,11,11,'2022-09-20 17:27:50','2022-09-22 01:27:50'),(33,'update_status','Changed status of shipping to: Delivered. Updated by: %user_name%',0,11,11,'2022-09-22 01:27:50','2022-09-22 01:27:50'),(34,'create_from_order','Shipping was created from order %order_id%',0,12,12,'2022-09-16 17:27:50','2022-09-16 17:27:50'),(35,'update_status','Changed status of shipping to: Approved. Updated by: %user_name%',0,12,12,'2022-09-20 17:27:50','2022-09-22 01:27:50'),(36,'create_from_order','Shipping was created from order %order_id%',0,13,13,'2022-09-19 13:27:50','2022-09-19 13:27:50'),(37,'update_status','Changed status of shipping to: Approved. Updated by: %user_name%',0,13,13,'2022-09-20 19:27:51','2022-09-22 01:27:51'),(38,'create_from_order','Shipping was created from order %order_id%',0,14,14,'2022-09-15 19:27:51','2022-09-15 19:27:51'),(39,'update_status','Changed status of shipping to: Approved. Updated by: %user_name%',0,14,14,'2022-09-20 19:27:54','2022-09-22 01:27:54'),(40,'update_status','Changed status of shipping to: Delivered. Updated by: %user_name%',0,14,14,'2022-09-22 01:27:54','2022-09-22 01:27:54'),(41,'create_from_order','Shipping was created from order %order_id%',0,15,15,'2022-09-17 09:27:54','2022-09-17 09:27:54'),(42,'update_status','Changed status of shipping to: Approved. Updated by: %user_name%',0,15,15,'2022-09-20 21:27:55','2022-09-22 01:27:55'),(43,'update_status','Changed status of shipping to: Delivered. Updated by: %user_name%',0,15,15,'2022-09-22 01:27:55','2022-09-22 01:27:55'),(44,'create_from_order','Shipping was created from order %order_id%',0,16,16,'2022-09-16 05:27:55','2022-09-16 05:27:55'),(45,'update_status','Changed status of shipping to: Approved. Updated by: %user_name%',0,16,16,'2022-09-20 21:27:55','2022-09-22 01:27:55'),(46,'create_from_order','Shipping was created from order %order_id%',0,17,17,'2022-09-18 13:27:55','2022-09-18 13:27:55'),(47,'update_status','Changed status of shipping to: Approved. Updated by: %user_name%',0,17,17,'2022-09-20 21:27:55','2022-09-22 01:27:55'),(48,'update_status','Changed status of shipping to: Delivered. Updated by: %user_name%',0,17,17,'2022-09-22 01:27:55','2022-09-22 01:27:55'),(49,'create_from_order','Shipping was created from order %order_id%',0,18,18,'2022-09-16 15:27:55','2022-09-16 15:27:55'),(50,'update_status','Changed status of shipping to: Approved. Updated by: %user_name%',0,18,18,'2022-09-20 23:27:55','2022-09-22 01:27:55'),(51,'create_from_order','Shipping was created from order %order_id%',0,19,19,'2022-09-11 05:27:55','2022-09-11 05:27:55'),(52,'update_status','Changed status of shipping to: Approved. Updated by: %user_name%',0,19,19,'2022-09-20 23:27:55','2022-09-22 01:27:55'),(53,'create_from_order','Shipping was created from order %order_id%',0,20,20,'2022-09-19 01:27:55','2022-09-19 01:27:55'),(54,'update_status','Changed status of shipping to: Approved. Updated by: %user_name%',0,20,20,'2022-09-21 01:27:55','2022-09-22 01:27:55'),(55,'create_from_order','Shipping was created from order %order_id%',0,21,21,'2022-09-20 01:27:55','2022-09-20 01:27:55'),(56,'update_status','Changed status of shipping to: Approved. Updated by: %user_name%',0,21,21,'2022-09-21 01:27:55','2022-09-22 01:27:55'),(57,'update_status','Changed status of shipping to: Delivered. Updated by: %user_name%',0,21,21,'2022-09-22 01:27:56','2022-09-22 01:27:56'),(58,'create_from_order','Shipping was created from order %order_id%',0,22,22,'2022-09-17 01:27:56','2022-09-17 01:27:56'),(59,'update_status','Changed status of shipping to: Approved. Updated by: %user_name%',0,22,22,'2022-09-21 01:27:56','2022-09-22 01:27:56'),(60,'create_from_order','Shipping was created from order %order_id%',0,23,23,'2022-09-14 17:27:56','2022-09-14 17:27:56'),(61,'update_status','Changed status of shipping to: Approved. Updated by: %user_name%',0,23,23,'2022-09-21 03:27:56','2022-09-22 01:27:56'),(62,'update_cod_status','Updated COD status to Completed . Updated by: %user_name%',0,23,23,'2022-09-22 01:27:56','2022-09-22 01:27:56'),(63,'update_status','Changed status of shipping to: Delivered. Updated by: %user_name%',0,23,23,'2022-09-22 01:27:56','2022-09-22 01:27:56'),(64,'create_from_order','Shipping was created from order %order_id%',0,24,24,'2022-09-13 19:27:56','2022-09-13 19:27:56'),(65,'update_status','Changed status of shipping to: Approved. Updated by: %user_name%',0,24,24,'2022-09-21 03:27:56','2022-09-22 01:27:56'),(66,'update_cod_status','Updated COD status to Completed . Updated by: %user_name%',0,24,24,'2022-09-22 01:27:56','2022-09-22 01:27:56'),(67,'update_status','Changed status of shipping to: Delivered. Updated by: %user_name%',0,24,24,'2022-09-22 01:27:56','2022-09-22 01:27:56'),(68,'create_from_order','Shipping was created from order %order_id%',0,25,25,'2022-09-15 09:27:56','2022-09-15 09:27:56'),(69,'update_status','Changed status of shipping to: Approved. Updated by: %user_name%',0,25,25,'2022-09-21 05:27:56','2022-09-22 01:27:56'),(70,'update_status','Changed status of shipping to: Delivered. Updated by: %user_name%',0,25,25,'2022-09-22 01:27:56','2022-09-22 01:27:56'),(71,'create_from_order','Shipping was created from order %order_id%',0,26,26,'2022-09-18 17:27:56','2022-09-18 17:27:56'),(72,'update_status','Changed status of shipping to: Approved. Updated by: %user_name%',0,26,26,'2022-09-21 05:27:56','2022-09-22 01:27:56'),(73,'update_status','Changed status of shipping to: Delivered. Updated by: %user_name%',0,26,26,'2022-09-22 01:27:56','2022-09-22 01:27:56'),(74,'create_from_order','Shipping was created from order %order_id%',0,27,27,'2022-09-15 09:27:56','2022-09-15 09:27:56'),(75,'update_status','Changed status of shipping to: Approved. Updated by: %user_name%',0,27,27,'2022-09-21 05:27:56','2022-09-22 01:27:56'),(76,'create_from_order','Shipping was created from order %order_id%',0,28,28,'2022-09-16 01:27:56','2022-09-16 01:27:56'),(77,'update_status','Changed status of shipping to: Approved. Updated by: %user_name%',0,28,28,'2022-09-21 07:27:56','2022-09-22 01:27:56'),(78,'create_from_order','Shipping was created from order %order_id%',0,29,29,'2022-09-18 07:27:56','2022-09-18 07:27:56'),(79,'update_status','Changed status of shipping to: Approved. Updated by: %user_name%',0,29,29,'2022-09-21 07:27:56','2022-09-22 01:27:56'),(80,'update_status','Changed status of shipping to: Delivered. Updated by: %user_name%',0,29,29,'2022-09-22 01:27:56','2022-09-22 01:27:56'),(81,'create_from_order','Shipping was created from order %order_id%',0,30,30,'2022-09-17 13:27:56','2022-09-17 13:27:56'),(82,'update_status','Changed status of shipping to: Approved. Updated by: %user_name%',0,30,30,'2022-09-21 07:27:56','2022-09-22 01:27:56'),(83,'update_status','Changed status of shipping to: Delivered. Updated by: %user_name%',0,30,30,'2022-09-22 01:27:56','2022-09-22 01:27:56'),(84,'create_from_order','Shipping was created from order %order_id%',0,31,31,'2022-09-17 09:27:56','2022-09-17 09:27:56'),(85,'update_status','Changed status of shipping to: Approved. Updated by: %user_name%',0,31,31,'2022-09-21 09:27:56','2022-09-22 01:27:56'),(86,'create_from_order','Shipping was created from order %order_id%',0,32,32,'2022-09-20 17:27:56','2022-09-20 17:27:56'),(87,'update_status','Changed status of shipping to: Approved. Updated by: %user_name%',0,32,32,'2022-09-21 09:27:56','2022-09-22 01:27:56'),(88,'update_status','Changed status of shipping to: Delivered. Updated by: %user_name%',0,32,32,'2022-09-22 01:27:56','2022-09-22 01:27:56'),(89,'create_from_order','Shipping was created from order %order_id%',0,33,33,'2022-09-21 11:27:56','2022-09-21 11:27:56'),(90,'update_status','Changed status of shipping to: Approved. Updated by: %user_name%',0,33,33,'2022-09-21 11:27:56','2022-09-22 01:27:56'),(91,'create_from_order','Shipping was created from order %order_id%',0,34,34,'2022-09-19 17:27:56','2022-09-19 17:27:56'),(92,'update_status','Changed status of shipping to: Approved. Updated by: %user_name%',0,34,34,'2022-09-21 11:27:56','2022-09-22 01:27:56'),(93,'create_from_order','Shipping was created from order %order_id%',0,35,35,'2022-09-18 01:27:56','2022-09-18 01:27:56'),(94,'update_status','Changed status of shipping to: Approved. Updated by: %user_name%',0,35,35,'2022-09-21 13:27:56','2022-09-22 01:27:56'),(95,'create_from_order','Shipping was created from order %order_id%',0,36,36,'2022-09-17 13:27:56','2022-09-17 13:27:56'),(96,'update_status','Changed status of shipping to: Approved. Updated by: %user_name%',0,36,36,'2022-09-21 13:27:57','2022-09-22 01:27:57'),(97,'create_from_order','Shipping was created from order %order_id%',0,37,37,'2022-09-17 13:27:57','2022-09-17 13:27:57'),(98,'update_status','Changed status of shipping to: Approved. Updated by: %user_name%',0,37,37,'2022-09-21 13:27:57','2022-09-22 01:27:57'),(99,'update_status','Changed status of shipping to: Delivered. Updated by: %user_name%',0,37,37,'2022-09-22 01:27:57','2022-09-22 01:27:57'),(100,'create_from_order','Shipping was created from order %order_id%',0,38,38,'2022-09-20 09:27:57','2022-09-20 09:27:57'),(101,'update_status','Changed status of shipping to: Approved. Updated by: %user_name%',0,38,38,'2022-09-21 15:27:57','2022-09-22 01:27:57'),(102,'update_status','Changed status of shipping to: Delivered. Updated by: %user_name%',0,38,38,'2022-09-22 01:27:57','2022-09-22 01:27:57'),(103,'create_from_order','Shipping was created from order %order_id%',0,39,39,'2022-09-21 05:27:57','2022-09-21 05:27:57'),(104,'update_status','Changed status of shipping to: Approved. Updated by: %user_name%',0,39,39,'2022-09-21 15:27:57','2022-09-22 01:27:57'),(105,'update_cod_status','Updated COD status to Completed . Updated by: %user_name%',0,39,39,'2022-09-22 01:27:57','2022-09-22 01:27:57'),(106,'update_status','Changed status of shipping to: Delivered. Updated by: %user_name%',0,39,39,'2022-09-22 01:27:57','2022-09-22 01:27:57'),(107,'create_from_order','Shipping was created from order %order_id%',0,40,40,'2022-09-19 01:27:57','2022-09-19 01:27:57'),(108,'update_status','Changed status of shipping to: Approved. Updated by: %user_name%',0,40,40,'2022-09-21 17:27:57','2022-09-22 01:27:57'),(109,'update_cod_status','Updated COD status to Completed . Updated by: %user_name%',0,40,40,'2022-09-22 01:27:57','2022-09-22 01:27:57'),(110,'update_status','Changed status of shipping to: Delivered. Updated by: %user_name%',0,40,40,'2022-09-22 01:27:57','2022-09-22 01:27:57'),(111,'create_from_order','Shipping was created from order %order_id%',0,41,41,'2022-09-21 17:27:57','2022-09-21 17:27:57'),(112,'update_status','Changed status of shipping to: Approved. Updated by: %user_name%',0,41,41,'2022-09-21 17:27:57','2022-09-22 01:27:57'),(113,'update_status','Changed status of shipping to: Delivered. Updated by: %user_name%',0,41,41,'2022-09-22 01:27:57','2022-09-22 01:27:57'),(114,'create_from_order','Shipping was created from order %order_id%',0,42,42,'2022-09-21 09:27:57','2022-09-21 09:27:57'),(115,'update_status','Changed status of shipping to: Approved. Updated by: %user_name%',0,42,42,'2022-09-21 17:27:57','2022-09-22 01:27:57'),(116,'create_from_order','Shipping was created from order %order_id%',0,43,43,'2022-09-21 09:27:57','2022-09-21 09:27:57'),(117,'update_status','Changed status of shipping to: Approved. Updated by: %user_name%',0,43,43,'2022-09-21 17:27:57','2022-09-22 01:27:57'),(118,'create_from_order','Shipping was created from order %order_id%',0,44,44,'2022-09-20 13:27:57','2022-09-20 13:27:57'),(119,'update_status','Changed status of shipping to: Approved. Updated by: %user_name%',0,44,44,'2022-09-21 19:27:57','2022-09-22 01:27:57'),(120,'update_status','Changed status of shipping to: Delivered. Updated by: %user_name%',0,44,44,'2022-09-22 01:27:57','2022-09-22 01:27:57'),(121,'create_from_order','Shipping was created from order %order_id%',0,45,45,'2022-09-21 19:27:57','2022-09-21 19:27:57'),(122,'update_status','Changed status of shipping to: Approved. Updated by: %user_name%',0,45,45,'2022-09-21 19:27:57','2022-09-22 01:27:57'),(123,'create_from_order','Shipping was created from order %order_id%',0,46,46,'2022-09-21 13:27:57','2022-09-21 13:27:57'),(124,'update_status','Changed status of shipping to: Approved. Updated by: %user_name%',0,46,46,'2022-09-21 21:27:57','2022-09-22 01:27:57'),(125,'create_from_order','Shipping was created from order %order_id%',0,47,47,'2022-09-21 05:27:57','2022-09-21 05:27:57'),(126,'update_status','Changed status of shipping to: Approved. Updated by: %user_name%',0,47,47,'2022-09-21 21:27:57','2022-09-22 01:27:57'),(127,'create_from_order','Shipping was created from order %order_id%',0,48,48,'2022-09-21 11:27:57','2022-09-21 11:27:57'),(128,'update_status','Changed status of shipping to: Approved. Updated by: %user_name%',0,48,48,'2022-09-21 23:27:57','2022-09-22 01:27:57'),(129,'update_status','Changed status of shipping to: Delivered. Updated by: %user_name%',0,48,48,'2022-09-22 01:27:57','2022-09-22 01:27:57'),(130,'create_from_order','Shipping was created from order %order_id%',0,49,49,'2022-09-21 19:27:57','2022-09-21 19:27:57'),(131,'update_status','Changed status of shipping to: Approved. Updated by: %user_name%',0,49,49,'2022-09-21 23:27:57','2022-09-22 01:27:57'),(132,'update_status','Changed status of shipping to: Delivered. Updated by: %user_name%',0,49,49,'2022-09-22 01:27:57','2022-09-22 01:27:57');
/*!40000 ALTER TABLE `ec_shipment_histories` ENABLE KEYS */;
UNLOCK TABLES;

--
-- Table structure for table `ec_shipments`
--

DROP TABLE IF EXISTS `ec_shipments`;
/*!40101 SET @saved_cs_client     = @@character_set_client */;
/*!50503 SET character_set_client = utf8mb4 */;
CREATE TABLE `ec_shipments` (
  `id` bigint unsigned NOT NULL AUTO_INCREMENT,
  `order_id` int unsigned NOT NULL,
  `user_id` int unsigned DEFAULT NULL,
  `weight` double(8,2) DEFAULT '0.00',
  `shipment_id` varchar(120) COLLATE utf8mb4_unicode_ci DEFAULT NULL,
  `note` varchar(120) COLLATE utf8mb4_unicode_ci DEFAULT NULL,
  `status` varchar(120) COLLATE utf8mb4_unicode_ci NOT NULL DEFAULT 'pending',
  `cod_amount` decimal(15,2) DEFAULT '0.00',
  `cod_status` varchar(60) COLLATE utf8mb4_unicode_ci NOT NULL DEFAULT 'pending',
  `cross_checking_status` varchar(60) COLLATE utf8mb4_unicode_ci NOT NULL DEFAULT 'pending',
  `price` decimal(15,2) DEFAULT '0.00',
  `store_id` int unsigned DEFAULT NULL,
  `created_at` timestamp NULL DEFAULT NULL,
  `updated_at` timestamp NULL DEFAULT NULL,
  `tracking_id` varchar(191) COLLATE utf8mb4_unicode_ci DEFAULT NULL,
  `shipping_company_name` varchar(191) COLLATE utf8mb4_unicode_ci DEFAULT NULL,
  `tracking_link` varchar(191) COLLATE utf8mb4_unicode_ci DEFAULT NULL,
  `estimate_date_shipped` datetime DEFAULT NULL,
  `date_shipped` datetime DEFAULT NULL,
  PRIMARY KEY (`id`)
) ENGINE=InnoDB AUTO_INCREMENT=50 DEFAULT CHARSET=utf8mb4 COLLATE=utf8mb4_unicode_ci;
/*!40101 SET character_set_client = @saved_cs_client */;

--
-- Dumping data for table `ec_shipments`
--

LOCK TABLES `ec_shipments` WRITE;
/*!40000 ALTER TABLE `ec_shipments` DISABLE KEYS */;
INSERT INTO `ec_shipments` VALUES (1,1,NULL,1134.00,NULL,'','delivered',0.00,'completed','pending',0.00,0,'2022-09-22 01:27:43','2022-09-22 01:27:43','JJD0049070016','AliExpress','https://mydhl.express.dhl/us/en/tracking.html#/track-by-reference','2022-10-02 08:27:43','2022-09-22 08:27:43'),(2,2,NULL,1680.00,NULL,'','delivered',273.00,'completed','pending',0.00,0,'2022-09-22 01:27:43','2022-09-22 01:27:43','JJD0045280915','DHL','https://mydhl.express.dhl/us/en/tracking.html#/track-by-reference','2022-09-23 08:27:43','2022-09-22 08:27:43'),(3,3,NULL,2154.00,NULL,'','delivered',0.00,'completed','pending',0.00,0,'2022-09-22 01:27:43','2022-09-22 01:27:43','JJD0065470610','GHN','https://mydhl.express.dhl/us/en/tracking.html#/track-by-reference','2022-10-01 08:27:43','2022-09-22 08:27:43'),(4,4,NULL,2048.00,NULL,'','approved',0.00,'completed','pending',0.00,0,'2022-09-22 01:27:43','2022-09-22 01:27:43','JJD0093984612','AliExpress','https://mydhl.express.dhl/us/en/tracking.html#/track-by-reference','2022-09-29 08:27:43',NULL),(5,5,NULL,2460.00,NULL,'','delivered',393.70,'completed','pending',0.00,0,'2022-09-22 01:27:43','2022-09-22 01:27:43','JJD002688352','GHN','https://mydhl.express.dhl/us/en/tracking.html#/track-by-reference','2022-09-26 08:27:43','2022-09-22 08:27:43'),(6,6,NULL,1851.00,NULL,'','approved',0.00,'completed','pending',0.00,0,'2022-09-22 01:27:43','2022-09-22 01:27:43','JJD0068792610','FastShipping','https://mydhl.express.dhl/us/en/tracking.html#/track-by-reference','2022-09-23 08:27:43',NULL),(7,7,NULL,1380.00,NULL,'','approved',650.10,'pending','pending',0.00,0,'2022-09-22 01:27:47','2022-09-22 01:27:47','JJD0052524350','DHL','https://mydhl.express.dhl/us/en/tracking.html#/track-by-reference','2022-10-02 08:27:47',NULL),(8,8,NULL,2061.00,NULL,'','delivered',0.00,'completed','pending',0.00,0,'2022-09-22 01:27:47','2022-09-22 01:27:47','JJD003673828','DHL','https://mydhl.express.dhl/us/en/tracking.html#/track-by-reference','2022-09-28 08:27:47','2022-09-22 08:27:47'),(9,9,NULL,2214.00,NULL,'','delivered',0.00,'completed','pending',0.00,0,'2022-09-22 01:27:48','2022-09-22 01:27:48','JJD0064323758','DHL','https://mydhl.express.dhl/us/en/tracking.html#/track-by-reference','2022-09-26 08:27:48','2022-09-22 08:27:48'),(10,10,NULL,1724.00,NULL,'','delivered',270.90,'completed','pending',0.00,0,'2022-09-22 01:27:49','2022-09-22 01:27:49','JJD0048911636','AliExpress','https://mydhl.express.dhl/us/en/tracking.html#/track-by-reference','2022-09-30 08:27:49','2022-09-22 08:27:49'),(11,11,NULL,687.00,NULL,'','delivered',0.00,'completed','pending',0.00,0,'2022-09-22 01:27:50','2022-09-22 01:27:50','JJD0095251027','GHN','https://mydhl.express.dhl/us/en/tracking.html#/track-by-reference','2022-09-28 08:27:50','2022-09-22 08:27:50'),(12,12,NULL,1644.00,NULL,'','approved',0.00,'completed','pending',0.00,0,'2022-09-22 01:27:50','2022-09-22 01:27:50','JJD0069191075','DHL','https://mydhl.express.dhl/us/en/tracking.html#/track-by-reference','2022-10-02 08:27:50',NULL),(13,13,NULL,1755.00,NULL,'','approved',638.20,'pending','pending',0.00,0,'2022-09-22 01:27:50','2022-09-22 01:27:50','JJD0047287488','DHL','https://mydhl.express.dhl/us/en/tracking.html#/track-by-reference','2022-10-02 08:27:50',NULL),(14,14,NULL,3180.00,NULL,'','delivered',0.00,'completed','pending',0.00,0,'2022-09-22 01:27:54','2022-09-22 01:27:54','JJD0053645661','DHL','https://mydhl.express.dhl/us/en/tracking.html#/track-by-reference','2022-10-01 08:27:54','2022-09-22 08:27:54'),(15,15,NULL,844.00,NULL,'','delivered',0.00,'completed','pending',0.00,0,'2022-09-22 01:27:55','2022-09-22 01:27:55','JJD0029398477','GHN','https://mydhl.express.dhl/us/en/tracking.html#/track-by-reference','2022-09-26 08:27:55','2022-09-22 08:27:55'),(16,16,NULL,864.00,NULL,'','approved',0.00,'completed','pending',0.00,0,'2022-09-22 01:27:55','2022-09-22 01:27:55','JJD0087392284','FastShipping','https://mydhl.express.dhl/us/en/tracking.html#/track-by-reference','2022-09-28 08:27:55',NULL),(17,17,NULL,543.00,NULL,'','delivered',0.00,'completed','pending',0.00,0,'2022-09-22 01:27:55','2022-09-22 01:27:55','JJD0022573636','GHN','https://mydhl.express.dhl/us/en/tracking.html#/track-by-reference','2022-09-26 08:27:55','2022-09-22 08:27:55'),(18,18,NULL,617.00,NULL,'','approved',0.00,'completed','pending',0.00,0,'2022-09-22 01:27:55','2022-09-22 01:27:55','JJD0030517666','AliExpress','https://mydhl.express.dhl/us/en/tracking.html#/track-by-reference','2022-09-25 08:27:55',NULL),(19,19,NULL,1476.00,NULL,'','approved',0.00,'completed','pending',0.00,0,'2022-09-22 01:27:55','2022-09-22 01:27:55','JJD0013097297','DHL','https://mydhl.express.dhl/us/en/tracking.html#/track-by-reference','2022-09-30 08:27:55',NULL),(20,20,NULL,2094.00,NULL,'','approved',0.00,'completed','pending',0.00,0,'2022-09-22 01:27:55','2022-09-22 01:27:55','JJD0073194595','AliExpress','https://mydhl.express.dhl/us/en/tracking.html#/track-by-reference','2022-09-29 08:27:55',NULL),(21,21,NULL,847.00,NULL,'','delivered',0.00,'completed','pending',0.00,0,'2022-09-22 01:27:55','2022-09-22 01:27:55','JJD0012770041','FastShipping','https://mydhl.express.dhl/us/en/tracking.html#/track-by-reference','2022-09-30 08:27:55','2022-09-22 08:27:55'),(22,22,NULL,3040.00,NULL,'','approved',0.00,'completed','pending',0.00,0,'2022-09-22 01:27:56','2022-09-22 01:27:56','JJD0060481411','DHL','https://mydhl.express.dhl/us/en/tracking.html#/track-by-reference','2022-09-24 08:27:56',NULL),(23,23,NULL,1292.00,NULL,'','delivered',262.50,'completed','pending',0.00,0,'2022-09-22 01:27:56','2022-09-22 01:27:56','JJD007914691','AliExpress','https://mydhl.express.dhl/us/en/tracking.html#/track-by-reference','2022-09-26 08:27:56','2022-09-22 08:27:56'),(24,24,NULL,658.00,NULL,'','delivered',141.90,'completed','pending',0.00,0,'2022-09-22 01:27:56','2022-09-22 01:27:56','JJD0019587761','DHL','https://mydhl.express.dhl/us/en/tracking.html#/track-by-reference','2022-09-28 08:27:56','2022-09-22 08:27:56'),(25,25,NULL,2214.00,NULL,'','delivered',0.00,'completed','pending',0.00,0,'2022-09-22 01:27:56','2022-09-22 01:27:56','JJD0072017451','FastShipping','https://mydhl.express.dhl/us/en/tracking.html#/track-by-reference','2022-09-29 08:27:56','2022-09-22 08:27:56'),(26,26,NULL,543.00,NULL,'','delivered',0.00,'completed','pending',0.00,0,'2022-09-22 01:27:56','2022-09-22 01:27:56','JJD0052089839','AliExpress','https://mydhl.express.dhl/us/en/tracking.html#/track-by-reference','2022-10-02 08:27:56','2022-09-22 08:27:56'),(27,27,NULL,862.00,NULL,'','approved',0.00,'completed','pending',0.00,0,'2022-09-22 01:27:56','2022-09-22 01:27:56','JJD0046522145','FastShipping','https://mydhl.express.dhl/us/en/tracking.html#/track-by-reference','2022-10-02 08:27:56',NULL),(28,28,NULL,1304.00,NULL,'','approved',0.00,'completed','pending',0.00,0,'2022-09-22 01:27:56','2022-09-22 01:27:56','JJD0036161332','DHL','https://mydhl.express.dhl/us/en/tracking.html#/track-by-reference','2022-09-29 08:27:56',NULL),(29,29,NULL,1476.00,NULL,'','delivered',0.00,'completed','pending',0.00,0,'2022-09-22 01:27:56','2022-09-22 01:27:56','JJD0014216588','DHL','https://mydhl.express.dhl/us/en/tracking.html#/track-by-reference','2022-09-25 08:27:56','2022-09-22 08:27:56'),(30,30,NULL,1744.00,NULL,'','delivered',0.00,'completed','pending',0.00,0,'2022-09-22 01:27:56','2022-09-22 01:27:56','JJD0053485081','AliExpress','https://mydhl.express.dhl/us/en/tracking.html#/track-by-reference','2022-10-01 08:27:56','2022-09-22 08:27:56'),(31,31,NULL,2792.00,NULL,'','approved',0.00,'completed','pending',0.00,0,'2022-09-22 01:27:56','2022-09-22 01:27:56','JJD0075309407','AliExpress','https://mydhl.express.dhl/us/en/tracking.html#/track-by-reference','2022-09-23 08:27:56',NULL),(32,32,NULL,1744.00,NULL,'','delivered',0.00,'completed','pending',0.00,0,'2022-09-22 01:27:56','2022-09-22 01:27:56','JJD0055239592','AliExpress','https://mydhl.express.dhl/us/en/tracking.html#/track-by-reference','2022-09-27 08:27:56','2022-09-22 08:27:56'),(33,33,NULL,2532.00,NULL,'','approved',0.00,'completed','pending',0.00,0,'2022-09-22 01:27:56','2022-09-22 01:27:56','JJD0077029473','DHL','https://mydhl.express.dhl/us/en/tracking.html#/track-by-reference','2022-10-01 08:27:56',NULL),(34,34,NULL,872.00,NULL,'','approved',0.00,'completed','pending',0.00,0,'2022-09-22 01:27:56','2022-09-22 01:27:56','JJD0023348683','GHN','https://mydhl.express.dhl/us/en/tracking.html#/track-by-reference','2022-09-27 08:27:56',NULL),(35,35,NULL,2002.00,NULL,'','approved',0.00,'completed','pending',0.00,0,'2022-09-22 01:27:56','2022-09-22 01:27:56','JJD0041914451','AliExpress','https://mydhl.express.dhl/us/en/tracking.html#/track-by-reference','2022-10-01 08:27:56',NULL),(36,36,NULL,1374.00,NULL,'','approved',0.00,'completed','pending',0.00,0,'2022-09-22 01:27:57','2022-09-22 01:27:57','JJD0096174374','DHL','https://mydhl.express.dhl/us/en/tracking.html#/track-by-reference','2022-09-29 08:27:57',NULL),(37,37,NULL,2094.00,NULL,'','delivered',0.00,'completed','pending',0.00,0,'2022-09-22 01:27:57','2022-09-22 01:27:57','JJD004860652','DHL','https://mydhl.express.dhl/us/en/tracking.html#/track-by-reference','2022-09-25 08:27:57','2022-09-22 08:27:57'),(38,38,NULL,3121.00,NULL,'','delivered',0.00,'completed','pending',0.00,0,'2022-09-22 01:27:57','2022-09-22 01:27:57','JJD0014107667','DHL','https://mydhl.express.dhl/us/en/tracking.html#/track-by-reference','2022-09-28 08:27:57','2022-09-22 08:27:57'),(39,39,NULL,2214.00,NULL,'','delivered',390.60,'completed','pending',0.00,0,'2022-09-22 01:27:57','2022-09-22 01:27:57','JJD0043954898','AliExpress','https://mydhl.express.dhl/us/en/tracking.html#/track-by-reference','2022-09-24 08:27:57','2022-09-22 08:27:57'),(40,40,NULL,567.00,NULL,'','delivered',432.30,'completed','pending',0.00,0,'2022-09-22 01:27:57','2022-09-22 01:27:57','JJD0083690388','DHL','https://mydhl.express.dhl/us/en/tracking.html#/track-by-reference','2022-09-25 08:27:57','2022-09-22 08:27:57'),(41,41,NULL,2532.00,NULL,'','delivered',0.00,'completed','pending',0.00,0,'2022-09-22 01:27:57','2022-09-22 01:27:57','JJD0073096658','FastShipping','https://mydhl.express.dhl/us/en/tracking.html#/track-by-reference','2022-09-23 08:27:57','2022-09-22 08:27:57'),(42,42,NULL,1644.00,NULL,'','approved',0.00,'completed','pending',0.00,0,'2022-09-22 01:27:57','2022-09-22 01:27:57','JJD0053241544','DHL','https://mydhl.express.dhl/us/en/tracking.html#/track-by-reference','2022-09-29 08:27:57',NULL),(43,43,NULL,862.00,NULL,'','approved',0.00,'completed','pending',0.00,0,'2022-09-22 01:27:57','2022-09-22 01:27:57','JJD0072240495','GHN','https://mydhl.express.dhl/us/en/tracking.html#/track-by-reference','2022-09-27 08:27:57',NULL),(44,44,NULL,1688.00,NULL,'','delivered',0.00,'completed','pending',0.00,0,'2022-09-22 01:27:57','2022-09-22 01:27:57','JJD0031787291','DHL','https://mydhl.express.dhl/us/en/tracking.html#/track-by-reference','2022-09-30 08:27:57','2022-09-22 08:27:57'),(45,45,NULL,3756.00,NULL,'','approved',0.00,'completed','pending',0.00,0,'2022-09-22 01:27:57','2022-09-22 01:27:57','JJD0094658613','FastShipping','https://mydhl.express.dhl/us/en/tracking.html#/track-by-reference','2022-09-27 08:27:57',NULL),(46,46,NULL,551.00,NULL,'','approved',0.00,'completed','pending',0.00,0,'2022-09-22 01:27:57','2022-09-22 01:27:57','JJD0047450922','FastShipping','https://mydhl.express.dhl/us/en/tracking.html#/track-by-reference','2022-09-30 08:27:57',NULL),(47,47,NULL,3600.00,NULL,'','approved',0.00,'completed','pending',0.00,0,'2022-09-22 01:27:57','2022-09-22 01:27:57','JJD0037521270','FastShipping','https://mydhl.express.dhl/us/en/tracking.html#/track-by-reference','2022-09-28 08:27:57',NULL),(48,48,NULL,3372.00,NULL,'','delivered',0.00,'completed','pending',0.00,0,'2022-09-22 01:27:57','2022-09-22 01:27:57','JJD0055661323','GHN','https://mydhl.express.dhl/us/en/tracking.html#/track-by-reference','2022-10-02 08:27:57','2022-09-22 08:27:57'),(49,49,NULL,2792.00,NULL,'','delivered',0.00,'completed','pending',0.00,0,'2022-09-22 01:27:57','2022-09-22 01:27:57','JJD006039462','DHL','https://mydhl.express.dhl/us/en/tracking.html#/track-by-reference','2022-09-24 08:27:57','2022-09-22 08:27:57');
/*!40000 ALTER TABLE `ec_shipments` ENABLE KEYS */;
UNLOCK TABLES;

--
-- Table structure for table `ec_shipping`
--

DROP TABLE IF EXISTS `ec_shipping`;
/*!40101 SET @saved_cs_client     = @@character_set_client */;
/*!50503 SET character_set_client = utf8mb4 */;
CREATE TABLE `ec_shipping` (
  `id` bigint unsigned NOT NULL AUTO_INCREMENT,
  `title` varchar(191) COLLATE utf8mb4_unicode_ci DEFAULT NULL,
  `country` varchar(120) COLLATE utf8mb4_unicode_ci DEFAULT NULL,
  `created_at` timestamp NULL DEFAULT NULL,
  `updated_at` timestamp NULL DEFAULT NULL,
  PRIMARY KEY (`id`)
) ENGINE=InnoDB AUTO_INCREMENT=2 DEFAULT CHARSET=utf8mb4 COLLATE=utf8mb4_unicode_ci;
/*!40101 SET character_set_client = @saved_cs_client */;

--
-- Dumping data for table `ec_shipping`
--

LOCK TABLES `ec_shipping` WRITE;
/*!40000 ALTER TABLE `ec_shipping` DISABLE KEYS */;
INSERT INTO `ec_shipping` VALUES (1,'All',NULL,'2022-09-22 01:26:14','2022-09-22 01:26:14');
/*!40000 ALTER TABLE `ec_shipping` ENABLE KEYS */;
UNLOCK TABLES;

--
-- Table structure for table `ec_shipping_rule_items`
--

DROP TABLE IF EXISTS `ec_shipping_rule_items`;
/*!40101 SET @saved_cs_client     = @@character_set_client */;
/*!50503 SET character_set_client = utf8mb4 */;
CREATE TABLE `ec_shipping_rule_items` (
  `id` bigint unsigned NOT NULL AUTO_INCREMENT,
  `shipping_rule_id` int unsigned NOT NULL,
  `country` varchar(120) COLLATE utf8mb4_unicode_ci DEFAULT NULL,
  `state` varchar(120) COLLATE utf8mb4_unicode_ci DEFAULT NULL,
  `city` varchar(120) COLLATE utf8mb4_unicode_ci DEFAULT NULL,
  `adjustment_price` decimal(15,2) DEFAULT '0.00',
  `is_enabled` tinyint(1) NOT NULL DEFAULT '1',
  `created_at` timestamp NULL DEFAULT NULL,
  `updated_at` timestamp NULL DEFAULT NULL,
  PRIMARY KEY (`id`)
) ENGINE=InnoDB DEFAULT CHARSET=utf8mb4 COLLATE=utf8mb4_unicode_ci;
/*!40101 SET character_set_client = @saved_cs_client */;

--
-- Dumping data for table `ec_shipping_rule_items`
--

LOCK TABLES `ec_shipping_rule_items` WRITE;
/*!40000 ALTER TABLE `ec_shipping_rule_items` DISABLE KEYS */;
/*!40000 ALTER TABLE `ec_shipping_rule_items` ENABLE KEYS */;
UNLOCK TABLES;

--
-- Table structure for table `ec_shipping_rules`
--

DROP TABLE IF EXISTS `ec_shipping_rules`;
/*!40101 SET @saved_cs_client     = @@character_set_client */;
/*!50503 SET character_set_client = utf8mb4 */;
CREATE TABLE `ec_shipping_rules` (
  `id` bigint unsigned NOT NULL AUTO_INCREMENT,
  `name` varchar(120) COLLATE utf8mb4_unicode_ci NOT NULL,
  `shipping_id` int unsigned NOT NULL,
  `type` enum('base_on_price','base_on_weight') COLLATE utf8mb4_unicode_ci DEFAULT 'base_on_price',
  `from` decimal(15,2) DEFAULT '0.00',
  `to` decimal(15,2) DEFAULT '0.00',
  `price` decimal(15,2) DEFAULT '0.00',
  `created_at` timestamp NULL DEFAULT NULL,
  `updated_at` timestamp NULL DEFAULT NULL,
  PRIMARY KEY (`id`)
) ENGINE=InnoDB AUTO_INCREMENT=4 DEFAULT CHARSET=utf8mb4 COLLATE=utf8mb4_unicode_ci;
/*!40101 SET character_set_client = @saved_cs_client */;

--
-- Dumping data for table `ec_shipping_rules`
--

LOCK TABLES `ec_shipping_rules` WRITE;
/*!40000 ALTER TABLE `ec_shipping_rules` DISABLE KEYS */;
INSERT INTO `ec_shipping_rules` VALUES (1,'Free shipping',1,'base_on_price',0.00,NULL,0.00,'2022-09-22 01:26:14','2022-09-22 01:26:14'),(2,'Local Pickup',1,'base_on_price',0.00,NULL,20.00,'2022-09-22 01:26:14','2022-09-22 01:26:14'),(3,'Flat Rate',1,'base_on_price',0.00,NULL,25.00,'2022-09-22 01:26:14','2022-09-22 01:26:14');
/*!40000 ALTER TABLE `ec_shipping_rules` ENABLE KEYS */;
UNLOCK TABLES;

--
-- Table structure for table `ec_store_locators`
--

DROP TABLE IF EXISTS `ec_store_locators`;
/*!40101 SET @saved_cs_client     = @@character_set_client */;
/*!50503 SET character_set_client = utf8mb4 */;
CREATE TABLE `ec_store_locators` (
  `id` bigint unsigned NOT NULL AUTO_INCREMENT,
  `name` varchar(60) COLLATE utf8mb4_unicode_ci NOT NULL,
  `email` varchar(60) COLLATE utf8mb4_unicode_ci DEFAULT NULL,
  `phone` varchar(20) COLLATE utf8mb4_unicode_ci NOT NULL,
  `address` varchar(255) COLLATE utf8mb4_unicode_ci NOT NULL,
  `country` varchar(120) COLLATE utf8mb4_unicode_ci DEFAULT NULL,
  `state` varchar(120) COLLATE utf8mb4_unicode_ci DEFAULT NULL,
  `city` varchar(120) COLLATE utf8mb4_unicode_ci DEFAULT NULL,
  `is_primary` tinyint(1) DEFAULT '0',
  `is_shipping_location` tinyint(1) DEFAULT '1',
  `created_at` timestamp NULL DEFAULT NULL,
  `updated_at` timestamp NULL DEFAULT NULL,
  PRIMARY KEY (`id`)
) ENGINE=InnoDB AUTO_INCREMENT=2 DEFAULT CHARSET=utf8mb4 COLLATE=utf8mb4_unicode_ci;
/*!40101 SET character_set_client = @saved_cs_client */;

--
-- Dumping data for table `ec_store_locators`
--

LOCK TABLES `ec_store_locators` WRITE;
/*!40000 ALTER TABLE `ec_store_locators` DISABLE KEYS */;
INSERT INTO `ec_store_locators` VALUES (1,'Nest','sales@botble.com','18006268','North Link Building, 10 Admiralty Street','SG','Singapore','Singapore',1,1,'2022-09-22 01:26:14','2022-09-22 01:26:14');
/*!40000 ALTER TABLE `ec_store_locators` ENABLE KEYS */;
UNLOCK TABLES;

--
-- Table structure for table `ec_taxes`
--

DROP TABLE IF EXISTS `ec_taxes`;
/*!40101 SET @saved_cs_client     = @@character_set_client */;
/*!50503 SET character_set_client = utf8mb4 */;
CREATE TABLE `ec_taxes` (
  `id` bigint unsigned NOT NULL AUTO_INCREMENT,
  `title` varchar(191) COLLATE utf8mb4_unicode_ci DEFAULT NULL,
  `percentage` double(8,6) DEFAULT NULL,
  `priority` int DEFAULT NULL,
  `status` varchar(60) COLLATE utf8mb4_unicode_ci NOT NULL DEFAULT 'published',
  `created_at` timestamp NULL DEFAULT NULL,
  `updated_at` timestamp NULL DEFAULT NULL,
  PRIMARY KEY (`id`)
) ENGINE=InnoDB AUTO_INCREMENT=3 DEFAULT CHARSET=utf8mb4 COLLATE=utf8mb4_unicode_ci;
/*!40101 SET character_set_client = @saved_cs_client */;

--
-- Dumping data for table `ec_taxes`
--

LOCK TABLES `ec_taxes` WRITE;
/*!40000 ALTER TABLE `ec_taxes` DISABLE KEYS */;
INSERT INTO `ec_taxes` VALUES (1,'VAT',10.000000,1,'published','2022-09-22 01:26:07','2022-09-22 01:26:07'),(2,'None',0.000000,2,'published','2022-09-22 01:26:07','2022-09-22 01:26:07');
/*!40000 ALTER TABLE `ec_taxes` ENABLE KEYS */;
UNLOCK TABLES;

--
-- Table structure for table `ec_wish_lists`
--

DROP TABLE IF EXISTS `ec_wish_lists`;
/*!40101 SET @saved_cs_client     = @@character_set_client */;
/*!50503 SET character_set_client = utf8mb4 */;
CREATE TABLE `ec_wish_lists` (
  `id` bigint unsigned NOT NULL AUTO_INCREMENT,
  `customer_id` int unsigned NOT NULL,
  `product_id` int unsigned NOT NULL,
  `created_at` timestamp NULL DEFAULT NULL,
  `updated_at` timestamp NULL DEFAULT NULL,
  PRIMARY KEY (`id`),
  KEY `ec_wish_lists_product_id_customer_id_index` (`product_id`,`customer_id`)
) ENGINE=InnoDB DEFAULT CHARSET=utf8mb4 COLLATE=utf8mb4_unicode_ci;
/*!40101 SET character_set_client = @saved_cs_client */;

--
-- Dumping data for table `ec_wish_lists`
--

LOCK TABLES `ec_wish_lists` WRITE;
/*!40000 ALTER TABLE `ec_wish_lists` DISABLE KEYS */;
/*!40000 ALTER TABLE `ec_wish_lists` ENABLE KEYS */;
UNLOCK TABLES;

--
-- Table structure for table `failed_jobs`
--

DROP TABLE IF EXISTS `failed_jobs`;
/*!40101 SET @saved_cs_client     = @@character_set_client */;
/*!50503 SET character_set_client = utf8mb4 */;
CREATE TABLE `failed_jobs` (
  `id` bigint unsigned NOT NULL AUTO_INCREMENT,
  `uuid` varchar(191) COLLATE utf8mb4_unicode_ci NOT NULL,
  `connection` text COLLATE utf8mb4_unicode_ci NOT NULL,
  `queue` text COLLATE utf8mb4_unicode_ci NOT NULL,
  `payload` longtext COLLATE utf8mb4_unicode_ci NOT NULL,
  `exception` longtext COLLATE utf8mb4_unicode_ci NOT NULL,
  `failed_at` timestamp NOT NULL DEFAULT CURRENT_TIMESTAMP,
  PRIMARY KEY (`id`),
  UNIQUE KEY `failed_jobs_uuid_unique` (`uuid`)
) ENGINE=InnoDB DEFAULT CHARSET=utf8mb4 COLLATE=utf8mb4_unicode_ci;
/*!40101 SET character_set_client = @saved_cs_client */;

--
-- Dumping data for table `failed_jobs`
--

LOCK TABLES `failed_jobs` WRITE;
/*!40000 ALTER TABLE `failed_jobs` DISABLE KEYS */;
/*!40000 ALTER TABLE `failed_jobs` ENABLE KEYS */;
UNLOCK TABLES;

--
-- Table structure for table `faq_categories`
--

DROP TABLE IF EXISTS `faq_categories`;
/*!40101 SET @saved_cs_client     = @@character_set_client */;
/*!50503 SET character_set_client = utf8mb4 */;
CREATE TABLE `faq_categories` (
  `id` bigint unsigned NOT NULL AUTO_INCREMENT,
  `name` varchar(120) COLLATE utf8mb4_unicode_ci NOT NULL,
  `order` tinyint NOT NULL DEFAULT '0',
  `status` varchar(60) COLLATE utf8mb4_unicode_ci NOT NULL DEFAULT 'published',
  `created_at` timestamp NULL DEFAULT NULL,
  `updated_at` timestamp NULL DEFAULT NULL,
  PRIMARY KEY (`id`)
) ENGINE=InnoDB AUTO_INCREMENT=4 DEFAULT CHARSET=utf8mb4 COLLATE=utf8mb4_unicode_ci;
/*!40101 SET character_set_client = @saved_cs_client */;

--
-- Dumping data for table `faq_categories`
--

LOCK TABLES `faq_categories` WRITE;
/*!40000 ALTER TABLE `faq_categories` DISABLE KEYS */;
INSERT INTO `faq_categories` VALUES (1,'Shipping',0,'published','2022-09-22 01:27:10','2022-09-22 01:27:10'),(2,'Payment',1,'published','2022-09-22 01:27:10','2022-09-22 01:27:10'),(3,'Order & Returns',2,'published','2022-09-22 01:27:10','2022-09-22 01:27:10');
/*!40000 ALTER TABLE `faq_categories` ENABLE KEYS */;
UNLOCK TABLES;

--
-- Table structure for table `faq_categories_translations`
--

DROP TABLE IF EXISTS `faq_categories_translations`;
/*!40101 SET @saved_cs_client     = @@character_set_client */;
/*!50503 SET character_set_client = utf8mb4 */;
CREATE TABLE `faq_categories_translations` (
  `lang_code` varchar(191) COLLATE utf8mb4_unicode_ci NOT NULL,
  `faq_categories_id` int NOT NULL,
  `name` varchar(120) COLLATE utf8mb4_unicode_ci DEFAULT NULL,
  PRIMARY KEY (`lang_code`,`faq_categories_id`)
) ENGINE=InnoDB DEFAULT CHARSET=utf8mb4 COLLATE=utf8mb4_unicode_ci;
/*!40101 SET character_set_client = @saved_cs_client */;

--
-- Dumping data for table `faq_categories_translations`
--

LOCK TABLES `faq_categories_translations` WRITE;
/*!40000 ALTER TABLE `faq_categories_translations` DISABLE KEYS */;
INSERT INTO `faq_categories_translations` VALUES ('vi',1,'VẬN CHUYỂN'),('vi',2,'THANH TOÁN'),('vi',3,'ĐƠN HÀNG & HOÀN TRẢ');
/*!40000 ALTER TABLE `faq_categories_translations` ENABLE KEYS */;
UNLOCK TABLES;

--
-- Table structure for table `faqs`
--

DROP TABLE IF EXISTS `faqs`;
/*!40101 SET @saved_cs_client     = @@character_set_client */;
/*!50503 SET character_set_client = utf8mb4 */;
CREATE TABLE `faqs` (
  `id` bigint unsigned NOT NULL AUTO_INCREMENT,
  `question` text COLLATE utf8mb4_unicode_ci NOT NULL,
  `answer` text COLLATE utf8mb4_unicode_ci NOT NULL,
  `category_id` int unsigned NOT NULL,
  `status` varchar(60) COLLATE utf8mb4_unicode_ci NOT NULL DEFAULT 'published',
  `created_at` timestamp NULL DEFAULT NULL,
  `updated_at` timestamp NULL DEFAULT NULL,
  PRIMARY KEY (`id`)
) ENGINE=InnoDB AUTO_INCREMENT=11 DEFAULT CHARSET=utf8mb4 COLLATE=utf8mb4_unicode_ci;
/*!40101 SET character_set_client = @saved_cs_client */;

--
-- Dumping data for table `faqs`
--

LOCK TABLES `faqs` WRITE;
/*!40000 ALTER TABLE `faqs` DISABLE KEYS */;
INSERT INTO `faqs` VALUES (1,'What Shipping Methods Are Available?','Ex Portland Pitchfork irure mustache. Eutra fap before they sold out literally. Aliquip ugh bicycle rights actually mlkshk, seitan squid craft beer tempor.',1,'published','2022-09-22 01:27:10','2022-09-22 01:27:10'),(2,'Do You Ship Internationally?','Hoodie tote bag mixtape tofu. Typewriter jean shorts wolf quinoa, messenger bag organic freegan cray.',1,'published','2022-09-22 01:27:10','2022-09-22 01:27:10'),(3,'How Long Will It Take To Get My Package?','Swag slow-carb quinoa VHS typewriter pork belly brunch, paleo single-origin coffee Wes Anderson. Flexitarian Pitchfork forage, literally paleo fap pour-over. Wes Anderson Pinterest YOLO fanny pack meggings, deep v XOXO chambray sustainable slow-carb raw denim church-key fap chillwave Etsy. +1 typewriter kitsch, American Apparel tofu Banksy Vice.',1,'published','2022-09-22 01:27:10','2022-09-22 01:27:10'),(4,'What Payment Methods Are Accepted?','Fashion axe DIY jean shorts, swag kale chips meh polaroid kogi butcher Wes Anderson chambray next level semiotics gentrify yr. Voluptate photo booth fugiat Vice. Austin sed Williamsburg, ea labore raw denim voluptate cred proident mixtape excepteur mustache. Twee chia photo booth readymade food truck, hoodie roof party swag keytar PBR DIY.',2,'published','2022-09-22 01:27:10','2022-09-22 01:27:10'),(5,'Is Buying On-Line Safe?','Art party authentic freegan semiotics jean shorts chia cred. Neutra Austin roof party Brooklyn, synth Thundercats swag 8-bit photo booth. Plaid letterpress leggings craft beer meh ethical Pinterest.',2,'published','2022-09-22 01:27:10','2022-09-22 01:27:10'),(6,'How do I place an Order?','Keytar cray slow-carb, Godard banh mi salvia pour-over. Slow-carb Odd Future seitan normcore. Master cleanse American Apparel gentrify flexitarian beard slow-carb next level. Raw denim polaroid paleo farm-to-table, put a bird on it lo-fi tattooed Wes Anderson Pinterest letterpress. Fingerstache McSweeney’s pour-over, letterpress Schlitz photo booth master cleanse bespoke hashtag chillwave gentrify.',3,'published','2022-09-22 01:27:10','2022-09-22 01:27:10'),(7,'How Can I Cancel Or Change My Order?','Plaid letterpress leggings craft beer meh ethical Pinterest. Art party authentic freegan semiotics jean shorts chia cred. Neutra Austin roof party Brooklyn, synth Thundercats swag 8-bit photo booth.',3,'published','2022-09-22 01:27:10','2022-09-22 01:27:10'),(8,'Do I need an account to place an order?','Thundercats swag 8-bit photo booth. Plaid letterpress leggings craft beer meh ethical Pinterest. Twee chia photo booth readymade food truck, hoodie roof party swag keytar PBR DIY. Cray ugh 3 wolf moon fap, fashion axe irony butcher cornhole typewriter chambray VHS banjo street art.',3,'published','2022-09-22 01:27:10','2022-09-22 01:27:10'),(9,'How Do I Track My Order?','Keytar cray slow-carb, Godard banh mi salvia pour-over. Slow-carb @Odd Future seitan normcore. Master cleanse American Apparel gentrify flexitarian beard slow-carb next level.',3,'published','2022-09-22 01:27:10','2022-09-22 01:27:10'),(10,'How Can I Return a Product?','Kale chips Truffaut Williamsburg, hashtag fixie Pinterest raw denim c hambray drinking vinegar Carles street art Bushwick gastropub. Wolf Tumblr paleo church-key. Plaid food truck Echo Park YOLO bitters hella, direct trade Thundercats leggings quinoa before they sold out. You probably haven’t heard of them wayfarers authentic umami drinking vinegar Pinterest Cosby sweater, fingerstache fap High Life.',3,'published','2022-09-22 01:27:10','2022-09-22 01:27:10');
/*!40000 ALTER TABLE `faqs` ENABLE KEYS */;
UNLOCK TABLES;

--
-- Table structure for table `faqs_translations`
--

DROP TABLE IF EXISTS `faqs_translations`;
/*!40101 SET @saved_cs_client     = @@character_set_client */;
/*!50503 SET character_set_client = utf8mb4 */;
CREATE TABLE `faqs_translations` (
  `lang_code` varchar(191) COLLATE utf8mb4_unicode_ci NOT NULL,
  `faqs_id` int NOT NULL,
  `question` text COLLATE utf8mb4_unicode_ci,
  `answer` text COLLATE utf8mb4_unicode_ci,
  PRIMARY KEY (`lang_code`,`faqs_id`)
) ENGINE=InnoDB DEFAULT CHARSET=utf8mb4 COLLATE=utf8mb4_unicode_ci;
/*!40101 SET character_set_client = @saved_cs_client */;

--
-- Dumping data for table `faqs_translations`
--

LOCK TABLES `faqs_translations` WRITE;
/*!40000 ALTER TABLE `faqs_translations` DISABLE KEYS */;
INSERT INTO `faqs_translations` VALUES ('vi',1,'Có những phương thức vận chuyển nào?','Ex Portland Pitchfork irure ria mép. Eutra fap trước khi họ bán hết theo đúng nghĩa đen. Aliquip ugh quyền xe đạp thực sự mlkshk, rượu bia thủ công mực seitan. '),('vi',2,'Bạn có giao hàng quốc tế không?','Áo hoodie túi tote Tofu mixtape. Quần đùi jean đánh chữ Wolf quinoa, túi messenger hữu cơ freegan cray. '),('vi',3,'Mất bao lâu để nhận được gói hàng của tôi?','Bữa nửa buổi ăn sáng bằng bụng heo quay từ máy đánh chữ VHS, cà phê có nguồn gốc đơn Paleo, Wes Anderson. Khoan Pitchfork linh hoạt, theo nghĩa đen là đổ qua fap theo nghĩa đen. Wes Anderson Pinterest YOLO fanny pack meggings, deep v XOXO chambray bền vững slow-carb raw denim Church-key fap chillwave Etsy. +1 bộ dụng cụ đánh máy, đậu phụ Banksy Vice của American Apparel. '),('vi',4,'Phương thức thanh toán nào được chấp nhận?','Fashion Axe DIY jean shorts, swag kale chips meh polaroid kogi butcher Wes Anderson chambray next level semiotics gentrify yr. Quầy ảnh Voluptate fugiat Vice. Austin sed Williamsburg, ea labore raw denim voluptate cred proident mixtape excepteur ria mép. Twee chia gian hàng chụp ảnh xe bán đồ ăn sẵn, bữa tiệc trên mái áo hoodie swag keytar PBR DIY. '),('vi',5,'Mua trực tuyến có an toàn không?','Bữa tiệc nghệ thuật đích thực freegan semiotics jean shorts chia credit. Tiệc trên mái nhà Neutra Austin Brooklyn, Thundercats swag synth gian hàng ảnh 8-bit. Xà cạp letterpress kẻ sọc thủ công bia meh đạo đức Pinterest. '),('vi',6,'Làm cách nào để đặt hàng?','Keytar cray slow-carb, Godard banh mi salvia pour-over. Slow-carb Odd Định mức seitan trong tương lai. Master làm sạch American Apparel nhẹ nhàng làm sạch râu linh hoạt chậm carb cấp độ tiếp theo. Vải thô denim polaroid nhạt từ trang trại đến bàn, đặt một con chim trên đó hình xăm lo-fi Wes Anderson Pinterest letterpress. Bậc thầy gian hàng ảnh Schlitz của Fingerstache McSweeney đang làm sạch thẻ bắt đầu bằng hashtag theo yêu cầu riêng, chillwave gentrify. '),('vi',7,'Làm cách nào để tôi có thể hủy hoặc thay đổi đơn hàng của mình?','Xà cạp letterpress kẻ sọc thủ công bia meh đạo đức Pinterest. Bữa tiệc nghệ thuật đích thực freegan semiotics jean shorts chia tín. Tiệc trên mái nhà Neutra Austin ở Brooklyn, synth Thundercats có gian hàng ảnh 8-bit. '),('vi',8,'Tôi có cần tài khoản để đặt hàng không?','Thundercats làm lung lay gian hàng ảnh 8-bit. Xà cạp letterpress kẻ sọc thủ công bia meh đạo đức Pinterest. Twee chia ảnh gian hàng xe bán thức ăn làm sẵn, bữa tiệc trên mái áo hoodie swag keytar PBR DIY. Cray ugh 3 wolf moon fap, rìu thời trang mỉa mai người bán thịt máy đánh chữ chambray VHS banjo nghệ thuật đường phố. '),('vi',9,'Làm cách nào để theo dõi đơn hàng của tôi?','Keytar cray slow-carb, Godard banh mi salvia pour-over. Slow-carb @Odd Định mức seitan trong tương lai. Bậc thầy làm sạch American Apparel nhẹ nhàng làm sạch râu linh hoạt theo kiểu chậm carb cấp độ tiếp theo. '),('vi',10,'Làm cách nào để trả lại sản phẩm?','Kale chips Truffaut Williamsburg, fixie hashtag Pinterest raw denim c hambray uống giấm Carles street art Bushwick gastropub. Chìa khóa nhà thờ Wolf Tumblr. Xe tải thực phẩm kẻ sọc Echo Park YOLO cắn hella, giao dịch trực tiếp Thundercats legging quinoa trước khi bán hết. Có thể bạn chưa từng nghe nói về họ những người truyền bá vị umami đích thực uống giấm Pinterest Áo len Cosby, fingerstache fap High Life. ');
/*!40000 ALTER TABLE `faqs_translations` ENABLE KEYS */;
UNLOCK TABLES;

--
-- Table structure for table `jobs`
--

DROP TABLE IF EXISTS `jobs`;
/*!40101 SET @saved_cs_client     = @@character_set_client */;
/*!50503 SET character_set_client = utf8mb4 */;
CREATE TABLE `jobs` (
  `id` bigint unsigned NOT NULL AUTO_INCREMENT,
  `queue` varchar(191) COLLATE utf8mb4_unicode_ci NOT NULL,
  `payload` longtext COLLATE utf8mb4_unicode_ci NOT NULL,
  `attempts` tinyint unsigned NOT NULL,
  `reserved_at` int unsigned DEFAULT NULL,
  `available_at` int unsigned NOT NULL,
  `created_at` int unsigned NOT NULL,
  PRIMARY KEY (`id`),
  KEY `jobs_queue_index` (`queue`)
) ENGINE=InnoDB DEFAULT CHARSET=utf8mb4 COLLATE=utf8mb4_unicode_ci;
/*!40101 SET character_set_client = @saved_cs_client */;

--
-- Dumping data for table `jobs`
--

LOCK TABLES `jobs` WRITE;
/*!40000 ALTER TABLE `jobs` DISABLE KEYS */;
/*!40000 ALTER TABLE `jobs` ENABLE KEYS */;
UNLOCK TABLES;

--
-- Table structure for table `language_meta`
--

DROP TABLE IF EXISTS `language_meta`;
/*!40101 SET @saved_cs_client     = @@character_set_client */;
/*!50503 SET character_set_client = utf8mb4 */;
CREATE TABLE `language_meta` (
  `lang_meta_id` int unsigned NOT NULL AUTO_INCREMENT,
  `lang_meta_code` text COLLATE utf8mb4_unicode_ci,
  `lang_meta_origin` varchar(255) COLLATE utf8mb4_unicode_ci NOT NULL,
  `reference_id` int unsigned NOT NULL,
  `reference_type` varchar(120) COLLATE utf8mb4_unicode_ci NOT NULL,
  PRIMARY KEY (`lang_meta_id`),
  KEY `language_meta_reference_id_index` (`reference_id`)
) ENGINE=InnoDB AUTO_INCREMENT=29 DEFAULT CHARSET=utf8mb4 COLLATE=utf8mb4_unicode_ci;
/*!40101 SET character_set_client = @saved_cs_client */;

--
-- Dumping data for table `language_meta`
--

LOCK TABLES `language_meta` WRITE;
/*!40000 ALTER TABLE `language_meta` DISABLE KEYS */;
INSERT INTO `language_meta` VALUES (1,'en_US','1c96014723d982691df968fac21cfe51',1,'Botble\\SimpleSlider\\Models\\SimpleSlider'),(2,'en_US','183ff3831f18b5fca816efe4f1ae9fd5',2,'Botble\\SimpleSlider\\Models\\SimpleSlider'),(3,'en_US','dce1199c208a431c866357d262894e2d',3,'Botble\\SimpleSlider\\Models\\SimpleSlider'),(4,'en_US','b097c6c287c2f056b1ecaed670e8883c',4,'Botble\\SimpleSlider\\Models\\SimpleSlider'),(5,'en_US','aafad9e96b05e6c32bccc5321330c0e2',5,'Botble\\SimpleSlider\\Models\\SimpleSlider'),(6,'en_US','5592737e45da678107013b5a4c38314f',6,'Botble\\SimpleSlider\\Models\\SimpleSlider'),(7,'en_US','a9d1650a181e6b0e9270ca732969d548',7,'Botble\\SimpleSlider\\Models\\SimpleSlider'),(8,'vi','1c96014723d982691df968fac21cfe51',8,'Botble\\SimpleSlider\\Models\\SimpleSlider'),(9,'vi','183ff3831f18b5fca816efe4f1ae9fd5',9,'Botble\\SimpleSlider\\Models\\SimpleSlider'),(10,'vi','dce1199c208a431c866357d262894e2d',10,'Botble\\SimpleSlider\\Models\\SimpleSlider'),(11,'vi','b097c6c287c2f056b1ecaed670e8883c',11,'Botble\\SimpleSlider\\Models\\SimpleSlider'),(12,'vi','aafad9e96b05e6c32bccc5321330c0e2',12,'Botble\\SimpleSlider\\Models\\SimpleSlider'),(13,'vi','5592737e45da678107013b5a4c38314f',13,'Botble\\SimpleSlider\\Models\\SimpleSlider'),(14,'vi','a9d1650a181e6b0e9270ca732969d548',14,'Botble\\SimpleSlider\\Models\\SimpleSlider'),(15,'en_US','abf141f4130cc8af0260125870600350',1,'Botble\\Menu\\Models\\MenuLocation'),(16,'en_US','e7b85f995d886ffb9bf426a8094b5239',1,'Botble\\Menu\\Models\\Menu'),(17,'en_US','9d41c4f2a57d8d1edd857f05f5c15046',2,'Botble\\Menu\\Models\\MenuLocation'),(18,'en_US','107726d947a8bee344a77889f6d638da',2,'Botble\\Menu\\Models\\Menu'),(19,'en_US','8ce044a22e5d8558200cab8d862b42e5',3,'Botble\\Menu\\Models\\Menu'),(20,'en_US','ac3b6307f566f60c1bbc7ffb301a3023',4,'Botble\\Menu\\Models\\Menu'),(21,'en_US','2b573324b885b464eed93c92c1064eb8',5,'Botble\\Menu\\Models\\Menu'),(22,'vi','6181a82b92b1c480a87f2c8158e7e649',3,'Botble\\Menu\\Models\\MenuLocation'),(23,'vi','e7b85f995d886ffb9bf426a8094b5239',6,'Botble\\Menu\\Models\\Menu'),(24,'vi','ea6dfdcd0c03b80d6995d64c9232a5ec',4,'Botble\\Menu\\Models\\MenuLocation'),(25,'vi','107726d947a8bee344a77889f6d638da',7,'Botble\\Menu\\Models\\Menu'),(26,'vi','8ce044a22e5d8558200cab8d862b42e5',8,'Botble\\Menu\\Models\\Menu'),(27,'vi','ac3b6307f566f60c1bbc7ffb301a3023',9,'Botble\\Menu\\Models\\Menu'),(28,'vi','2b573324b885b464eed93c92c1064eb8',10,'Botble\\Menu\\Models\\Menu');
/*!40000 ALTER TABLE `language_meta` ENABLE KEYS */;
UNLOCK TABLES;

--
-- Table structure for table `languages`
--

DROP TABLE IF EXISTS `languages`;
/*!40101 SET @saved_cs_client     = @@character_set_client */;
/*!50503 SET character_set_client = utf8mb4 */;
CREATE TABLE `languages` (
  `lang_id` int unsigned NOT NULL AUTO_INCREMENT,
  `lang_name` varchar(120) COLLATE utf8mb4_unicode_ci NOT NULL,
  `lang_locale` varchar(20) COLLATE utf8mb4_unicode_ci NOT NULL,
  `lang_code` varchar(20) COLLATE utf8mb4_unicode_ci NOT NULL,
  `lang_flag` varchar(20) COLLATE utf8mb4_unicode_ci DEFAULT NULL,
  `lang_is_default` tinyint unsigned NOT NULL DEFAULT '0',
  `lang_order` int NOT NULL DEFAULT '0',
  `lang_is_rtl` tinyint unsigned NOT NULL DEFAULT '0',
  PRIMARY KEY (`lang_id`)
) ENGINE=InnoDB AUTO_INCREMENT=3 DEFAULT CHARSET=utf8mb4 COLLATE=utf8mb4_unicode_ci;
/*!40101 SET character_set_client = @saved_cs_client */;

--
-- Dumping data for table `languages`
--

LOCK TABLES `languages` WRITE;
/*!40000 ALTER TABLE `languages` DISABLE KEYS */;
INSERT INTO `languages` VALUES (1,'English','en','en_US','us',1,0,0),(2,'Tiếng Việt','vi','vi','vn',0,0,0);
/*!40000 ALTER TABLE `languages` ENABLE KEYS */;
UNLOCK TABLES;

--
-- Table structure for table `media_files`
--

DROP TABLE IF EXISTS `media_files`;
/*!40101 SET @saved_cs_client     = @@character_set_client */;
/*!50503 SET character_set_client = utf8mb4 */;
CREATE TABLE `media_files` (
  `id` bigint unsigned NOT NULL AUTO_INCREMENT,
  `user_id` int unsigned NOT NULL,
  `name` varchar(255) COLLATE utf8mb4_unicode_ci NOT NULL,
  `folder_id` int unsigned NOT NULL DEFAULT '0',
  `mime_type` varchar(120) COLLATE utf8mb4_unicode_ci NOT NULL,
  `size` int NOT NULL,
  `url` varchar(255) COLLATE utf8mb4_unicode_ci NOT NULL,
  `options` text COLLATE utf8mb4_unicode_ci,
  `created_at` timestamp NULL DEFAULT NULL,
  `updated_at` timestamp NULL DEFAULT NULL,
  `deleted_at` timestamp NULL DEFAULT NULL,
  PRIMARY KEY (`id`),
  KEY `media_files_user_id_index` (`user_id`),
  KEY `media_files_index` (`folder_id`,`user_id`,`created_at`)
) ENGINE=InnoDB AUTO_INCREMENT=179 DEFAULT CHARSET=utf8mb4 COLLATE=utf8mb4_unicode_ci;
/*!40101 SET character_set_client = @saved_cs_client */;

--
-- Dumping data for table `media_files`
--

LOCK TABLES `media_files` WRITE;
/*!40000 ALTER TABLE `media_files` DISABLE KEYS */;
INSERT INTO `media_files` VALUES (1,0,'icon-1',1,'image/png',4323,'product-categories/icon-1.png','[]','2022-09-22 01:25:29','2022-09-22 01:25:29',NULL),(2,0,'icon-10',1,'image/png',4357,'product-categories/icon-10.png','[]','2022-09-22 01:25:30','2022-09-22 01:25:30',NULL),(3,0,'icon-11',1,'image/png',2024,'product-categories/icon-11.png','[]','2022-09-22 01:25:30','2022-09-22 01:25:30',NULL),(4,0,'icon-12',1,'image/png',3531,'product-categories/icon-12.png','[]','2022-09-22 01:25:30','2022-09-22 01:25:30',NULL),(5,0,'icon-13',1,'image/png',2344,'product-categories/icon-13.png','[]','2022-09-22 01:25:30','2022-09-22 01:25:30',NULL),(6,0,'icon-14',1,'image/png',2314,'product-categories/icon-14.png','[]','2022-09-22 01:25:30','2022-09-22 01:25:30',NULL),(7,0,'icon-2',1,'image/png',3204,'product-categories/icon-2.png','[]','2022-09-22 01:25:30','2022-09-22 01:25:30',NULL),(8,0,'icon-3',1,'image/png',4184,'product-categories/icon-3.png','[]','2022-09-22 01:25:31','2022-09-22 01:25:31',NULL),(9,0,'icon-4',1,'image/png',4648,'product-categories/icon-4.png','[]','2022-09-22 01:25:31','2022-09-22 01:25:31',NULL),(10,0,'icon-5',1,'image/png',4594,'product-categories/icon-5.png','[]','2022-09-22 01:25:31','2022-09-22 01:25:31',NULL),(11,0,'icon-6',1,'image/png',3518,'product-categories/icon-6.png','[]','2022-09-22 01:25:31','2022-09-22 01:25:31',NULL),(12,0,'icon-7',1,'image/png',3829,'product-categories/icon-7.png','[]','2022-09-22 01:25:32','2022-09-22 01:25:32',NULL),(13,0,'icon-8',1,'image/png',4815,'product-categories/icon-8.png','[]','2022-09-22 01:25:32','2022-09-22 01:25:32',NULL),(14,0,'icon-9',1,'image/png',3126,'product-categories/icon-9.png','[]','2022-09-22 01:25:32','2022-09-22 01:25:32',NULL),(15,0,'image-1',1,'image/png',25796,'product-categories/image-1.png','[]','2022-09-22 01:25:32','2022-09-22 01:25:32',NULL),(16,0,'image-10',1,'image/png',13714,'product-categories/image-10.png','[]','2022-09-22 01:25:32','2022-09-22 01:25:32',NULL),(17,0,'image-11',1,'image/png',18723,'product-categories/image-11.png','[]','2022-09-22 01:25:33','2022-09-22 01:25:33',NULL),(18,0,'image-12',1,'image/png',19482,'product-categories/image-12.png','[]','2022-09-22 01:25:33','2022-09-22 01:25:33',NULL),(19,0,'image-13',1,'image/png',19312,'product-categories/image-13.png','[]','2022-09-22 01:25:33','2022-09-22 01:25:33',NULL),(20,0,'image-14',1,'image/png',19593,'product-categories/image-14.png','[]','2022-09-22 01:25:33','2022-09-22 01:25:33',NULL),(21,0,'image-15',1,'image/png',17706,'product-categories/image-15.png','[]','2022-09-22 01:25:33','2022-09-22 01:25:33',NULL),(22,0,'image-2',1,'image/png',19956,'product-categories/image-2.png','[]','2022-09-22 01:25:34','2022-09-22 01:25:34',NULL),(23,0,'image-3',1,'image/png',20032,'product-categories/image-3.png','[]','2022-09-22 01:25:34','2022-09-22 01:25:34',NULL),(24,0,'image-4',1,'image/png',18475,'product-categories/image-4.png','[]','2022-09-22 01:25:34','2022-09-22 01:25:34',NULL),(25,0,'image-5',1,'image/png',16666,'product-categories/image-5.png','[]','2022-09-22 01:25:34','2022-09-22 01:25:34',NULL),(26,0,'image-6',1,'image/png',15381,'product-categories/image-6.png','[]','2022-09-22 01:25:35','2022-09-22 01:25:35',NULL),(27,0,'image-7',1,'image/png',13804,'product-categories/image-7.png','[]','2022-09-22 01:25:35','2022-09-22 01:25:35',NULL),(28,0,'image-8',1,'image/png',17392,'product-categories/image-8.png','[]','2022-09-22 01:25:35','2022-09-22 01:25:35',NULL),(29,0,'image-9',1,'image/png',17729,'product-categories/image-9.png','[]','2022-09-22 01:25:35','2022-09-22 01:25:35',NULL),(30,0,'1-1',2,'image/jpeg',77048,'products/1-1.jpg','[]','2022-09-22 01:25:37','2022-09-22 01:25:37',NULL),(31,0,'1',2,'image/jpeg',80718,'products/1.jpg','[]','2022-09-22 01:25:37','2022-09-22 01:25:37',NULL),(32,0,'10-1',2,'image/jpeg',105100,'products/10-1.jpg','[]','2022-09-22 01:25:37','2022-09-22 01:25:37',NULL),(33,0,'10',2,'image/jpeg',117642,'products/10.jpg','[]','2022-09-22 01:25:38','2022-09-22 01:25:38',NULL),(34,0,'11-1',2,'image/jpeg',45724,'products/11-1.jpg','[]','2022-09-22 01:25:38','2022-09-22 01:25:38',NULL),(35,0,'11',2,'image/jpeg',46272,'products/11.jpg','[]','2022-09-22 01:25:39','2022-09-22 01:25:39',NULL),(36,0,'12-1',2,'image/jpeg',72251,'products/12-1.jpg','[]','2022-09-22 01:25:39','2022-09-22 01:25:39',NULL),(37,0,'12',2,'image/jpeg',71309,'products/12.jpg','[]','2022-09-22 01:25:39','2022-09-22 01:25:39',NULL),(38,0,'13-1',2,'image/jpeg',32608,'products/13-1.jpg','[]','2022-09-22 01:25:40','2022-09-22 01:25:40',NULL),(39,0,'13',2,'image/jpeg',33526,'products/13.jpg','[]','2022-09-22 01:25:40','2022-09-22 01:25:40',NULL),(40,0,'14-1',2,'image/jpeg',64893,'products/14-1.jpg','[]','2022-09-22 01:25:41','2022-09-22 01:25:41',NULL),(41,0,'14',2,'image/jpeg',53642,'products/14.jpg','[]','2022-09-22 01:25:41','2022-09-22 01:25:41',NULL),(42,0,'15-1',2,'image/jpeg',93293,'products/15-1.jpg','[]','2022-09-22 01:25:41','2022-09-22 01:25:41',NULL),(43,0,'15',2,'image/jpeg',70399,'products/15.jpg','[]','2022-09-22 01:25:42','2022-09-22 01:25:42',NULL),(44,0,'16-1',2,'image/jpeg',59168,'products/16-1.jpg','[]','2022-09-22 01:25:42','2022-09-22 01:25:42',NULL),(45,0,'16-2',2,'image/jpeg',74882,'products/16-2.jpg','[]','2022-09-22 01:25:43','2022-09-22 01:25:43',NULL),(46,0,'16-3',2,'image/jpeg',71574,'products/16-3.jpg','[]','2022-09-22 01:25:43','2022-09-22 01:25:43',NULL),(47,0,'16-4',2,'image/jpeg',87131,'products/16-4.jpg','[]','2022-09-22 01:25:44','2022-09-22 01:25:44',NULL),(48,0,'16-5',2,'image/jpeg',59849,'products/16-5.jpg','[]','2022-09-22 01:25:44','2022-09-22 01:25:44',NULL),(49,0,'16-6',2,'image/jpeg',91691,'products/16-6.jpg','[]','2022-09-22 01:25:44','2022-09-22 01:25:44',NULL),(50,0,'16',2,'image/jpeg',100953,'products/16.jpg','[]','2022-09-22 01:25:45','2022-09-22 01:25:45',NULL),(51,0,'17-1',2,'image/jpeg',17816,'products/17-1.jpg','[]','2022-09-22 01:25:46','2022-09-22 01:25:46',NULL),(52,0,'17',2,'image/jpeg',17551,'products/17.jpg','[]','2022-09-22 01:25:46','2022-09-22 01:25:46',NULL),(53,0,'18-1',2,'image/jpeg',13352,'products/18-1.jpg','[]','2022-09-22 01:25:46','2022-09-22 01:25:46',NULL),(54,0,'18',2,'image/jpeg',20319,'products/18.jpg','[]','2022-09-22 01:25:47','2022-09-22 01:25:47',NULL),(55,0,'19-1',2,'image/jpeg',22960,'products/19-1.jpg','[]','2022-09-22 01:25:47','2022-09-22 01:25:47',NULL),(56,0,'19',2,'image/jpeg',15156,'products/19.jpg','[]','2022-09-22 01:25:47','2022-09-22 01:25:47',NULL),(57,0,'2-1',2,'image/jpeg',56143,'products/2-1.jpg','[]','2022-09-22 01:25:47','2022-09-22 01:25:47',NULL),(58,0,'2',2,'image/jpeg',64331,'products/2.jpg','[]','2022-09-22 01:25:48','2022-09-22 01:25:48',NULL),(59,0,'20-1',2,'image/jpeg',27985,'products/20-1.jpg','[]','2022-09-22 01:25:48','2022-09-22 01:25:48',NULL),(60,0,'20',2,'image/jpeg',18065,'products/20.jpg','[]','2022-09-22 01:25:48','2022-09-22 01:25:48',NULL),(61,0,'21-1',2,'image/jpeg',28003,'products/21-1.jpg','[]','2022-09-22 01:25:49','2022-09-22 01:25:49',NULL),(62,0,'21',2,'image/jpeg',18198,'products/21.jpg','[]','2022-09-22 01:25:49','2022-09-22 01:25:49',NULL),(63,0,'22-1',2,'image/jpeg',28621,'products/22-1.jpg','[]','2022-09-22 01:25:49','2022-09-22 01:25:49',NULL),(64,0,'22',2,'image/jpeg',19002,'products/22.jpg','[]','2022-09-22 01:25:49','2022-09-22 01:25:49',NULL),(65,0,'23-1',2,'image/jpeg',35525,'products/23-1.jpg','[]','2022-09-22 01:25:50','2022-09-22 01:25:50',NULL),(66,0,'23',2,'image/jpeg',19227,'products/23.jpg','[]','2022-09-22 01:25:50','2022-09-22 01:25:50',NULL),(67,0,'24-1',2,'image/jpeg',20531,'products/24-1.jpg','[]','2022-09-22 01:25:50','2022-09-22 01:25:50',NULL),(68,0,'24',2,'image/jpeg',10609,'products/24.jpg','[]','2022-09-22 01:25:51','2022-09-22 01:25:51',NULL),(69,0,'3-1',2,'image/jpeg',79350,'products/3-1.jpg','[]','2022-09-22 01:25:51','2022-09-22 01:25:51',NULL),(70,0,'3',2,'image/jpeg',89626,'products/3.jpg','[]','2022-09-22 01:25:51','2022-09-22 01:25:51',NULL),(71,0,'4-1',2,'image/jpeg',58354,'products/4-1.jpg','[]','2022-09-22 01:25:52','2022-09-22 01:25:52',NULL),(72,0,'4',2,'image/jpeg',76935,'products/4.jpg','[]','2022-09-22 01:25:52','2022-09-22 01:25:52',NULL),(73,0,'5-1',2,'image/jpeg',91691,'products/5-1.jpg','[]','2022-09-22 01:25:53','2022-09-22 01:25:53',NULL),(74,0,'5',2,'image/jpeg',100953,'products/5.jpg','[]','2022-09-22 01:25:53','2022-09-22 01:25:53',NULL),(75,0,'6-1',2,'image/jpeg',74851,'products/6-1.jpg','[]','2022-09-22 01:25:54','2022-09-22 01:25:54',NULL),(76,0,'6',2,'image/jpeg',89464,'products/6.jpg','[]','2022-09-22 01:25:54','2022-09-22 01:25:54',NULL),(77,0,'7-1',2,'image/jpeg',66135,'products/7-1.jpg','[]','2022-09-22 01:25:55','2022-09-22 01:25:55',NULL),(78,0,'7',2,'image/jpeg',71573,'products/7.jpg','[]','2022-09-22 01:25:55','2022-09-22 01:25:55',NULL),(79,0,'8-1',2,'image/jpeg',41283,'products/8-1.jpg','[]','2022-09-22 01:25:55','2022-09-22 01:25:55',NULL),(80,0,'8',2,'image/jpeg',33964,'products/8.jpg','[]','2022-09-22 01:25:56','2022-09-22 01:25:56',NULL),(81,0,'9-1',2,'image/jpeg',78790,'products/9-1.jpg','[]','2022-09-22 01:25:56','2022-09-22 01:25:56',NULL),(82,0,'9',2,'image/jpeg',84813,'products/9.jpg','[]','2022-09-22 01:25:57','2022-09-22 01:25:57',NULL),(83,0,'1',3,'image/jpeg',274660,'customers/1.jpg','[]','2022-09-22 01:26:08','2022-09-22 01:26:08',NULL),(84,0,'2',3,'image/jpeg',295031,'customers/2.jpg','[]','2022-09-22 01:26:08','2022-09-22 01:26:08',NULL),(85,0,'3',3,'image/jpeg',183576,'customers/3.jpg','[]','2022-09-22 01:26:08','2022-09-22 01:26:08',NULL),(86,0,'4',3,'image/jpeg',245360,'customers/4.jpg','[]','2022-09-22 01:26:09','2022-09-22 01:26:09',NULL),(87,0,'5',3,'image/jpeg',262908,'customers/5.jpg','[]','2022-09-22 01:26:09','2022-09-22 01:26:09',NULL),(88,0,'6',3,'image/jpeg',109600,'customers/6.jpg','[]','2022-09-22 01:26:09','2022-09-22 01:26:09',NULL),(89,0,'7',3,'image/jpeg',159280,'customers/7.jpg','[]','2022-09-22 01:26:10','2022-09-22 01:26:10',NULL),(90,0,'8',3,'image/jpeg',99998,'customers/8.jpg','[]','2022-09-22 01:26:10','2022-09-22 01:26:10',NULL),(91,0,'1',4,'image/png',431894,'flash-sales/1.png','[]','2022-09-22 01:26:14','2022-09-22 01:26:14',NULL),(92,0,'2',4,'image/png',118543,'flash-sales/2.png','[]','2022-09-22 01:26:14','2022-09-22 01:26:14',NULL),(93,0,'3',4,'image/png',163085,'flash-sales/3.png','[]','2022-09-22 01:26:15','2022-09-22 01:26:15',NULL),(94,0,'4',4,'image/png',195017,'flash-sales/4.png','[]','2022-09-22 01:26:16','2022-09-22 01:26:16',NULL),(95,0,'5',4,'image/png',153833,'flash-sales/5.png','[]','2022-09-22 01:26:17','2022-09-22 01:26:17',NULL),(96,0,'1-1',5,'image/png',519229,'sliders/1-1.png','[]','2022-09-22 01:26:18','2022-09-22 01:26:18',NULL),(97,0,'1-2',5,'image/png',468469,'sliders/1-2.png','[]','2022-09-22 01:26:19','2022-09-22 01:26:19',NULL),(98,0,'1-3',5,'image/png',2697,'sliders/1-3.png','[]','2022-09-22 01:26:21','2022-09-22 01:26:21',NULL),(99,0,'2-1',5,'image/png',159240,'sliders/2-1.png','[]','2022-09-22 01:26:22','2022-09-22 01:26:22',NULL),(100,0,'2-2',5,'image/png',113574,'sliders/2-2.png','[]','2022-09-22 01:26:23','2022-09-22 01:26:23',NULL),(101,0,'2-3',5,'image/png',2697,'sliders/2-3.png','[]','2022-09-22 01:26:24','2022-09-22 01:26:24',NULL),(102,0,'3-1',5,'image/png',519229,'sliders/3-1.png','[]','2022-09-22 01:26:24','2022-09-22 01:26:24',NULL),(103,0,'3-2',5,'image/png',468469,'sliders/3-2.png','[]','2022-09-22 01:26:25','2022-09-22 01:26:25',NULL),(104,0,'4-1',5,'image/png',618556,'sliders/4-1.png','[]','2022-09-22 01:26:27','2022-09-22 01:26:27',NULL),(105,0,'4-2',5,'image/png',949745,'sliders/4-2.png','[]','2022-09-22 01:26:28','2022-09-22 01:26:28',NULL),(106,0,'4-3',5,'image/png',2697,'sliders/4-3.png','[]','2022-09-22 01:26:29','2022-09-22 01:26:29',NULL),(107,0,'5-1',5,'image/png',1273599,'sliders/5-1.png','[]','2022-09-22 01:26:30','2022-09-22 01:26:30',NULL),(108,0,'5-2',5,'image/png',695846,'sliders/5-2.png','[]','2022-09-22 01:26:32','2022-09-22 01:26:32',NULL),(109,0,'banner-1',5,'image/png',104000,'sliders/banner-1.png','[]','2022-09-22 01:26:33','2022-09-22 01:26:33',NULL),(110,0,'thumbnail-1',5,'image/jpeg',28966,'sliders/thumbnail-1.jpg','[]','2022-09-22 01:26:34','2022-09-22 01:26:34',NULL),(111,0,'thumbnail-2',5,'image/jpeg',13975,'sliders/thumbnail-2.jpg','[]','2022-09-22 01:26:34','2022-09-22 01:26:34',NULL),(112,0,'thumbnail-3',5,'image/jpeg',15751,'sliders/thumbnail-3.jpg','[]','2022-09-22 01:26:34','2022-09-22 01:26:34',NULL),(113,0,'thumbnail-4',5,'image/jpeg',16846,'sliders/thumbnail-4.jpg','[]','2022-09-22 01:26:34','2022-09-22 01:26:34',NULL),(114,0,'thumbnail-5',5,'image/jpeg',24938,'sliders/thumbnail-5.jpg','[]','2022-09-22 01:26:35','2022-09-22 01:26:35',NULL),(115,0,'thumbnail-6',5,'image/jpeg',63412,'sliders/thumbnail-6.jpg','[]','2022-09-22 01:26:35','2022-09-22 01:26:35',NULL),(116,0,'1',6,'image/png',533812,'news/1.png','[]','2022-09-22 01:26:37','2022-09-22 01:26:37',NULL),(117,0,'10',6,'image/png',439491,'news/10.png','[]','2022-09-22 01:26:38','2022-09-22 01:26:38',NULL),(118,0,'11',6,'image/png',593219,'news/11.png','[]','2022-09-22 01:26:39','2022-09-22 01:26:39',NULL),(119,0,'2',6,'image/png',633277,'news/2.png','[]','2022-09-22 01:26:40','2022-09-22 01:26:40',NULL),(120,0,'3',6,'image/png',372986,'news/3.png','[]','2022-09-22 01:26:41','2022-09-22 01:26:41',NULL),(121,0,'4',6,'image/png',438363,'news/4.png','[]','2022-09-22 01:26:42','2022-09-22 01:26:42',NULL),(122,0,'5',6,'image/png',483356,'news/5.png','[]','2022-09-22 01:26:44','2022-09-22 01:26:44',NULL),(123,0,'6',6,'image/png',502720,'news/6.png','[]','2022-09-22 01:26:45','2022-09-22 01:26:45',NULL),(124,0,'7',6,'image/png',465225,'news/7.png','[]','2022-09-22 01:26:46','2022-09-22 01:26:46',NULL),(125,0,'8',6,'image/png',489034,'news/8.png','[]','2022-09-22 01:26:47','2022-09-22 01:26:47',NULL),(126,0,'9',6,'image/png',328817,'news/9.png','[]','2022-09-22 01:26:48','2022-09-22 01:26:48',NULL),(127,0,'1',7,'image/png',50119,'promotion/1.png','[]','2022-09-22 01:26:52','2022-09-22 01:26:52',NULL),(128,0,'10',7,'image/png',108470,'promotion/10.png','[]','2022-09-22 01:26:52','2022-09-22 01:26:52',NULL),(129,0,'11',7,'image/png',106453,'promotion/11.png','[]','2022-09-22 01:26:53','2022-09-22 01:26:53',NULL),(130,0,'12',7,'image/png',104430,'promotion/12.png','[]','2022-09-22 01:26:53','2022-09-22 01:26:53',NULL),(131,0,'2',7,'image/png',38339,'promotion/2.png','[]','2022-09-22 01:26:54','2022-09-22 01:26:54',NULL),(132,0,'3',7,'image/png',65066,'promotion/3.png','[]','2022-09-22 01:26:54','2022-09-22 01:26:54',NULL),(133,0,'4',7,'image/png',62462,'promotion/4.png','[]','2022-09-22 01:26:55','2022-09-22 01:26:55',NULL),(134,0,'5',7,'image/png',190175,'promotion/5.png','[]','2022-09-22 01:26:55','2022-09-22 01:26:55',NULL),(135,0,'6',7,'image/png',190175,'promotion/6.png','[]','2022-09-22 01:26:56','2022-09-22 01:26:56',NULL),(136,0,'7',7,'image/png',272480,'promotion/7.png','[]','2022-09-22 01:26:57','2022-09-22 01:26:57',NULL),(137,0,'8',7,'image/png',73547,'promotion/8.png','[]','2022-09-22 01:26:58','2022-09-22 01:26:58',NULL),(138,0,'9',7,'image/png',126894,'promotion/9.png','[]','2022-09-22 01:26:59','2022-09-22 01:26:59',NULL),(139,0,'app-store',8,'image/jpeg',29714,'general/app-store.jpg','[]','2022-09-22 01:27:11','2022-09-22 01:27:11',NULL),(140,0,'category-1',8,'image/png',4323,'general/category-1.png','[]','2022-09-22 01:27:11','2022-09-22 01:27:11',NULL),(141,0,'facebook',8,'image/png',646,'general/facebook.png','[]','2022-09-22 01:27:11','2022-09-22 01:27:11',NULL),(142,0,'favicon',8,'image/png',3890,'general/favicon.png','[]','2022-09-22 01:27:11','2022-09-22 01:27:11',NULL),(143,0,'google-play',8,'image/jpeg',29477,'general/google-play.jpg','[]','2022-09-22 01:27:12','2022-09-22 01:27:12',NULL),(144,0,'header-bg',8,'image/png',16995,'general/header-bg.png','[]','2022-09-22 01:27:12','2022-09-22 01:27:12',NULL),(145,0,'home-6',8,'image/jpeg',799491,'general/home-6.jpeg','[]','2022-09-22 01:27:12','2022-09-22 01:27:12',NULL),(146,0,'icon-1',8,'image/png',2024,'general/icon-1.png','[]','2022-09-22 01:27:13','2022-09-22 01:27:13',NULL),(147,0,'icon-2',8,'image/png',3531,'general/icon-2.png','[]','2022-09-22 01:27:13','2022-09-22 01:27:13',NULL),(148,0,'icon-3',8,'image/png',2344,'general/icon-3.png','[]','2022-09-22 01:27:13','2022-09-22 01:27:13',NULL),(149,0,'icon-4',8,'image/png',2314,'general/icon-4.png','[]','2022-09-22 01:27:14','2022-09-22 01:27:14',NULL),(150,0,'icon-5',8,'image/png',2853,'general/icon-5.png','[]','2022-09-22 01:27:14','2022-09-22 01:27:14',NULL),(151,0,'instagram',8,'image/png',2586,'general/instagram.png','[]','2022-09-22 01:27:14','2022-09-22 01:27:14',NULL),(152,0,'loading',8,'image/gif',25062,'general/loading.gif','[]','2022-09-22 01:27:15','2022-09-22 01:27:15',NULL),(153,0,'login-1',8,'image/png',270812,'general/login-1.png','[]','2022-09-22 01:27:15','2022-09-22 01:27:15',NULL),(154,0,'logo',8,'image/png',7698,'general/logo.png','[]','2022-09-22 01:27:16','2022-09-22 01:27:16',NULL),(155,0,'newsletter-background-image',8,'image/png',28409,'general/newsletter-background-image.png','[]','2022-09-22 01:27:17','2022-09-22 01:27:17',NULL),(156,0,'newsletter-image',8,'image/png',116235,'general/newsletter-image.png','[]','2022-09-22 01:27:18','2022-09-22 01:27:18',NULL),(157,0,'open-graph-image',8,'image/png',436809,'general/open-graph-image.png','[]','2022-09-22 01:27:18','2022-09-22 01:27:18',NULL),(158,0,'payment-methods',8,'image/png',10634,'general/payment-methods.png','[]','2022-09-22 01:27:20','2022-09-22 01:27:20',NULL),(159,0,'pinterest',8,'image/png',2128,'general/pinterest.png','[]','2022-09-22 01:27:21','2022-09-22 01:27:21',NULL),(160,0,'twitter',8,'image/png',1759,'general/twitter.png','[]','2022-09-22 01:27:21','2022-09-22 01:27:21',NULL),(161,0,'youtube',8,'image/png',1083,'general/youtube.png','[]','2022-09-22 01:27:22','2022-09-22 01:27:22',NULL),(162,0,'1',9,'image/png',11920,'stores/1.png','[]','2022-09-22 01:27:23','2022-09-22 01:27:23',NULL),(163,0,'10',9,'image/png',6583,'stores/10.png','[]','2022-09-22 01:27:23','2022-09-22 01:27:23',NULL),(164,0,'11',9,'image/png',6934,'stores/11.png','[]','2022-09-22 01:27:24','2022-09-22 01:27:24',NULL),(165,0,'12',9,'image/png',7396,'stores/12.png','[]','2022-09-22 01:27:25','2022-09-22 01:27:25',NULL),(166,0,'13',9,'image/png',5881,'stores/13.png','[]','2022-09-22 01:27:26','2022-09-22 01:27:26',NULL),(167,0,'14',9,'image/png',7188,'stores/14.png','[]','2022-09-22 01:27:27','2022-09-22 01:27:27',NULL),(168,0,'15',9,'image/png',7142,'stores/15.png','[]','2022-09-22 01:27:28','2022-09-22 01:27:28',NULL),(169,0,'16',9,'image/png',4659,'stores/16.png','[]','2022-09-22 01:27:28','2022-09-22 01:27:28',NULL),(170,0,'17',9,'image/png',6781,'stores/17.png','[]','2022-09-22 01:27:29','2022-09-22 01:27:29',NULL),(171,0,'2',9,'image/png',12300,'stores/2.png','[]','2022-09-22 01:27:30','2022-09-22 01:27:30',NULL),(172,0,'3',9,'image/png',10778,'stores/3.png','[]','2022-09-22 01:27:31','2022-09-22 01:27:31',NULL),(173,0,'4',9,'image/png',10771,'stores/4.png','[]','2022-09-22 01:27:32','2022-09-22 01:27:32',NULL),(174,0,'5',9,'image/png',13041,'stores/5.png','[]','2022-09-22 01:27:32','2022-09-22 01:27:32',NULL),(175,0,'6',9,'image/png',14006,'stores/6.png','[]','2022-09-22 01:27:33','2022-09-22 01:27:33',NULL),(176,0,'7',9,'image/png',5978,'stores/7.png','[]','2022-09-22 01:27:34','2022-09-22 01:27:34',NULL),(177,0,'8',9,'image/png',6586,'stores/8.png','[]','2022-09-22 01:27:35','2022-09-22 01:27:35',NULL),(178,0,'9',9,'image/png',6173,'stores/9.png','[]','2022-09-22 01:27:36','2022-09-22 01:27:36',NULL);
/*!40000 ALTER TABLE `media_files` ENABLE KEYS */;
UNLOCK TABLES;

--
-- Table structure for table `media_folders`
--

DROP TABLE IF EXISTS `media_folders`;
/*!40101 SET @saved_cs_client     = @@character_set_client */;
/*!50503 SET character_set_client = utf8mb4 */;
CREATE TABLE `media_folders` (
  `id` bigint unsigned NOT NULL AUTO_INCREMENT,
  `user_id` int unsigned NOT NULL,
  `name` varchar(191) COLLATE utf8mb4_unicode_ci DEFAULT NULL,
  `slug` varchar(191) COLLATE utf8mb4_unicode_ci DEFAULT NULL,
  `parent_id` int NOT NULL DEFAULT '0',
  `created_at` timestamp NULL DEFAULT NULL,
  `updated_at` timestamp NULL DEFAULT NULL,
  `deleted_at` timestamp NULL DEFAULT NULL,
  PRIMARY KEY (`id`),
  KEY `media_folders_user_id_index` (`user_id`),
  KEY `media_folders_index` (`parent_id`,`user_id`,`created_at`)
) ENGINE=InnoDB AUTO_INCREMENT=10 DEFAULT CHARSET=utf8mb4 COLLATE=utf8mb4_unicode_ci;
/*!40101 SET character_set_client = @saved_cs_client */;

--
-- Dumping data for table `media_folders`
--

LOCK TABLES `media_folders` WRITE;
/*!40000 ALTER TABLE `media_folders` DISABLE KEYS */;
INSERT INTO `media_folders` VALUES (1,0,'product-categories','product-categories',0,'2022-09-22 01:25:29','2022-09-22 01:25:29',NULL),(2,0,'products','products',0,'2022-09-22 01:25:37','2022-09-22 01:25:37',NULL),(3,0,'customers','customers',0,'2022-09-22 01:26:07','2022-09-22 01:26:07',NULL),(4,0,'flash-sales','flash-sales',0,'2022-09-22 01:26:14','2022-09-22 01:26:14',NULL),(5,0,'sliders','sliders',0,'2022-09-22 01:26:18','2022-09-22 01:26:18',NULL),(6,0,'news','news',0,'2022-09-22 01:26:37','2022-09-22 01:26:37',NULL),(7,0,'promotion','promotion',0,'2022-09-22 01:26:52','2022-09-22 01:26:52',NULL),(8,0,'general','general',0,'2022-09-22 01:27:10','2022-09-22 01:27:10',NULL),(9,0,'stores','stores',0,'2022-09-22 01:27:23','2022-09-22 01:27:23',NULL);
/*!40000 ALTER TABLE `media_folders` ENABLE KEYS */;
UNLOCK TABLES;

--
-- Table structure for table `media_settings`
--

DROP TABLE IF EXISTS `media_settings`;
/*!40101 SET @saved_cs_client     = @@character_set_client */;
/*!50503 SET character_set_client = utf8mb4 */;
CREATE TABLE `media_settings` (
  `id` bigint unsigned NOT NULL AUTO_INCREMENT,
  `key` varchar(120) COLLATE utf8mb4_unicode_ci NOT NULL,
  `value` text COLLATE utf8mb4_unicode_ci,
  `media_id` int DEFAULT NULL,
  `user_id` int DEFAULT NULL,
  `created_at` timestamp NULL DEFAULT NULL,
  `updated_at` timestamp NULL DEFAULT NULL,
  PRIMARY KEY (`id`)
) ENGINE=InnoDB DEFAULT CHARSET=utf8mb4 COLLATE=utf8mb4_unicode_ci;
/*!40101 SET character_set_client = @saved_cs_client */;

--
-- Dumping data for table `media_settings`
--

LOCK TABLES `media_settings` WRITE;
/*!40000 ALTER TABLE `media_settings` DISABLE KEYS */;
/*!40000 ALTER TABLE `media_settings` ENABLE KEYS */;
UNLOCK TABLES;

--
-- Table structure for table `menu_locations`
--

DROP TABLE IF EXISTS `menu_locations`;
/*!40101 SET @saved_cs_client     = @@character_set_client */;
/*!50503 SET character_set_client = utf8mb4 */;
CREATE TABLE `menu_locations` (
  `id` bigint unsigned NOT NULL AUTO_INCREMENT,
  `menu_id` int unsigned NOT NULL,
  `location` varchar(120) COLLATE utf8mb4_unicode_ci NOT NULL,
  `created_at` timestamp NULL DEFAULT NULL,
  `updated_at` timestamp NULL DEFAULT NULL,
  PRIMARY KEY (`id`),
  KEY `menu_locations_menu_id_created_at_index` (`menu_id`,`created_at`)
) ENGINE=InnoDB AUTO_INCREMENT=5 DEFAULT CHARSET=utf8mb4 COLLATE=utf8mb4_unicode_ci;
/*!40101 SET character_set_client = @saved_cs_client */;

--
-- Dumping data for table `menu_locations`
--

LOCK TABLES `menu_locations` WRITE;
/*!40000 ALTER TABLE `menu_locations` DISABLE KEYS */;
INSERT INTO `menu_locations` VALUES (1,1,'main-menu','2022-09-22 01:27:40','2022-09-22 01:27:40'),(2,2,'header-navigation','2022-09-22 01:27:40','2022-09-22 01:27:40'),(3,6,'main-menu','2022-09-22 01:27:40','2022-09-22 01:27:40'),(4,7,'header-navigation','2022-09-22 01:27:41','2022-09-22 01:27:41');
/*!40000 ALTER TABLE `menu_locations` ENABLE KEYS */;
UNLOCK TABLES;

--
-- Table structure for table `menu_nodes`
--

DROP TABLE IF EXISTS `menu_nodes`;
/*!40101 SET @saved_cs_client     = @@character_set_client */;
/*!50503 SET character_set_client = utf8mb4 */;
CREATE TABLE `menu_nodes` (
  `id` bigint unsigned NOT NULL AUTO_INCREMENT,
  `menu_id` int unsigned NOT NULL,
  `parent_id` int unsigned NOT NULL DEFAULT '0',
  `reference_id` int unsigned DEFAULT NULL,
  `reference_type` varchar(255) COLLATE utf8mb4_unicode_ci DEFAULT NULL,
  `url` varchar(120) COLLATE utf8mb4_unicode_ci DEFAULT NULL,
  `icon_font` varchar(50) COLLATE utf8mb4_unicode_ci DEFAULT NULL,
  `position` tinyint unsigned NOT NULL DEFAULT '0',
  `title` varchar(120) COLLATE utf8mb4_unicode_ci DEFAULT NULL,
  `css_class` varchar(120) COLLATE utf8mb4_unicode_ci DEFAULT NULL,
  `target` varchar(20) COLLATE utf8mb4_unicode_ci NOT NULL DEFAULT '_self',
  `has_child` tinyint unsigned NOT NULL DEFAULT '0',
  `created_at` timestamp NULL DEFAULT NULL,
  `updated_at` timestamp NULL DEFAULT NULL,
  PRIMARY KEY (`id`),
  KEY `menu_nodes_menu_id_index` (`menu_id`),
  KEY `menu_nodes_parent_id_index` (`parent_id`),
  KEY `reference_id` (`reference_id`),
  KEY `reference_type` (`reference_type`)
) ENGINE=InnoDB AUTO_INCREMENT=97 DEFAULT CHARSET=utf8mb4 COLLATE=utf8mb4_unicode_ci;
/*!40101 SET character_set_client = @saved_cs_client */;

--
-- Dumping data for table `menu_nodes`
--

LOCK TABLES `menu_nodes` WRITE;
/*!40000 ALTER TABLE `menu_nodes` DISABLE KEYS */;
INSERT INTO `menu_nodes` VALUES (1,1,0,NULL,NULL,'/','fi-rs-home',0,'Home',NULL,'_self',1,'2022-09-22 01:27:40','2022-09-22 01:27:40'),(2,1,1,1,'Botble\\Page\\Models\\Page','/homepage',NULL,0,'Home 1',NULL,'_self',0,'2022-09-22 01:27:40','2022-09-22 01:27:41'),(3,1,1,2,'Botble\\Page\\Models\\Page','/homepage-2',NULL,0,'Home 2',NULL,'_self',0,'2022-09-22 01:27:40','2022-09-22 01:27:41'),(4,1,1,3,'Botble\\Page\\Models\\Page','/homepage-3',NULL,0,'Home 3',NULL,'_self',0,'2022-09-22 01:27:40','2022-09-22 01:27:41'),(5,1,1,4,'Botble\\Page\\Models\\Page','/homepage-4',NULL,0,'Home 4',NULL,'_self',0,'2022-09-22 01:27:40','2022-09-22 01:27:41'),(6,1,1,16,'Botble\\Page\\Models\\Page','/homepage-5',NULL,0,'Home 5',NULL,'_self',0,'2022-09-22 01:27:40','2022-09-22 01:27:41'),(7,1,1,17,'Botble\\Page\\Models\\Page','/homepage-6',NULL,0,'Home 6',NULL,'_self',0,'2022-09-22 01:27:40','2022-09-22 01:27:41'),(8,1,0,NULL,NULL,'/products',NULL,0,'Shop',NULL,'_self',1,'2022-09-22 01:27:40','2022-09-22 01:27:40'),(9,1,8,NULL,NULL,'/products',NULL,0,'Shop Grid - Full Width',NULL,'_self',0,'2022-09-22 01:27:40','2022-09-22 01:27:40'),(10,1,8,NULL,NULL,'/products?layout=product-right-sidebar',NULL,0,'Shop Grid - Right Sidebar',NULL,'_self',0,'2022-09-22 01:27:40','2022-09-22 01:27:40'),(11,1,8,NULL,NULL,'/products?layout=product-left-sidebar',NULL,0,'Shop Grid - Left Sidebar',NULL,'_self',0,'2022-09-22 01:27:40','2022-09-22 01:27:40'),(12,1,8,1,'Botble\\Ecommerce\\Models\\ProductCategory','/product-categories/milks-and-dairies',NULL,0,'Products Of Category',NULL,'_self',0,'2022-09-22 01:27:40','2022-09-22 01:27:41'),(13,1,0,NULL,NULL,'/stores',NULL,0,'Stores',NULL,'_self',1,'2022-09-22 01:27:40','2022-09-22 01:27:40'),(14,1,13,NULL,NULL,'/stores',NULL,0,'Stores - Grid',NULL,'_self',0,'2022-09-22 01:27:40','2022-09-22 01:27:40'),(15,1,13,NULL,NULL,'/stores?layout=stores-list',NULL,0,'Stores - List',NULL,'_self',0,'2022-09-22 01:27:40','2022-09-22 01:27:40'),(16,1,13,NULL,NULL,'/stores/gopro',NULL,0,'Store - Detail',NULL,'_self',0,'2022-09-22 01:27:40','2022-09-22 01:27:40'),(17,1,0,NULL,NULL,'/products/seeds-of-change-organic-quinoe',NULL,0,'Product',NULL,'_self',1,'2022-09-22 01:27:40','2022-09-22 01:27:40'),(18,1,17,NULL,NULL,'/products/seeds-of-change-organic-quinoe',NULL,0,'Product Right Sidebar',NULL,'_self',0,'2022-09-22 01:27:40','2022-09-22 01:27:40'),(19,1,17,NULL,NULL,'/products/all-natural-italian-style-chicken-meatballs',NULL,0,'Product Left Sidebar',NULL,'_self',0,'2022-09-22 01:27:40','2022-09-22 01:27:40'),(20,1,17,NULL,NULL,'/products/angies-boomchickapop-sweet-salty-kettle-corn',NULL,0,'Product Full Width',NULL,'_self',0,'2022-09-22 01:27:40','2022-09-22 01:27:40'),(21,1,0,5,'Botble\\Page\\Models\\Page','/blog',NULL,0,'Blog',NULL,'_self',1,'2022-09-22 01:27:40','2022-09-22 01:27:41'),(22,1,21,5,'Botble\\Page\\Models\\Page','/blog',NULL,0,'Blog Grid',NULL,'_self',0,'2022-09-22 01:27:40','2022-09-22 01:27:41'),(23,1,21,13,'Botble\\Page\\Models\\Page','/blog-list',NULL,0,'Blog List',NULL,'_self',0,'2022-09-22 01:27:40','2022-09-22 01:27:41'),(24,1,21,14,'Botble\\Page\\Models\\Page','/blog-big',NULL,0,'Blog Big',NULL,'_self',0,'2022-09-22 01:27:40','2022-09-22 01:27:41'),(25,1,21,15,'Botble\\Page\\Models\\Page','/blog-wide',NULL,0,'Blog Wide',NULL,'_self',0,'2022-09-22 01:27:40','2022-09-22 01:27:41'),(26,1,21,NULL,NULL,'/blog/4-expert-tips-on-how-to-choose-the-right-mens-wallet',NULL,0,'Single Post',NULL,'_self',1,'2022-09-22 01:27:40','2022-09-22 01:27:40'),(27,1,26,NULL,NULL,'/blog/4-expert-tips-on-how-to-choose-the-right-mens-wallet',NULL,0,'Single Post Right Sidebar',NULL,'_self',0,'2022-09-22 01:27:40','2022-09-22 01:27:40'),(28,1,26,NULL,NULL,'/blog/sexy-clutches-how-to-buy-wear-a-designer-clutch-bag',NULL,0,'Single Post Left Sidebar',NULL,'_self',0,'2022-09-22 01:27:40','2022-09-22 01:27:40'),(29,1,26,NULL,NULL,'/blog/the-top-2020-handbag-trends-to-know',NULL,0,'Single Post Full Width',NULL,'_self',0,'2022-09-22 01:27:40','2022-09-22 01:27:40'),(30,1,26,NULL,NULL,'/blog/how-to-match-the-color-of-your-handbag-with-an-outfit',NULL,0,'Single Post with Product Listing',NULL,'_self',0,'2022-09-22 01:27:40','2022-09-22 01:27:40'),(31,1,0,18,'Botble\\Page\\Models\\Page','/faq',NULL,0,'FAQ',NULL,'_self',0,'2022-09-22 01:27:40','2022-09-22 01:27:41'),(32,1,0,6,'Botble\\Page\\Models\\Page','/contact',NULL,0,'Contact',NULL,'_self',0,'2022-09-22 01:27:40','2022-09-22 01:27:41'),(33,2,0,7,'Botble\\Page\\Models\\Page','/about-us',NULL,0,'About Us',NULL,'_self',0,'2022-09-22 01:27:40','2022-09-22 01:27:41'),(34,2,0,NULL,NULL,'/orders/tracking',NULL,0,'Order Tracking',NULL,'_self',0,'2022-09-22 01:27:40','2022-09-22 01:27:40'),(35,3,0,1,'Botble\\Ecommerce\\Models\\ProductCategory','/product-categories/milks-and-dairies',NULL,0,'Men',NULL,'_self',0,'2022-09-22 01:27:40','2022-09-22 01:27:41'),(36,3,0,2,'Botble\\Ecommerce\\Models\\ProductCategory','/product-categories/clothing-beauty',NULL,0,'Women',NULL,'_self',0,'2022-09-22 01:27:40','2022-09-22 01:27:41'),(37,3,0,3,'Botble\\Ecommerce\\Models\\ProductCategory','/product-categories/pet-toy',NULL,0,'Accessories',NULL,'_self',0,'2022-09-22 01:27:40','2022-09-22 01:27:41'),(38,3,0,4,'Botble\\Ecommerce\\Models\\ProductCategory','/product-categories/baking-material',NULL,0,'Shoes',NULL,'_self',0,'2022-09-22 01:27:40','2022-09-22 01:27:41'),(39,3,0,5,'Botble\\Ecommerce\\Models\\ProductCategory','/product-categories/fresh-fruit',NULL,0,'Denim',NULL,'_self',0,'2022-09-22 01:27:40','2022-09-22 01:27:41'),(40,3,0,6,'Botble\\Ecommerce\\Models\\ProductCategory','/product-categories/wines-drinks',NULL,0,'Dress',NULL,'_self',0,'2022-09-22 01:27:40','2022-09-22 01:27:41'),(41,4,0,6,'Botble\\Page\\Models\\Page','/contact',NULL,0,'Contact Us',NULL,'_self',0,'2022-09-22 01:27:40','2022-09-22 01:27:41'),(42,4,0,7,'Botble\\Page\\Models\\Page','/about-us',NULL,0,'About Us',NULL,'_self',0,'2022-09-22 01:27:40','2022-09-22 01:27:41'),(43,4,0,8,'Botble\\Page\\Models\\Page','/cookie-policy',NULL,0,'Cookie Policy',NULL,'_self',0,'2022-09-22 01:27:40','2022-09-22 01:27:41'),(44,4,0,9,'Botble\\Page\\Models\\Page','/terms-conditions',NULL,0,'Terms & Conditions',NULL,'_self',0,'2022-09-22 01:27:40','2022-09-22 01:27:41'),(45,4,0,10,'Botble\\Page\\Models\\Page','/returns-exchanges',NULL,0,'Returns & Exchanges',NULL,'_self',0,'2022-09-22 01:27:40','2022-09-22 01:27:41'),(46,4,0,11,'Botble\\Page\\Models\\Page','/shipping-delivery',NULL,0,'Shipping & Delivery',NULL,'_self',0,'2022-09-22 01:27:40','2022-09-22 01:27:41'),(47,4,0,12,'Botble\\Page\\Models\\Page','/privacy-policy',NULL,0,'Privacy Policy',NULL,'_self',0,'2022-09-22 01:27:40','2022-09-22 01:27:41'),(48,5,0,7,'Botble\\Page\\Models\\Page','/about-us',NULL,0,'About us',NULL,'_self',0,'2022-09-22 01:27:40','2022-09-22 01:27:41'),(49,5,0,NULL,NULL,'#',NULL,0,'Affiliate',NULL,'_self',0,'2022-09-22 01:27:40','2022-09-22 01:27:40'),(50,5,0,NULL,NULL,'#',NULL,0,'Career',NULL,'_self',0,'2022-09-22 01:27:40','2022-09-22 01:27:40'),(51,5,0,6,'Botble\\Page\\Models\\Page','/contact',NULL,0,'Contact us',NULL,'_self',0,'2022-09-22 01:27:40','2022-09-22 01:27:41'),(52,6,0,NULL,NULL,'/',NULL,0,'Trang chủ',NULL,'_self',1,'2022-09-22 01:27:40','2022-09-22 01:27:40'),(53,6,52,1,'Botble\\Page\\Models\\Page','/homepage',NULL,0,'Trang chủ 1',NULL,'_self',0,'2022-09-22 01:27:40','2022-09-22 01:27:41'),(54,6,52,2,'Botble\\Page\\Models\\Page','/homepage-2',NULL,0,'Trang chủ 2',NULL,'_self',0,'2022-09-22 01:27:40','2022-09-22 01:27:41'),(55,6,52,3,'Botble\\Page\\Models\\Page','/homepage-3',NULL,0,'Trang chủ 3',NULL,'_self',0,'2022-09-22 01:27:40','2022-09-22 01:27:41'),(56,6,52,4,'Botble\\Page\\Models\\Page','/homepage-4',NULL,0,'Trang chủ 4',NULL,'_self',0,'2022-09-22 01:27:40','2022-09-22 01:27:41'),(57,6,52,16,'Botble\\Page\\Models\\Page','/homepage-5',NULL,0,'Trang chủ 5',NULL,'_self',0,'2022-09-22 01:27:40','2022-09-22 01:27:41'),(58,6,52,17,'Botble\\Page\\Models\\Page','/homepage-6',NULL,0,'Trang chủ 6',NULL,'_self',0,'2022-09-22 01:27:40','2022-09-22 01:27:41'),(59,6,0,NULL,NULL,'/products',NULL,0,'Bán hàng',NULL,'_self',1,'2022-09-22 01:27:40','2022-09-22 01:27:40'),(60,6,59,NULL,NULL,'/products',NULL,0,'Tất cả sản phẩm',NULL,'_self',0,'2022-09-22 01:27:40','2022-09-22 01:27:40'),(61,6,59,1,'Botble\\Ecommerce\\Models\\ProductCategory','/product-categories/milks-and-dairies',NULL,0,'Danh mục sản phẩm',NULL,'_self',0,'2022-09-22 01:27:40','2022-09-22 01:27:41'),(62,6,0,NULL,NULL,'/stores',NULL,0,'Cửa hàng',NULL,'_self',1,'2022-09-22 01:27:40','2022-09-22 01:27:40'),(63,6,62,NULL,NULL,'/stores',NULL,0,'Cửa hàng - Grid',NULL,'_self',0,'2022-09-22 01:27:40','2022-09-22 01:27:40'),(64,6,62,NULL,NULL,'/stores?layout=stores-list',NULL,0,'Cửa hàng - List',NULL,'_self',0,'2022-09-22 01:27:40','2022-09-22 01:27:40'),(65,6,62,NULL,NULL,'/stores/gopro',NULL,0,'Cửa hàng - Detail',NULL,'_self',0,'2022-09-22 01:27:40','2022-09-22 01:27:40'),(66,6,0,NULL,NULL,'#',NULL,0,'Sản phẩm',NULL,'_self',1,'2022-09-22 01:27:40','2022-09-22 01:27:40'),(67,6,66,NULL,NULL,'/products/seeds-of-change-organic-quinoe',NULL,0,'Sản phẩm Sidebar phải',NULL,'_self',0,'2022-09-22 01:27:41','2022-09-22 01:27:41'),(68,6,66,NULL,NULL,'/products/all-natural-italian-style-chicken-meatballs',NULL,0,'Sản phẩm Sidebar trái',NULL,'_self',0,'2022-09-22 01:27:41','2022-09-22 01:27:41'),(69,6,66,NULL,NULL,'/products/angies-boomchickapop-sweet-salty-kettle-corn',NULL,0,'Sản phẩm full width',NULL,'_self',0,'2022-09-22 01:27:41','2022-09-22 01:27:41'),(70,6,0,5,'Botble\\Page\\Models\\Page','/blog',NULL,0,'Tin tức',NULL,'_self',1,'2022-09-22 01:27:41','2022-09-22 01:27:41'),(71,6,70,5,'Botble\\Page\\Models\\Page','/blog',NULL,0,'Tin tức Sidebar phải',NULL,'_self',0,'2022-09-22 01:27:41','2022-09-22 01:27:41'),(72,6,70,13,'Botble\\Page\\Models\\Page','/blog-list',NULL,0,'Tin tức Sidebar trái',NULL,'_self',0,'2022-09-22 01:27:41','2022-09-22 01:27:41'),(73,6,70,NULL,NULL,'/blog/4-expert-tips-on-how-to-choose-the-right-mens-wallet',NULL,0,'Bài viết Sidebar phải',NULL,'_self',0,'2022-09-22 01:27:41','2022-09-22 01:27:41'),(74,6,70,NULL,NULL,'/blog/sexy-clutches-how-to-buy-wear-a-designer-clutch-bag',NULL,0,'Bài viết Sidebar trái',NULL,'_self',0,'2022-09-22 01:27:41','2022-09-22 01:27:41'),(75,6,70,NULL,NULL,'/blog/the-top-2020-handbag-trends-to-know',NULL,0,'Bài viết Full Width',NULL,'_self',0,'2022-09-22 01:27:41','2022-09-22 01:27:41'),(76,6,70,NULL,NULL,'/blog/how-to-match-the-color-of-your-handbag-with-an-outfit',NULL,0,'Bài viết kèm sản phẩm',NULL,'_self',0,'2022-09-22 01:27:41','2022-09-22 01:27:41'),(77,6,0,18,'Botble\\Page\\Models\\Page','/faq',NULL,0,'FAQ',NULL,'_self',0,'2022-09-22 01:27:41','2022-09-22 01:27:41'),(78,6,0,6,'Botble\\Page\\Models\\Page','/contact',NULL,0,'Liên hệ',NULL,'_self',0,'2022-09-22 01:27:41','2022-09-22 01:27:41'),(79,7,0,8,'Botble\\Page\\Models\\Page','/cookie-policy',NULL,0,'Về Chúng Tôi',NULL,'_self',0,'2022-09-22 01:27:41','2022-09-22 01:27:41'),(80,7,0,NULL,NULL,'/orders/tracking',NULL,0,'Theo Dõi Đơn Hàng',NULL,'_self',0,'2022-09-22 01:27:41','2022-09-22 01:27:41'),(81,8,0,1,'Botble\\Ecommerce\\Models\\ProductCategory','/product-categories/milks-and-dairies',NULL,0,'Sữa',NULL,'_self',0,'2022-09-22 01:27:41','2022-09-22 01:27:41'),(82,8,0,2,'Botble\\Ecommerce\\Models\\ProductCategory','/product-categories/clothing-beauty',NULL,0,'Quần áo và làm đẹp',NULL,'_self',0,'2022-09-22 01:27:41','2022-09-22 01:27:41'),(83,8,0,3,'Botble\\Ecommerce\\Models\\ProductCategory','/product-categories/pet-toy',NULL,0,'Đồ chơi thú cưng',NULL,'_self',0,'2022-09-22 01:27:41','2022-09-22 01:27:41'),(84,8,0,4,'Botble\\Ecommerce\\Models\\ProductCategory','/product-categories/baking-material',NULL,0,'Nguyên liệu làm bánh',NULL,'_self',0,'2022-09-22 01:27:41','2022-09-22 01:27:41'),(85,8,0,5,'Botble\\Ecommerce\\Models\\ProductCategory','/product-categories/fresh-fruit',NULL,0,'Trái cây tươi',NULL,'_self',0,'2022-09-22 01:27:41','2022-09-22 01:27:41'),(86,8,0,6,'Botble\\Ecommerce\\Models\\ProductCategory','/product-categories/wines-drinks',NULL,0,'Rượu & Đồ uống',NULL,'_self',0,'2022-09-22 01:27:41','2022-09-22 01:27:41'),(87,9,0,6,'Botble\\Page\\Models\\Page','/contact',NULL,0,'Liên hệ',NULL,'_self',0,'2022-09-22 01:27:41','2022-09-22 01:27:41'),(88,9,0,8,'Botble\\Page\\Models\\Page','/cookie-policy',NULL,0,'Về chúng tôi',NULL,'_self',0,'2022-09-22 01:27:41','2022-09-22 01:27:41'),(89,9,0,9,'Botble\\Page\\Models\\Page','/terms-conditions',NULL,0,'Điều khoản & quy định',NULL,'_self',0,'2022-09-22 01:27:41','2022-09-22 01:27:41'),(90,9,0,10,'Botble\\Page\\Models\\Page','/returns-exchanges',NULL,0,'Chính sách đổi trả',NULL,'_self',0,'2022-09-22 01:27:41','2022-09-22 01:27:41'),(91,9,0,11,'Botble\\Page\\Models\\Page','/shipping-delivery',NULL,0,'Chính sách vận chuyển',NULL,'_self',0,'2022-09-22 01:27:41','2022-09-22 01:27:41'),(92,9,0,12,'Botble\\Page\\Models\\Page','/privacy-policy',NULL,0,'Chính sách bảo mật',NULL,'_self',0,'2022-09-22 01:27:41','2022-09-22 01:27:41'),(93,10,0,7,'Botble\\Page\\Models\\Page','/about-us',NULL,0,'Về chúng tôi',NULL,'_self',0,'2022-09-22 01:27:41','2022-09-22 01:27:41'),(94,10,0,NULL,NULL,'#',NULL,0,'Tiếp thị liên kết',NULL,'_self',0,'2022-09-22 01:27:41','2022-09-22 01:27:41'),(95,10,0,NULL,NULL,'#',NULL,0,'Tuyển dụng',NULL,'_self',0,'2022-09-22 01:27:41','2022-09-22 01:27:41'),(96,10,0,6,'Botble\\Page\\Models\\Page','/contact',NULL,0,'Liên hệ',NULL,'_self',0,'2022-09-22 01:27:41','2022-09-22 01:27:41');
/*!40000 ALTER TABLE `menu_nodes` ENABLE KEYS */;
UNLOCK TABLES;

--
-- Table structure for table `menus`
--

DROP TABLE IF EXISTS `menus`;
/*!40101 SET @saved_cs_client     = @@character_set_client */;
/*!50503 SET character_set_client = utf8mb4 */;
CREATE TABLE `menus` (
  `id` bigint unsigned NOT NULL AUTO_INCREMENT,
  `name` varchar(120) COLLATE utf8mb4_unicode_ci NOT NULL,
  `slug` varchar(120) COLLATE utf8mb4_unicode_ci DEFAULT NULL,
  `status` varchar(60) COLLATE utf8mb4_unicode_ci NOT NULL DEFAULT 'published',
  `created_at` timestamp NULL DEFAULT NULL,
  `updated_at` timestamp NULL DEFAULT NULL,
  PRIMARY KEY (`id`),
  UNIQUE KEY `menus_slug_unique` (`slug`)
) ENGINE=InnoDB AUTO_INCREMENT=11 DEFAULT CHARSET=utf8mb4 COLLATE=utf8mb4_unicode_ci;
/*!40101 SET character_set_client = @saved_cs_client */;

--
-- Dumping data for table `menus`
--

LOCK TABLES `menus` WRITE;
/*!40000 ALTER TABLE `menus` DISABLE KEYS */;
INSERT INTO `menus` VALUES (1,'Main menu','main-menu','published','2022-09-22 01:27:40','2022-09-22 01:27:40'),(2,'Header menu','header-menu','published','2022-09-22 01:27:40','2022-09-22 01:27:40'),(3,'Product categories','product-categories','published','2022-09-22 01:27:40','2022-09-22 01:27:40'),(4,'Information','information','published','2022-09-22 01:27:40','2022-09-22 01:27:40'),(5,'Company','company','published','2022-09-22 01:27:40','2022-09-22 01:27:40'),(6,'Menu chính','menu-chinh','published','2022-09-22 01:27:40','2022-09-22 01:27:40'),(7,'Menu trên cùng','menu-tren-cung','published','2022-09-22 01:27:41','2022-09-22 01:27:41'),(8,'Product categories','danh-muc-san-pham','published','2022-09-22 01:27:41','2022-09-22 01:27:41'),(9,'Information','thong-tin','published','2022-09-22 01:27:41','2022-09-22 01:27:41'),(10,'Công ty','cong-ty','published','2022-09-22 01:27:41','2022-09-22 01:27:41');
/*!40000 ALTER TABLE `menus` ENABLE KEYS */;
UNLOCK TABLES;

--
-- Table structure for table `meta_boxes`
--

DROP TABLE IF EXISTS `meta_boxes`;
/*!40101 SET @saved_cs_client     = @@character_set_client */;
/*!50503 SET character_set_client = utf8mb4 */;
CREATE TABLE `meta_boxes` (
  `id` bigint unsigned NOT NULL AUTO_INCREMENT,
  `meta_key` varchar(255) COLLATE utf8mb4_unicode_ci NOT NULL,
  `meta_value` text COLLATE utf8mb4_unicode_ci,
  `reference_id` int unsigned NOT NULL,
  `reference_type` varchar(120) COLLATE utf8mb4_unicode_ci NOT NULL,
  `created_at` timestamp NULL DEFAULT NULL,
  `updated_at` timestamp NULL DEFAULT NULL,
  PRIMARY KEY (`id`),
  KEY `meta_boxes_reference_id_index` (`reference_id`)
) ENGINE=InnoDB AUTO_INCREMENT=152 DEFAULT CHARSET=utf8mb4 COLLATE=utf8mb4_unicode_ci;
/*!40101 SET character_set_client = @saved_cs_client */;

--
-- Dumping data for table `meta_boxes`
--

LOCK TABLES `meta_boxes` WRITE;
/*!40000 ALTER TABLE `meta_boxes` DISABLE KEYS */;
INSERT INTO `meta_boxes` VALUES (1,'icon_image','[\"product-categories\\/icon-1.png\"]',1,'Botble\\Ecommerce\\Models\\ProductCategory','2022-09-22 01:25:36','2022-09-22 01:25:36'),(2,'background_color','[\"#F2FCE4\"]',1,'Botble\\Ecommerce\\Models\\ProductCategory','2022-09-22 01:25:36','2022-09-22 01:25:36'),(3,'icon_image','[\"product-categories\\/icon-2.png\"]',2,'Botble\\Ecommerce\\Models\\ProductCategory','2022-09-22 01:25:36','2022-09-22 01:25:36'),(4,'background_color','[\"#FFFCEB\"]',2,'Botble\\Ecommerce\\Models\\ProductCategory','2022-09-22 01:25:36','2022-09-22 01:25:36'),(5,'icon_image','[\"product-categories\\/icon-3.png\"]',3,'Botble\\Ecommerce\\Models\\ProductCategory','2022-09-22 01:25:36','2022-09-22 01:25:36'),(6,'background_color','[\"#ECFFEC\"]',3,'Botble\\Ecommerce\\Models\\ProductCategory','2022-09-22 01:25:36','2022-09-22 01:25:36'),(7,'icon_image','[\"product-categories\\/icon-4.png\"]',4,'Botble\\Ecommerce\\Models\\ProductCategory','2022-09-22 01:25:36','2022-09-22 01:25:36'),(8,'background_color','[\"#FEEFEA\"]',4,'Botble\\Ecommerce\\Models\\ProductCategory','2022-09-22 01:25:36','2022-09-22 01:25:36'),(9,'icon_image','[\"product-categories\\/icon-5.png\"]',5,'Botble\\Ecommerce\\Models\\ProductCategory','2022-09-22 01:25:36','2022-09-22 01:25:36'),(10,'background_color','[\"#FFF3EB\"]',5,'Botble\\Ecommerce\\Models\\ProductCategory','2022-09-22 01:25:36','2022-09-22 01:25:36'),(11,'icon_image','[\"product-categories\\/icon-6.png\"]',6,'Botble\\Ecommerce\\Models\\ProductCategory','2022-09-22 01:25:36','2022-09-22 01:25:36'),(12,'background_color','[\"#FFF3FF\"]',6,'Botble\\Ecommerce\\Models\\ProductCategory','2022-09-22 01:25:36','2022-09-22 01:25:36'),(13,'icon_image','[\"product-categories\\/icon-7.png\"]',7,'Botble\\Ecommerce\\Models\\ProductCategory','2022-09-22 01:25:36','2022-09-22 01:25:36'),(14,'background_color','[\"#F2FCE4\"]',7,'Botble\\Ecommerce\\Models\\ProductCategory','2022-09-22 01:25:36','2022-09-22 01:25:36'),(15,'icon_image','[\"product-categories\\/icon-8.png\"]',8,'Botble\\Ecommerce\\Models\\ProductCategory','2022-09-22 01:25:36','2022-09-22 01:25:36'),(16,'background_color','[\"#FFFCEB\"]',8,'Botble\\Ecommerce\\Models\\ProductCategory','2022-09-22 01:25:36','2022-09-22 01:25:36'),(17,'icon_image','[\"product-categories\\/icon-9.png\"]',9,'Botble\\Ecommerce\\Models\\ProductCategory','2022-09-22 01:25:36','2022-09-22 01:25:36'),(18,'background_color','[\"#ECFFEC\"]',9,'Botble\\Ecommerce\\Models\\ProductCategory','2022-09-22 01:25:36','2022-09-22 01:25:36'),(19,'icon_image','[\"product-categories\\/icon-10.png\"]',10,'Botble\\Ecommerce\\Models\\ProductCategory','2022-09-22 01:25:36','2022-09-22 01:25:36'),(20,'background_color','[\"#FEEFEA\"]',10,'Botble\\Ecommerce\\Models\\ProductCategory','2022-09-22 01:25:36','2022-09-22 01:25:36'),(21,'icon_image','[\"product-categories\\/icon-11.png\"]',11,'Botble\\Ecommerce\\Models\\ProductCategory','2022-09-22 01:25:36','2022-09-22 01:25:36'),(22,'background_color','[\"#FFF3EB\"]',11,'Botble\\Ecommerce\\Models\\ProductCategory','2022-09-22 01:25:36','2022-09-22 01:25:36'),(23,'icon_image','[\"product-categories\\/icon-12.png\"]',12,'Botble\\Ecommerce\\Models\\ProductCategory','2022-09-22 01:25:36','2022-09-22 01:25:36'),(24,'background_color','[\"#FFF3FF\"]',12,'Botble\\Ecommerce\\Models\\ProductCategory','2022-09-22 01:25:36','2022-09-22 01:25:36'),(25,'icon_image','[\"product-categories\\/icon-13.png\"]',13,'Botble\\Ecommerce\\Models\\ProductCategory','2022-09-22 01:25:36','2022-09-22 01:25:36'),(26,'background_color','[\"#F2FCE4\"]',13,'Botble\\Ecommerce\\Models\\ProductCategory','2022-09-22 01:25:36','2022-09-22 01:25:36'),(27,'icon_image','[\"product-categories\\/icon-14.png\"]',14,'Botble\\Ecommerce\\Models\\ProductCategory','2022-09-22 01:25:36','2022-09-22 01:25:36'),(28,'background_color','[\"#FFFCEB\"]',14,'Botble\\Ecommerce\\Models\\ProductCategory','2022-09-22 01:25:36','2022-09-22 01:25:36'),(29,'layout','[\"product-right-sidebar\"]',1,'Botble\\Ecommerce\\Models\\Product','2022-09-22 01:25:59','2022-09-22 01:25:59'),(30,'faq_schema_config','[[[{\"key\":\"question\",\"value\":\"What Shipping Methods Are Available?\"},{\"key\":\"answer\",\"value\":\"Ex Portland Pitchfork irure mustache. Eutra fap before they sold out literally. Aliquip ugh bicycle rights actually mlkshk, seitan squid craft beer tempor.\"}],[{\"key\":\"question\",\"value\":\"Do You Ship Internationally?\"},{\"key\":\"answer\",\"value\":\"Hoodie tote bag mixtape tofu. Typewriter jean shorts wolf quinoa, messenger bag organic freegan cray.\"}],[{\"key\":\"question\",\"value\":\"How Long Will It Take To Get My Package?\"},{\"key\":\"answer\",\"value\":\"Swag slow-carb quinoa VHS typewriter pork belly brunch, paleo single-origin coffee Wes Anderson. Flexitarian Pitchfork forage, literally paleo fap pour-over. Wes Anderson Pinterest YOLO fanny pack meggings, deep v XOXO chambray sustainable slow-carb raw denim church-key fap chillwave Etsy. +1 typewriter kitsch, American Apparel tofu Banksy Vice.\"}],[{\"key\":\"question\",\"value\":\"What Payment Methods Are Accepted?\"},{\"key\":\"answer\",\"value\":\"Fashion axe DIY jean shorts, swag kale chips meh polaroid kogi butcher Wes Anderson chambray next level semiotics gentrify yr. Voluptate photo booth fugiat Vice. Austin sed Williamsburg, ea labore raw denim voluptate cred proident mixtape excepteur mustache. Twee chia photo booth readymade food truck, hoodie roof party swag keytar PBR DIY.\"}],[{\"key\":\"question\",\"value\":\"Is Buying On-Line Safe?\"},{\"key\":\"answer\",\"value\":\"Art party authentic freegan semiotics jean shorts chia cred. Neutra Austin roof party Brooklyn, synth Thundercats swag 8-bit photo booth. Plaid letterpress leggings craft beer meh ethical Pinterest.\"}]]]',1,'Botble\\Ecommerce\\Models\\Product','2022-09-22 01:25:59','2022-09-22 01:25:59'),(31,'layout','[\"product-left-sidebar\"]',2,'Botble\\Ecommerce\\Models\\Product','2022-09-22 01:25:59','2022-09-22 01:25:59'),(32,'is_popular','[\"1\"]',2,'Botble\\Ecommerce\\Models\\Product','2022-09-22 01:25:59','2022-09-22 01:25:59'),(33,'faq_schema_config','[[[{\"key\":\"question\",\"value\":\"What Shipping Methods Are Available?\"},{\"key\":\"answer\",\"value\":\"Ex Portland Pitchfork irure mustache. Eutra fap before they sold out literally. Aliquip ugh bicycle rights actually mlkshk, seitan squid craft beer tempor.\"}],[{\"key\":\"question\",\"value\":\"Do You Ship Internationally?\"},{\"key\":\"answer\",\"value\":\"Hoodie tote bag mixtape tofu. Typewriter jean shorts wolf quinoa, messenger bag organic freegan cray.\"}],[{\"key\":\"question\",\"value\":\"How Long Will It Take To Get My Package?\"},{\"key\":\"answer\",\"value\":\"Swag slow-carb quinoa VHS typewriter pork belly brunch, paleo single-origin coffee Wes Anderson. Flexitarian Pitchfork forage, literally paleo fap pour-over. Wes Anderson Pinterest YOLO fanny pack meggings, deep v XOXO chambray sustainable slow-carb raw denim church-key fap chillwave Etsy. +1 typewriter kitsch, American Apparel tofu Banksy Vice.\"}],[{\"key\":\"question\",\"value\":\"What Payment Methods Are Accepted?\"},{\"key\":\"answer\",\"value\":\"Fashion axe DIY jean shorts, swag kale chips meh polaroid kogi butcher Wes Anderson chambray next level semiotics gentrify yr. Voluptate photo booth fugiat Vice. Austin sed Williamsburg, ea labore raw denim voluptate cred proident mixtape excepteur mustache. Twee chia photo booth readymade food truck, hoodie roof party swag keytar PBR DIY.\"}],[{\"key\":\"question\",\"value\":\"Is Buying On-Line Safe?\"},{\"key\":\"answer\",\"value\":\"Art party authentic freegan semiotics jean shorts chia cred. Neutra Austin roof party Brooklyn, synth Thundercats swag 8-bit photo booth. Plaid letterpress leggings craft beer meh ethical Pinterest.\"}]]]',2,'Botble\\Ecommerce\\Models\\Product','2022-09-22 01:26:00','2022-09-22 01:26:00'),(34,'layout','[\"product-full-width\"]',3,'Botble\\Ecommerce\\Models\\Product','2022-09-22 01:26:00','2022-09-22 01:26:00'),(35,'faq_schema_config','[[[{\"key\":\"question\",\"value\":\"What Shipping Methods Are Available?\"},{\"key\":\"answer\",\"value\":\"Ex Portland Pitchfork irure mustache. Eutra fap before they sold out literally. Aliquip ugh bicycle rights actually mlkshk, seitan squid craft beer tempor.\"}],[{\"key\":\"question\",\"value\":\"Do You Ship Internationally?\"},{\"key\":\"answer\",\"value\":\"Hoodie tote bag mixtape tofu. Typewriter jean shorts wolf quinoa, messenger bag organic freegan cray.\"}],[{\"key\":\"question\",\"value\":\"How Long Will It Take To Get My Package?\"},{\"key\":\"answer\",\"value\":\"Swag slow-carb quinoa VHS typewriter pork belly brunch, paleo single-origin coffee Wes Anderson. Flexitarian Pitchfork forage, literally paleo fap pour-over. Wes Anderson Pinterest YOLO fanny pack meggings, deep v XOXO chambray sustainable slow-carb raw denim church-key fap chillwave Etsy. +1 typewriter kitsch, American Apparel tofu Banksy Vice.\"}],[{\"key\":\"question\",\"value\":\"What Payment Methods Are Accepted?\"},{\"key\":\"answer\",\"value\":\"Fashion axe DIY jean shorts, swag kale chips meh polaroid kogi butcher Wes Anderson chambray next level semiotics gentrify yr. Voluptate photo booth fugiat Vice. Austin sed Williamsburg, ea labore raw denim voluptate cred proident mixtape excepteur mustache. Twee chia photo booth readymade food truck, hoodie roof party swag keytar PBR DIY.\"}],[{\"key\":\"question\",\"value\":\"Is Buying On-Line Safe?\"},{\"key\":\"answer\",\"value\":\"Art party authentic freegan semiotics jean shorts chia cred. Neutra Austin roof party Brooklyn, synth Thundercats swag 8-bit photo booth. Plaid letterpress leggings craft beer meh ethical Pinterest.\"}]]]',3,'Botble\\Ecommerce\\Models\\Product','2022-09-22 01:26:00','2022-09-22 01:26:00'),(36,'is_popular','[\"1\"]',4,'Botble\\Ecommerce\\Models\\Product','2022-09-22 01:26:00','2022-09-22 01:26:00'),(37,'faq_schema_config','[[[{\"key\":\"question\",\"value\":\"What Shipping Methods Are Available?\"},{\"key\":\"answer\",\"value\":\"Ex Portland Pitchfork irure mustache. Eutra fap before they sold out literally. Aliquip ugh bicycle rights actually mlkshk, seitan squid craft beer tempor.\"}],[{\"key\":\"question\",\"value\":\"Do You Ship Internationally?\"},{\"key\":\"answer\",\"value\":\"Hoodie tote bag mixtape tofu. Typewriter jean shorts wolf quinoa, messenger bag organic freegan cray.\"}],[{\"key\":\"question\",\"value\":\"How Long Will It Take To Get My Package?\"},{\"key\":\"answer\",\"value\":\"Swag slow-carb quinoa VHS typewriter pork belly brunch, paleo single-origin coffee Wes Anderson. Flexitarian Pitchfork forage, literally paleo fap pour-over. Wes Anderson Pinterest YOLO fanny pack meggings, deep v XOXO chambray sustainable slow-carb raw denim church-key fap chillwave Etsy. +1 typewriter kitsch, American Apparel tofu Banksy Vice.\"}],[{\"key\":\"question\",\"value\":\"What Payment Methods Are Accepted?\"},{\"key\":\"answer\",\"value\":\"Fashion axe DIY jean shorts, swag kale chips meh polaroid kogi butcher Wes Anderson chambray next level semiotics gentrify yr. Voluptate photo booth fugiat Vice. Austin sed Williamsburg, ea labore raw denim voluptate cred proident mixtape excepteur mustache. Twee chia photo booth readymade food truck, hoodie roof party swag keytar PBR DIY.\"}],[{\"key\":\"question\",\"value\":\"Is Buying On-Line Safe?\"},{\"key\":\"answer\",\"value\":\"Art party authentic freegan semiotics jean shorts chia cred. Neutra Austin roof party Brooklyn, synth Thundercats swag 8-bit photo booth. Plaid letterpress leggings craft beer meh ethical Pinterest.\"}]]]',4,'Botble\\Ecommerce\\Models\\Product','2022-09-22 01:26:00','2022-09-22 01:26:00'),(38,'faq_schema_config','[[[{\"key\":\"question\",\"value\":\"What Shipping Methods Are Available?\"},{\"key\":\"answer\",\"value\":\"Ex Portland Pitchfork irure mustache. Eutra fap before they sold out literally. Aliquip ugh bicycle rights actually mlkshk, seitan squid craft beer tempor.\"}],[{\"key\":\"question\",\"value\":\"Do You Ship Internationally?\"},{\"key\":\"answer\",\"value\":\"Hoodie tote bag mixtape tofu. Typewriter jean shorts wolf quinoa, messenger bag organic freegan cray.\"}],[{\"key\":\"question\",\"value\":\"How Long Will It Take To Get My Package?\"},{\"key\":\"answer\",\"value\":\"Swag slow-carb quinoa VHS typewriter pork belly brunch, paleo single-origin coffee Wes Anderson. Flexitarian Pitchfork forage, literally paleo fap pour-over. Wes Anderson Pinterest YOLO fanny pack meggings, deep v XOXO chambray sustainable slow-carb raw denim church-key fap chillwave Etsy. +1 typewriter kitsch, American Apparel tofu Banksy Vice.\"}],[{\"key\":\"question\",\"value\":\"What Payment Methods Are Accepted?\"},{\"key\":\"answer\",\"value\":\"Fashion axe DIY jean shorts, swag kale chips meh polaroid kogi butcher Wes Anderson chambray next level semiotics gentrify yr. Voluptate photo booth fugiat Vice. Austin sed Williamsburg, ea labore raw denim voluptate cred proident mixtape excepteur mustache. Twee chia photo booth readymade food truck, hoodie roof party swag keytar PBR DIY.\"}],[{\"key\":\"question\",\"value\":\"Is Buying On-Line Safe?\"},{\"key\":\"answer\",\"value\":\"Art party authentic freegan semiotics jean shorts chia cred. Neutra Austin roof party Brooklyn, synth Thundercats swag 8-bit photo booth. Plaid letterpress leggings craft beer meh ethical Pinterest.\"}]]]',5,'Botble\\Ecommerce\\Models\\Product','2022-09-22 01:26:00','2022-09-22 01:26:00'),(39,'is_popular','[\"1\"]',6,'Botble\\Ecommerce\\Models\\Product','2022-09-22 01:26:00','2022-09-22 01:26:00'),(40,'faq_schema_config','[[[{\"key\":\"question\",\"value\":\"What Shipping Methods Are Available?\"},{\"key\":\"answer\",\"value\":\"Ex Portland Pitchfork irure mustache. Eutra fap before they sold out literally. Aliquip ugh bicycle rights actually mlkshk, seitan squid craft beer tempor.\"}],[{\"key\":\"question\",\"value\":\"Do You Ship Internationally?\"},{\"key\":\"answer\",\"value\":\"Hoodie tote bag mixtape tofu. Typewriter jean shorts wolf quinoa, messenger bag organic freegan cray.\"}],[{\"key\":\"question\",\"value\":\"How Long Will It Take To Get My Package?\"},{\"key\":\"answer\",\"value\":\"Swag slow-carb quinoa VHS typewriter pork belly brunch, paleo single-origin coffee Wes Anderson. Flexitarian Pitchfork forage, literally paleo fap pour-over. Wes Anderson Pinterest YOLO fanny pack meggings, deep v XOXO chambray sustainable slow-carb raw denim church-key fap chillwave Etsy. +1 typewriter kitsch, American Apparel tofu Banksy Vice.\"}],[{\"key\":\"question\",\"value\":\"What Payment Methods Are Accepted?\"},{\"key\":\"answer\",\"value\":\"Fashion axe DIY jean shorts, swag kale chips meh polaroid kogi butcher Wes Anderson chambray next level semiotics gentrify yr. Voluptate photo booth fugiat Vice. Austin sed Williamsburg, ea labore raw denim voluptate cred proident mixtape excepteur mustache. Twee chia photo booth readymade food truck, hoodie roof party swag keytar PBR DIY.\"}],[{\"key\":\"question\",\"value\":\"Is Buying On-Line Safe?\"},{\"key\":\"answer\",\"value\":\"Art party authentic freegan semiotics jean shorts chia cred. Neutra Austin roof party Brooklyn, synth Thundercats swag 8-bit photo booth. Plaid letterpress leggings craft beer meh ethical Pinterest.\"}]]]',6,'Botble\\Ecommerce\\Models\\Product','2022-09-22 01:26:00','2022-09-22 01:26:00'),(41,'faq_schema_config','[[[{\"key\":\"question\",\"value\":\"What Shipping Methods Are Available?\"},{\"key\":\"answer\",\"value\":\"Ex Portland Pitchfork irure mustache. Eutra fap before they sold out literally. Aliquip ugh bicycle rights actually mlkshk, seitan squid craft beer tempor.\"}],[{\"key\":\"question\",\"value\":\"Do You Ship Internationally?\"},{\"key\":\"answer\",\"value\":\"Hoodie tote bag mixtape tofu. Typewriter jean shorts wolf quinoa, messenger bag organic freegan cray.\"}],[{\"key\":\"question\",\"value\":\"How Long Will It Take To Get My Package?\"},{\"key\":\"answer\",\"value\":\"Swag slow-carb quinoa VHS typewriter pork belly brunch, paleo single-origin coffee Wes Anderson. Flexitarian Pitchfork forage, literally paleo fap pour-over. Wes Anderson Pinterest YOLO fanny pack meggings, deep v XOXO chambray sustainable slow-carb raw denim church-key fap chillwave Etsy. +1 typewriter kitsch, American Apparel tofu Banksy Vice.\"}],[{\"key\":\"question\",\"value\":\"What Payment Methods Are Accepted?\"},{\"key\":\"answer\",\"value\":\"Fashion axe DIY jean shorts, swag kale chips meh polaroid kogi butcher Wes Anderson chambray next level semiotics gentrify yr. Voluptate photo booth fugiat Vice. Austin sed Williamsburg, ea labore raw denim voluptate cred proident mixtape excepteur mustache. Twee chia photo booth readymade food truck, hoodie roof party swag keytar PBR DIY.\"}],[{\"key\":\"question\",\"value\":\"Is Buying On-Line Safe?\"},{\"key\":\"answer\",\"value\":\"Art party authentic freegan semiotics jean shorts chia cred. Neutra Austin roof party Brooklyn, synth Thundercats swag 8-bit photo booth. Plaid letterpress leggings craft beer meh ethical Pinterest.\"}]]]',7,'Botble\\Ecommerce\\Models\\Product','2022-09-22 01:26:00','2022-09-22 01:26:00'),(42,'is_popular','[\"1\"]',8,'Botble\\Ecommerce\\Models\\Product','2022-09-22 01:26:00','2022-09-22 01:26:00'),(43,'faq_schema_config','[[[{\"key\":\"question\",\"value\":\"What Shipping Methods Are Available?\"},{\"key\":\"answer\",\"value\":\"Ex Portland Pitchfork irure mustache. Eutra fap before they sold out literally. Aliquip ugh bicycle rights actually mlkshk, seitan squid craft beer tempor.\"}],[{\"key\":\"question\",\"value\":\"Do You Ship Internationally?\"},{\"key\":\"answer\",\"value\":\"Hoodie tote bag mixtape tofu. Typewriter jean shorts wolf quinoa, messenger bag organic freegan cray.\"}],[{\"key\":\"question\",\"value\":\"How Long Will It Take To Get My Package?\"},{\"key\":\"answer\",\"value\":\"Swag slow-carb quinoa VHS typewriter pork belly brunch, paleo single-origin coffee Wes Anderson. Flexitarian Pitchfork forage, literally paleo fap pour-over. Wes Anderson Pinterest YOLO fanny pack meggings, deep v XOXO chambray sustainable slow-carb raw denim church-key fap chillwave Etsy. +1 typewriter kitsch, American Apparel tofu Banksy Vice.\"}],[{\"key\":\"question\",\"value\":\"What Payment Methods Are Accepted?\"},{\"key\":\"answer\",\"value\":\"Fashion axe DIY jean shorts, swag kale chips meh polaroid kogi butcher Wes Anderson chambray next level semiotics gentrify yr. Voluptate photo booth fugiat Vice. Austin sed Williamsburg, ea labore raw denim voluptate cred proident mixtape excepteur mustache. Twee chia photo booth readymade food truck, hoodie roof party swag keytar PBR DIY.\"}],[{\"key\":\"question\",\"value\":\"Is Buying On-Line Safe?\"},{\"key\":\"answer\",\"value\":\"Art party authentic freegan semiotics jean shorts chia cred. Neutra Austin roof party Brooklyn, synth Thundercats swag 8-bit photo booth. Plaid letterpress leggings craft beer meh ethical Pinterest.\"}]]]',8,'Botble\\Ecommerce\\Models\\Product','2022-09-22 01:26:00','2022-09-22 01:26:00'),(44,'faq_schema_config','[[[{\"key\":\"question\",\"value\":\"What Shipping Methods Are Available?\"},{\"key\":\"answer\",\"value\":\"Ex Portland Pitchfork irure mustache. Eutra fap before they sold out literally. Aliquip ugh bicycle rights actually mlkshk, seitan squid craft beer tempor.\"}],[{\"key\":\"question\",\"value\":\"Do You Ship Internationally?\"},{\"key\":\"answer\",\"value\":\"Hoodie tote bag mixtape tofu. Typewriter jean shorts wolf quinoa, messenger bag organic freegan cray.\"}],[{\"key\":\"question\",\"value\":\"How Long Will It Take To Get My Package?\"},{\"key\":\"answer\",\"value\":\"Swag slow-carb quinoa VHS typewriter pork belly brunch, paleo single-origin coffee Wes Anderson. Flexitarian Pitchfork forage, literally paleo fap pour-over. Wes Anderson Pinterest YOLO fanny pack meggings, deep v XOXO chambray sustainable slow-carb raw denim church-key fap chillwave Etsy. +1 typewriter kitsch, American Apparel tofu Banksy Vice.\"}],[{\"key\":\"question\",\"value\":\"What Payment Methods Are Accepted?\"},{\"key\":\"answer\",\"value\":\"Fashion axe DIY jean shorts, swag kale chips meh polaroid kogi butcher Wes Anderson chambray next level semiotics gentrify yr. Voluptate photo booth fugiat Vice. Austin sed Williamsburg, ea labore raw denim voluptate cred proident mixtape excepteur mustache. Twee chia photo booth readymade food truck, hoodie roof party swag keytar PBR DIY.\"}],[{\"key\":\"question\",\"value\":\"Is Buying On-Line Safe?\"},{\"key\":\"answer\",\"value\":\"Art party authentic freegan semiotics jean shorts chia cred. Neutra Austin roof party Brooklyn, synth Thundercats swag 8-bit photo booth. Plaid letterpress leggings craft beer meh ethical Pinterest.\"}]]]',9,'Botble\\Ecommerce\\Models\\Product','2022-09-22 01:26:00','2022-09-22 01:26:00'),(45,'is_popular','[\"1\"]',10,'Botble\\Ecommerce\\Models\\Product','2022-09-22 01:26:00','2022-09-22 01:26:00'),(46,'faq_schema_config','[[[{\"key\":\"question\",\"value\":\"What Shipping Methods Are Available?\"},{\"key\":\"answer\",\"value\":\"Ex Portland Pitchfork irure mustache. Eutra fap before they sold out literally. Aliquip ugh bicycle rights actually mlkshk, seitan squid craft beer tempor.\"}],[{\"key\":\"question\",\"value\":\"Do You Ship Internationally?\"},{\"key\":\"answer\",\"value\":\"Hoodie tote bag mixtape tofu. Typewriter jean shorts wolf quinoa, messenger bag organic freegan cray.\"}],[{\"key\":\"question\",\"value\":\"How Long Will It Take To Get My Package?\"},{\"key\":\"answer\",\"value\":\"Swag slow-carb quinoa VHS typewriter pork belly brunch, paleo single-origin coffee Wes Anderson. Flexitarian Pitchfork forage, literally paleo fap pour-over. Wes Anderson Pinterest YOLO fanny pack meggings, deep v XOXO chambray sustainable slow-carb raw denim church-key fap chillwave Etsy. +1 typewriter kitsch, American Apparel tofu Banksy Vice.\"}],[{\"key\":\"question\",\"value\":\"What Payment Methods Are Accepted?\"},{\"key\":\"answer\",\"value\":\"Fashion axe DIY jean shorts, swag kale chips meh polaroid kogi butcher Wes Anderson chambray next level semiotics gentrify yr. Voluptate photo booth fugiat Vice. Austin sed Williamsburg, ea labore raw denim voluptate cred proident mixtape excepteur mustache. Twee chia photo booth readymade food truck, hoodie roof party swag keytar PBR DIY.\"}],[{\"key\":\"question\",\"value\":\"Is Buying On-Line Safe?\"},{\"key\":\"answer\",\"value\":\"Art party authentic freegan semiotics jean shorts chia cred. Neutra Austin roof party Brooklyn, synth Thundercats swag 8-bit photo booth. Plaid letterpress leggings craft beer meh ethical Pinterest.\"}]]]',10,'Botble\\Ecommerce\\Models\\Product','2022-09-22 01:26:00','2022-09-22 01:26:00'),(47,'faq_schema_config','[[[{\"key\":\"question\",\"value\":\"What Shipping Methods Are Available?\"},{\"key\":\"answer\",\"value\":\"Ex Portland Pitchfork irure mustache. Eutra fap before they sold out literally. Aliquip ugh bicycle rights actually mlkshk, seitan squid craft beer tempor.\"}],[{\"key\":\"question\",\"value\":\"Do You Ship Internationally?\"},{\"key\":\"answer\",\"value\":\"Hoodie tote bag mixtape tofu. Typewriter jean shorts wolf quinoa, messenger bag organic freegan cray.\"}],[{\"key\":\"question\",\"value\":\"How Long Will It Take To Get My Package?\"},{\"key\":\"answer\",\"value\":\"Swag slow-carb quinoa VHS typewriter pork belly brunch, paleo single-origin coffee Wes Anderson. Flexitarian Pitchfork forage, literally paleo fap pour-over. Wes Anderson Pinterest YOLO fanny pack meggings, deep v XOXO chambray sustainable slow-carb raw denim church-key fap chillwave Etsy. +1 typewriter kitsch, American Apparel tofu Banksy Vice.\"}],[{\"key\":\"question\",\"value\":\"What Payment Methods Are Accepted?\"},{\"key\":\"answer\",\"value\":\"Fashion axe DIY jean shorts, swag kale chips meh polaroid kogi butcher Wes Anderson chambray next level semiotics gentrify yr. Voluptate photo booth fugiat Vice. Austin sed Williamsburg, ea labore raw denim voluptate cred proident mixtape excepteur mustache. Twee chia photo booth readymade food truck, hoodie roof party swag keytar PBR DIY.\"}],[{\"key\":\"question\",\"value\":\"Is Buying On-Line Safe?\"},{\"key\":\"answer\",\"value\":\"Art party authentic freegan semiotics jean shorts chia cred. Neutra Austin roof party Brooklyn, synth Thundercats swag 8-bit photo booth. Plaid letterpress leggings craft beer meh ethical Pinterest.\"}]]]',11,'Botble\\Ecommerce\\Models\\Product','2022-09-22 01:26:00','2022-09-22 01:26:00'),(48,'is_popular','[\"1\"]',12,'Botble\\Ecommerce\\Models\\Product','2022-09-22 01:26:01','2022-09-22 01:26:01'),(49,'faq_schema_config','[[[{\"key\":\"question\",\"value\":\"What Shipping Methods Are Available?\"},{\"key\":\"answer\",\"value\":\"Ex Portland Pitchfork irure mustache. Eutra fap before they sold out literally. Aliquip ugh bicycle rights actually mlkshk, seitan squid craft beer tempor.\"}],[{\"key\":\"question\",\"value\":\"Do You Ship Internationally?\"},{\"key\":\"answer\",\"value\":\"Hoodie tote bag mixtape tofu. Typewriter jean shorts wolf quinoa, messenger bag organic freegan cray.\"}],[{\"key\":\"question\",\"value\":\"How Long Will It Take To Get My Package?\"},{\"key\":\"answer\",\"value\":\"Swag slow-carb quinoa VHS typewriter pork belly brunch, paleo single-origin coffee Wes Anderson. Flexitarian Pitchfork forage, literally paleo fap pour-over. Wes Anderson Pinterest YOLO fanny pack meggings, deep v XOXO chambray sustainable slow-carb raw denim church-key fap chillwave Etsy. +1 typewriter kitsch, American Apparel tofu Banksy Vice.\"}],[{\"key\":\"question\",\"value\":\"What Payment Methods Are Accepted?\"},{\"key\":\"answer\",\"value\":\"Fashion axe DIY jean shorts, swag kale chips meh polaroid kogi butcher Wes Anderson chambray next level semiotics gentrify yr. Voluptate photo booth fugiat Vice. Austin sed Williamsburg, ea labore raw denim voluptate cred proident mixtape excepteur mustache. Twee chia photo booth readymade food truck, hoodie roof party swag keytar PBR DIY.\"}],[{\"key\":\"question\",\"value\":\"Is Buying On-Line Safe?\"},{\"key\":\"answer\",\"value\":\"Art party authentic freegan semiotics jean shorts chia cred. Neutra Austin roof party Brooklyn, synth Thundercats swag 8-bit photo booth. Plaid letterpress leggings craft beer meh ethical Pinterest.\"}]]]',12,'Botble\\Ecommerce\\Models\\Product','2022-09-22 01:26:01','2022-09-22 01:26:01'),(50,'faq_schema_config','[[[{\"key\":\"question\",\"value\":\"What Shipping Methods Are Available?\"},{\"key\":\"answer\",\"value\":\"Ex Portland Pitchfork irure mustache. Eutra fap before they sold out literally. Aliquip ugh bicycle rights actually mlkshk, seitan squid craft beer tempor.\"}],[{\"key\":\"question\",\"value\":\"Do You Ship Internationally?\"},{\"key\":\"answer\",\"value\":\"Hoodie tote bag mixtape tofu. Typewriter jean shorts wolf quinoa, messenger bag organic freegan cray.\"}],[{\"key\":\"question\",\"value\":\"How Long Will It Take To Get My Package?\"},{\"key\":\"answer\",\"value\":\"Swag slow-carb quinoa VHS typewriter pork belly brunch, paleo single-origin coffee Wes Anderson. Flexitarian Pitchfork forage, literally paleo fap pour-over. Wes Anderson Pinterest YOLO fanny pack meggings, deep v XOXO chambray sustainable slow-carb raw denim church-key fap chillwave Etsy. +1 typewriter kitsch, American Apparel tofu Banksy Vice.\"}],[{\"key\":\"question\",\"value\":\"What Payment Methods Are Accepted?\"},{\"key\":\"answer\",\"value\":\"Fashion axe DIY jean shorts, swag kale chips meh polaroid kogi butcher Wes Anderson chambray next level semiotics gentrify yr. Voluptate photo booth fugiat Vice. Austin sed Williamsburg, ea labore raw denim voluptate cred proident mixtape excepteur mustache. Twee chia photo booth readymade food truck, hoodie roof party swag keytar PBR DIY.\"}],[{\"key\":\"question\",\"value\":\"Is Buying On-Line Safe?\"},{\"key\":\"answer\",\"value\":\"Art party authentic freegan semiotics jean shorts chia cred. Neutra Austin roof party Brooklyn, synth Thundercats swag 8-bit photo booth. Plaid letterpress leggings craft beer meh ethical Pinterest.\"}]]]',13,'Botble\\Ecommerce\\Models\\Product','2022-09-22 01:26:01','2022-09-22 01:26:01'),(51,'is_popular','[\"1\"]',14,'Botble\\Ecommerce\\Models\\Product','2022-09-22 01:26:01','2022-09-22 01:26:01'),(52,'faq_schema_config','[[[{\"key\":\"question\",\"value\":\"What Shipping Methods Are Available?\"},{\"key\":\"answer\",\"value\":\"Ex Portland Pitchfork irure mustache. Eutra fap before they sold out literally. Aliquip ugh bicycle rights actually mlkshk, seitan squid craft beer tempor.\"}],[{\"key\":\"question\",\"value\":\"Do You Ship Internationally?\"},{\"key\":\"answer\",\"value\":\"Hoodie tote bag mixtape tofu. Typewriter jean shorts wolf quinoa, messenger bag organic freegan cray.\"}],[{\"key\":\"question\",\"value\":\"How Long Will It Take To Get My Package?\"},{\"key\":\"answer\",\"value\":\"Swag slow-carb quinoa VHS typewriter pork belly brunch, paleo single-origin coffee Wes Anderson. Flexitarian Pitchfork forage, literally paleo fap pour-over. Wes Anderson Pinterest YOLO fanny pack meggings, deep v XOXO chambray sustainable slow-carb raw denim church-key fap chillwave Etsy. +1 typewriter kitsch, American Apparel tofu Banksy Vice.\"}],[{\"key\":\"question\",\"value\":\"What Payment Methods Are Accepted?\"},{\"key\":\"answer\",\"value\":\"Fashion axe DIY jean shorts, swag kale chips meh polaroid kogi butcher Wes Anderson chambray next level semiotics gentrify yr. Voluptate photo booth fugiat Vice. Austin sed Williamsburg, ea labore raw denim voluptate cred proident mixtape excepteur mustache. Twee chia photo booth readymade food truck, hoodie roof party swag keytar PBR DIY.\"}],[{\"key\":\"question\",\"value\":\"Is Buying On-Line Safe?\"},{\"key\":\"answer\",\"value\":\"Art party authentic freegan semiotics jean shorts chia cred. Neutra Austin roof party Brooklyn, synth Thundercats swag 8-bit photo booth. Plaid letterpress leggings craft beer meh ethical Pinterest.\"}]]]',14,'Botble\\Ecommerce\\Models\\Product','2022-09-22 01:26:01','2022-09-22 01:26:01'),(53,'faq_schema_config','[[[{\"key\":\"question\",\"value\":\"What Shipping Methods Are Available?\"},{\"key\":\"answer\",\"value\":\"Ex Portland Pitchfork irure mustache. Eutra fap before they sold out literally. Aliquip ugh bicycle rights actually mlkshk, seitan squid craft beer tempor.\"}],[{\"key\":\"question\",\"value\":\"Do You Ship Internationally?\"},{\"key\":\"answer\",\"value\":\"Hoodie tote bag mixtape tofu. Typewriter jean shorts wolf quinoa, messenger bag organic freegan cray.\"}],[{\"key\":\"question\",\"value\":\"How Long Will It Take To Get My Package?\"},{\"key\":\"answer\",\"value\":\"Swag slow-carb quinoa VHS typewriter pork belly brunch, paleo single-origin coffee Wes Anderson. Flexitarian Pitchfork forage, literally paleo fap pour-over. Wes Anderson Pinterest YOLO fanny pack meggings, deep v XOXO chambray sustainable slow-carb raw denim church-key fap chillwave Etsy. +1 typewriter kitsch, American Apparel tofu Banksy Vice.\"}],[{\"key\":\"question\",\"value\":\"What Payment Methods Are Accepted?\"},{\"key\":\"answer\",\"value\":\"Fashion axe DIY jean shorts, swag kale chips meh polaroid kogi butcher Wes Anderson chambray next level semiotics gentrify yr. Voluptate photo booth fugiat Vice. Austin sed Williamsburg, ea labore raw denim voluptate cred proident mixtape excepteur mustache. Twee chia photo booth readymade food truck, hoodie roof party swag keytar PBR DIY.\"}],[{\"key\":\"question\",\"value\":\"Is Buying On-Line Safe?\"},{\"key\":\"answer\",\"value\":\"Art party authentic freegan semiotics jean shorts chia cred. Neutra Austin roof party Brooklyn, synth Thundercats swag 8-bit photo booth. Plaid letterpress leggings craft beer meh ethical Pinterest.\"}]]]',15,'Botble\\Ecommerce\\Models\\Product','2022-09-22 01:26:01','2022-09-22 01:26:01'),(54,'is_popular','[\"1\"]',16,'Botble\\Ecommerce\\Models\\Product','2022-09-22 01:26:01','2022-09-22 01:26:01'),(55,'faq_schema_config','[[[{\"key\":\"question\",\"value\":\"What Shipping Methods Are Available?\"},{\"key\":\"answer\",\"value\":\"Ex Portland Pitchfork irure mustache. Eutra fap before they sold out literally. Aliquip ugh bicycle rights actually mlkshk, seitan squid craft beer tempor.\"}],[{\"key\":\"question\",\"value\":\"Do You Ship Internationally?\"},{\"key\":\"answer\",\"value\":\"Hoodie tote bag mixtape tofu. Typewriter jean shorts wolf quinoa, messenger bag organic freegan cray.\"}],[{\"key\":\"question\",\"value\":\"How Long Will It Take To Get My Package?\"},{\"key\":\"answer\",\"value\":\"Swag slow-carb quinoa VHS typewriter pork belly brunch, paleo single-origin coffee Wes Anderson. Flexitarian Pitchfork forage, literally paleo fap pour-over. Wes Anderson Pinterest YOLO fanny pack meggings, deep v XOXO chambray sustainable slow-carb raw denim church-key fap chillwave Etsy. +1 typewriter kitsch, American Apparel tofu Banksy Vice.\"}],[{\"key\":\"question\",\"value\":\"What Payment Methods Are Accepted?\"},{\"key\":\"answer\",\"value\":\"Fashion axe DIY jean shorts, swag kale chips meh polaroid kogi butcher Wes Anderson chambray next level semiotics gentrify yr. Voluptate photo booth fugiat Vice. Austin sed Williamsburg, ea labore raw denim voluptate cred proident mixtape excepteur mustache. Twee chia photo booth readymade food truck, hoodie roof party swag keytar PBR DIY.\"}],[{\"key\":\"question\",\"value\":\"Is Buying On-Line Safe?\"},{\"key\":\"answer\",\"value\":\"Art party authentic freegan semiotics jean shorts chia cred. Neutra Austin roof party Brooklyn, synth Thundercats swag 8-bit photo booth. Plaid letterpress leggings craft beer meh ethical Pinterest.\"}]]]',16,'Botble\\Ecommerce\\Models\\Product','2022-09-22 01:26:01','2022-09-22 01:26:01'),(56,'faq_schema_config','[[[{\"key\":\"question\",\"value\":\"What Shipping Methods Are Available?\"},{\"key\":\"answer\",\"value\":\"Ex Portland Pitchfork irure mustache. Eutra fap before they sold out literally. Aliquip ugh bicycle rights actually mlkshk, seitan squid craft beer tempor.\"}],[{\"key\":\"question\",\"value\":\"Do You Ship Internationally?\"},{\"key\":\"answer\",\"value\":\"Hoodie tote bag mixtape tofu. Typewriter jean shorts wolf quinoa, messenger bag organic freegan cray.\"}],[{\"key\":\"question\",\"value\":\"How Long Will It Take To Get My Package?\"},{\"key\":\"answer\",\"value\":\"Swag slow-carb quinoa VHS typewriter pork belly brunch, paleo single-origin coffee Wes Anderson. Flexitarian Pitchfork forage, literally paleo fap pour-over. Wes Anderson Pinterest YOLO fanny pack meggings, deep v XOXO chambray sustainable slow-carb raw denim church-key fap chillwave Etsy. +1 typewriter kitsch, American Apparel tofu Banksy Vice.\"}],[{\"key\":\"question\",\"value\":\"What Payment Methods Are Accepted?\"},{\"key\":\"answer\",\"value\":\"Fashion axe DIY jean shorts, swag kale chips meh polaroid kogi butcher Wes Anderson chambray next level semiotics gentrify yr. Voluptate photo booth fugiat Vice. Austin sed Williamsburg, ea labore raw denim voluptate cred proident mixtape excepteur mustache. Twee chia photo booth readymade food truck, hoodie roof party swag keytar PBR DIY.\"}],[{\"key\":\"question\",\"value\":\"Is Buying On-Line Safe?\"},{\"key\":\"answer\",\"value\":\"Art party authentic freegan semiotics jean shorts chia cred. Neutra Austin roof party Brooklyn, synth Thundercats swag 8-bit photo booth. Plaid letterpress leggings craft beer meh ethical Pinterest.\"}]]]',17,'Botble\\Ecommerce\\Models\\Product','2022-09-22 01:26:01','2022-09-22 01:26:01'),(57,'is_popular','[\"1\"]',18,'Botble\\Ecommerce\\Models\\Product','2022-09-22 01:26:01','2022-09-22 01:26:01'),(58,'faq_schema_config','[[[{\"key\":\"question\",\"value\":\"What Shipping Methods Are Available?\"},{\"key\":\"answer\",\"value\":\"Ex Portland Pitchfork irure mustache. Eutra fap before they sold out literally. Aliquip ugh bicycle rights actually mlkshk, seitan squid craft beer tempor.\"}],[{\"key\":\"question\",\"value\":\"Do You Ship Internationally?\"},{\"key\":\"answer\",\"value\":\"Hoodie tote bag mixtape tofu. Typewriter jean shorts wolf quinoa, messenger bag organic freegan cray.\"}],[{\"key\":\"question\",\"value\":\"How Long Will It Take To Get My Package?\"},{\"key\":\"answer\",\"value\":\"Swag slow-carb quinoa VHS typewriter pork belly brunch, paleo single-origin coffee Wes Anderson. Flexitarian Pitchfork forage, literally paleo fap pour-over. Wes Anderson Pinterest YOLO fanny pack meggings, deep v XOXO chambray sustainable slow-carb raw denim church-key fap chillwave Etsy. +1 typewriter kitsch, American Apparel tofu Banksy Vice.\"}],[{\"key\":\"question\",\"value\":\"What Payment Methods Are Accepted?\"},{\"key\":\"answer\",\"value\":\"Fashion axe DIY jean shorts, swag kale chips meh polaroid kogi butcher Wes Anderson chambray next level semiotics gentrify yr. Voluptate photo booth fugiat Vice. Austin sed Williamsburg, ea labore raw denim voluptate cred proident mixtape excepteur mustache. Twee chia photo booth readymade food truck, hoodie roof party swag keytar PBR DIY.\"}],[{\"key\":\"question\",\"value\":\"Is Buying On-Line Safe?\"},{\"key\":\"answer\",\"value\":\"Art party authentic freegan semiotics jean shorts chia cred. Neutra Austin roof party Brooklyn, synth Thundercats swag 8-bit photo booth. Plaid letterpress leggings craft beer meh ethical Pinterest.\"}]]]',18,'Botble\\Ecommerce\\Models\\Product','2022-09-22 01:26:01','2022-09-22 01:26:01'),(59,'faq_schema_config','[[[{\"key\":\"question\",\"value\":\"What Shipping Methods Are Available?\"},{\"key\":\"answer\",\"value\":\"Ex Portland Pitchfork irure mustache. Eutra fap before they sold out literally. Aliquip ugh bicycle rights actually mlkshk, seitan squid craft beer tempor.\"}],[{\"key\":\"question\",\"value\":\"Do You Ship Internationally?\"},{\"key\":\"answer\",\"value\":\"Hoodie tote bag mixtape tofu. Typewriter jean shorts wolf quinoa, messenger bag organic freegan cray.\"}],[{\"key\":\"question\",\"value\":\"How Long Will It Take To Get My Package?\"},{\"key\":\"answer\",\"value\":\"Swag slow-carb quinoa VHS typewriter pork belly brunch, paleo single-origin coffee Wes Anderson. Flexitarian Pitchfork forage, literally paleo fap pour-over. Wes Anderson Pinterest YOLO fanny pack meggings, deep v XOXO chambray sustainable slow-carb raw denim church-key fap chillwave Etsy. +1 typewriter kitsch, American Apparel tofu Banksy Vice.\"}],[{\"key\":\"question\",\"value\":\"What Payment Methods Are Accepted?\"},{\"key\":\"answer\",\"value\":\"Fashion axe DIY jean shorts, swag kale chips meh polaroid kogi butcher Wes Anderson chambray next level semiotics gentrify yr. Voluptate photo booth fugiat Vice. Austin sed Williamsburg, ea labore raw denim voluptate cred proident mixtape excepteur mustache. Twee chia photo booth readymade food truck, hoodie roof party swag keytar PBR DIY.\"}],[{\"key\":\"question\",\"value\":\"Is Buying On-Line Safe?\"},{\"key\":\"answer\",\"value\":\"Art party authentic freegan semiotics jean shorts chia cred. Neutra Austin roof party Brooklyn, synth Thundercats swag 8-bit photo booth. Plaid letterpress leggings craft beer meh ethical Pinterest.\"}]]]',19,'Botble\\Ecommerce\\Models\\Product','2022-09-22 01:26:01','2022-09-22 01:26:01'),(60,'is_popular','[\"1\"]',20,'Botble\\Ecommerce\\Models\\Product','2022-09-22 01:26:01','2022-09-22 01:26:01'),(61,'faq_schema_config','[[[{\"key\":\"question\",\"value\":\"What Shipping Methods Are Available?\"},{\"key\":\"answer\",\"value\":\"Ex Portland Pitchfork irure mustache. Eutra fap before they sold out literally. Aliquip ugh bicycle rights actually mlkshk, seitan squid craft beer tempor.\"}],[{\"key\":\"question\",\"value\":\"Do You Ship Internationally?\"},{\"key\":\"answer\",\"value\":\"Hoodie tote bag mixtape tofu. Typewriter jean shorts wolf quinoa, messenger bag organic freegan cray.\"}],[{\"key\":\"question\",\"value\":\"How Long Will It Take To Get My Package?\"},{\"key\":\"answer\",\"value\":\"Swag slow-carb quinoa VHS typewriter pork belly brunch, paleo single-origin coffee Wes Anderson. Flexitarian Pitchfork forage, literally paleo fap pour-over. Wes Anderson Pinterest YOLO fanny pack meggings, deep v XOXO chambray sustainable slow-carb raw denim church-key fap chillwave Etsy. +1 typewriter kitsch, American Apparel tofu Banksy Vice.\"}],[{\"key\":\"question\",\"value\":\"What Payment Methods Are Accepted?\"},{\"key\":\"answer\",\"value\":\"Fashion axe DIY jean shorts, swag kale chips meh polaroid kogi butcher Wes Anderson chambray next level semiotics gentrify yr. Voluptate photo booth fugiat Vice. Austin sed Williamsburg, ea labore raw denim voluptate cred proident mixtape excepteur mustache. Twee chia photo booth readymade food truck, hoodie roof party swag keytar PBR DIY.\"}],[{\"key\":\"question\",\"value\":\"Is Buying On-Line Safe?\"},{\"key\":\"answer\",\"value\":\"Art party authentic freegan semiotics jean shorts chia cred. Neutra Austin roof party Brooklyn, synth Thundercats swag 8-bit photo booth. Plaid letterpress leggings craft beer meh ethical Pinterest.\"}]]]',20,'Botble\\Ecommerce\\Models\\Product','2022-09-22 01:26:01','2022-09-22 01:26:01'),(62,'faq_schema_config','[[[{\"key\":\"question\",\"value\":\"What Shipping Methods Are Available?\"},{\"key\":\"answer\",\"value\":\"Ex Portland Pitchfork irure mustache. Eutra fap before they sold out literally. Aliquip ugh bicycle rights actually mlkshk, seitan squid craft beer tempor.\"}],[{\"key\":\"question\",\"value\":\"Do You Ship Internationally?\"},{\"key\":\"answer\",\"value\":\"Hoodie tote bag mixtape tofu. Typewriter jean shorts wolf quinoa, messenger bag organic freegan cray.\"}],[{\"key\":\"question\",\"value\":\"How Long Will It Take To Get My Package?\"},{\"key\":\"answer\",\"value\":\"Swag slow-carb quinoa VHS typewriter pork belly brunch, paleo single-origin coffee Wes Anderson. Flexitarian Pitchfork forage, literally paleo fap pour-over. Wes Anderson Pinterest YOLO fanny pack meggings, deep v XOXO chambray sustainable slow-carb raw denim church-key fap chillwave Etsy. +1 typewriter kitsch, American Apparel tofu Banksy Vice.\"}],[{\"key\":\"question\",\"value\":\"What Payment Methods Are Accepted?\"},{\"key\":\"answer\",\"value\":\"Fashion axe DIY jean shorts, swag kale chips meh polaroid kogi butcher Wes Anderson chambray next level semiotics gentrify yr. Voluptate photo booth fugiat Vice. Austin sed Williamsburg, ea labore raw denim voluptate cred proident mixtape excepteur mustache. Twee chia photo booth readymade food truck, hoodie roof party swag keytar PBR DIY.\"}],[{\"key\":\"question\",\"value\":\"Is Buying On-Line Safe?\"},{\"key\":\"answer\",\"value\":\"Art party authentic freegan semiotics jean shorts chia cred. Neutra Austin roof party Brooklyn, synth Thundercats swag 8-bit photo booth. Plaid letterpress leggings craft beer meh ethical Pinterest.\"}]]]',21,'Botble\\Ecommerce\\Models\\Product','2022-09-22 01:26:01','2022-09-22 01:26:01'),(63,'is_popular','[\"1\"]',22,'Botble\\Ecommerce\\Models\\Product','2022-09-22 01:26:01','2022-09-22 01:26:01'),(64,'faq_schema_config','[[[{\"key\":\"question\",\"value\":\"What Shipping Methods Are Available?\"},{\"key\":\"answer\",\"value\":\"Ex Portland Pitchfork irure mustache. Eutra fap before they sold out literally. Aliquip ugh bicycle rights actually mlkshk, seitan squid craft beer tempor.\"}],[{\"key\":\"question\",\"value\":\"Do You Ship Internationally?\"},{\"key\":\"answer\",\"value\":\"Hoodie tote bag mixtape tofu. Typewriter jean shorts wolf quinoa, messenger bag organic freegan cray.\"}],[{\"key\":\"question\",\"value\":\"How Long Will It Take To Get My Package?\"},{\"key\":\"answer\",\"value\":\"Swag slow-carb quinoa VHS typewriter pork belly brunch, paleo single-origin coffee Wes Anderson. Flexitarian Pitchfork forage, literally paleo fap pour-over. Wes Anderson Pinterest YOLO fanny pack meggings, deep v XOXO chambray sustainable slow-carb raw denim church-key fap chillwave Etsy. +1 typewriter kitsch, American Apparel tofu Banksy Vice.\"}],[{\"key\":\"question\",\"value\":\"What Payment Methods Are Accepted?\"},{\"key\":\"answer\",\"value\":\"Fashion axe DIY jean shorts, swag kale chips meh polaroid kogi butcher Wes Anderson chambray next level semiotics gentrify yr. Voluptate photo booth fugiat Vice. Austin sed Williamsburg, ea labore raw denim voluptate cred proident mixtape excepteur mustache. Twee chia photo booth readymade food truck, hoodie roof party swag keytar PBR DIY.\"}],[{\"key\":\"question\",\"value\":\"Is Buying On-Line Safe?\"},{\"key\":\"answer\",\"value\":\"Art party authentic freegan semiotics jean shorts chia cred. Neutra Austin roof party Brooklyn, synth Thundercats swag 8-bit photo booth. Plaid letterpress leggings craft beer meh ethical Pinterest.\"}]]]',22,'Botble\\Ecommerce\\Models\\Product','2022-09-22 01:26:01','2022-09-22 01:26:01'),(65,'faq_schema_config','[[[{\"key\":\"question\",\"value\":\"What Shipping Methods Are Available?\"},{\"key\":\"answer\",\"value\":\"Ex Portland Pitchfork irure mustache. Eutra fap before they sold out literally. Aliquip ugh bicycle rights actually mlkshk, seitan squid craft beer tempor.\"}],[{\"key\":\"question\",\"value\":\"Do You Ship Internationally?\"},{\"key\":\"answer\",\"value\":\"Hoodie tote bag mixtape tofu. Typewriter jean shorts wolf quinoa, messenger bag organic freegan cray.\"}],[{\"key\":\"question\",\"value\":\"How Long Will It Take To Get My Package?\"},{\"key\":\"answer\",\"value\":\"Swag slow-carb quinoa VHS typewriter pork belly brunch, paleo single-origin coffee Wes Anderson. Flexitarian Pitchfork forage, literally paleo fap pour-over. Wes Anderson Pinterest YOLO fanny pack meggings, deep v XOXO chambray sustainable slow-carb raw denim church-key fap chillwave Etsy. +1 typewriter kitsch, American Apparel tofu Banksy Vice.\"}],[{\"key\":\"question\",\"value\":\"What Payment Methods Are Accepted?\"},{\"key\":\"answer\",\"value\":\"Fashion axe DIY jean shorts, swag kale chips meh polaroid kogi butcher Wes Anderson chambray next level semiotics gentrify yr. Voluptate photo booth fugiat Vice. Austin sed Williamsburg, ea labore raw denim voluptate cred proident mixtape excepteur mustache. Twee chia photo booth readymade food truck, hoodie roof party swag keytar PBR DIY.\"}],[{\"key\":\"question\",\"value\":\"Is Buying On-Line Safe?\"},{\"key\":\"answer\",\"value\":\"Art party authentic freegan semiotics jean shorts chia cred. Neutra Austin roof party Brooklyn, synth Thundercats swag 8-bit photo booth. Plaid letterpress leggings craft beer meh ethical Pinterest.\"}]]]',23,'Botble\\Ecommerce\\Models\\Product','2022-09-22 01:26:02','2022-09-22 01:26:02'),(66,'is_popular','[\"1\"]',24,'Botble\\Ecommerce\\Models\\Product','2022-09-22 01:26:02','2022-09-22 01:26:02'),(67,'faq_schema_config','[[[{\"key\":\"question\",\"value\":\"What Shipping Methods Are Available?\"},{\"key\":\"answer\",\"value\":\"Ex Portland Pitchfork irure mustache. Eutra fap before they sold out literally. Aliquip ugh bicycle rights actually mlkshk, seitan squid craft beer tempor.\"}],[{\"key\":\"question\",\"value\":\"Do You Ship Internationally?\"},{\"key\":\"answer\",\"value\":\"Hoodie tote bag mixtape tofu. Typewriter jean shorts wolf quinoa, messenger bag organic freegan cray.\"}],[{\"key\":\"question\",\"value\":\"How Long Will It Take To Get My Package?\"},{\"key\":\"answer\",\"value\":\"Swag slow-carb quinoa VHS typewriter pork belly brunch, paleo single-origin coffee Wes Anderson. Flexitarian Pitchfork forage, literally paleo fap pour-over. Wes Anderson Pinterest YOLO fanny pack meggings, deep v XOXO chambray sustainable slow-carb raw denim church-key fap chillwave Etsy. +1 typewriter kitsch, American Apparel tofu Banksy Vice.\"}],[{\"key\":\"question\",\"value\":\"What Payment Methods Are Accepted?\"},{\"key\":\"answer\",\"value\":\"Fashion axe DIY jean shorts, swag kale chips meh polaroid kogi butcher Wes Anderson chambray next level semiotics gentrify yr. Voluptate photo booth fugiat Vice. Austin sed Williamsburg, ea labore raw denim voluptate cred proident mixtape excepteur mustache. Twee chia photo booth readymade food truck, hoodie roof party swag keytar PBR DIY.\"}],[{\"key\":\"question\",\"value\":\"Is Buying On-Line Safe?\"},{\"key\":\"answer\",\"value\":\"Art party authentic freegan semiotics jean shorts chia cred. Neutra Austin roof party Brooklyn, synth Thundercats swag 8-bit photo booth. Plaid letterpress leggings craft beer meh ethical Pinterest.\"}]]]',24,'Botble\\Ecommerce\\Models\\Product','2022-09-22 01:26:02','2022-09-22 01:26:02'),(68,'image','[\"flash-sales\\/1.png\"]',1,'Botble\\Ecommerce\\Models\\FlashSale','2022-09-22 01:26:17','2022-09-22 01:26:17'),(69,'image','[\"flash-sales\\/2.png\"]',2,'Botble\\Ecommerce\\Models\\FlashSale','2022-09-22 01:26:18','2022-09-22 01:26:18'),(70,'image','[\"flash-sales\\/3.png\"]',3,'Botble\\Ecommerce\\Models\\FlashSale','2022-09-22 01:26:18','2022-09-22 01:26:18'),(71,'image','[\"flash-sales\\/4.png\"]',4,'Botble\\Ecommerce\\Models\\FlashSale','2022-09-22 01:26:18','2022-09-22 01:26:18'),(72,'image','[\"flash-sales\\/5.png\"]',5,'Botble\\Ecommerce\\Models\\FlashSale','2022-09-22 01:26:18','2022-09-22 01:26:18'),(73,'vi_image','[\"flash-sales\\/1.png\"]',1,'Botble\\Ecommerce\\Models\\FlashSale','2022-09-22 01:26:18','2022-09-22 01:26:18'),(74,'vi_image','[\"flash-sales\\/2.png\"]',2,'Botble\\Ecommerce\\Models\\FlashSale','2022-09-22 01:26:18','2022-09-22 01:26:18'),(75,'vi_image','[\"flash-sales\\/3.png\"]',3,'Botble\\Ecommerce\\Models\\FlashSale','2022-09-22 01:26:18','2022-09-22 01:26:18'),(76,'vi_image','[\"flash-sales\\/4.png\"]',4,'Botble\\Ecommerce\\Models\\FlashSale','2022-09-22 01:26:18','2022-09-22 01:26:18'),(77,'vi_image','[\"flash-sales\\/5.png\"]',5,'Botble\\Ecommerce\\Models\\FlashSale','2022-09-22 01:26:18','2022-09-22 01:26:18'),(78,'simple_slider_style','[\"style-4\"]',1,'Botble\\SimpleSlider\\Models\\SimpleSlider','2022-09-22 01:26:37','2022-09-22 01:26:37'),(79,'simple_slider_style','[\"style-2\"]',2,'Botble\\SimpleSlider\\Models\\SimpleSlider','2022-09-22 01:26:37','2022-09-22 01:26:37'),(80,'simple_slider_style','[\"style-3\"]',3,'Botble\\SimpleSlider\\Models\\SimpleSlider','2022-09-22 01:26:37','2022-09-22 01:26:37'),(81,'simple_slider_style','[\"style-1\"]',4,'Botble\\SimpleSlider\\Models\\SimpleSlider','2022-09-22 01:26:37','2022-09-22 01:26:37'),(82,'simple_slider_style','[\"style-5\"]',5,'Botble\\SimpleSlider\\Models\\SimpleSlider','2022-09-22 01:26:37','2022-09-22 01:26:37'),(83,'simple_slider_style','[\"style-6\"]',6,'Botble\\SimpleSlider\\Models\\SimpleSlider','2022-09-22 01:26:37','2022-09-22 01:26:37'),(84,'simple_slider_style','[\"style-1\"]',7,'Botble\\SimpleSlider\\Models\\SimpleSlider','2022-09-22 01:26:37','2022-09-22 01:26:37'),(85,'simple_slider_style','[\"style-4\"]',8,'Botble\\SimpleSlider\\Models\\SimpleSlider','2022-09-22 01:26:37','2022-09-22 01:26:37'),(86,'simple_slider_style','[\"style-2\"]',9,'Botble\\SimpleSlider\\Models\\SimpleSlider','2022-09-22 01:26:37','2022-09-22 01:26:37'),(87,'simple_slider_style','[\"style-3\"]',10,'Botble\\SimpleSlider\\Models\\SimpleSlider','2022-09-22 01:26:37','2022-09-22 01:26:37'),(88,'simple_slider_style','[\"style-1\"]',11,'Botble\\SimpleSlider\\Models\\SimpleSlider','2022-09-22 01:26:37','2022-09-22 01:26:37'),(89,'simple_slider_style','[\"style-5\"]',12,'Botble\\SimpleSlider\\Models\\SimpleSlider','2022-09-22 01:26:37','2022-09-22 01:26:37'),(90,'simple_slider_style','[\"style-6\"]',13,'Botble\\SimpleSlider\\Models\\SimpleSlider','2022-09-22 01:26:37','2022-09-22 01:26:37'),(91,'simple_slider_style','[\"style-1\"]',14,'Botble\\SimpleSlider\\Models\\SimpleSlider','2022-09-22 01:26:37','2022-09-22 01:26:37'),(92,'layout','[\"blog-post-right-sidebar\"]',1,'Botble\\Blog\\Models\\Post','2022-09-22 01:26:50','2022-09-22 01:26:50'),(93,'layout','[\"blog-post-left-sidebar\"]',2,'Botble\\Blog\\Models\\Post','2022-09-22 01:26:50','2022-09-22 01:26:50'),(94,'layout','[\"blog-post-full-width\"]',3,'Botble\\Blog\\Models\\Post','2022-09-22 01:26:50','2022-09-22 01:26:50'),(95,'layout','[\"blog-post-full-width\"]',4,'Botble\\Blog\\Models\\Post','2022-09-22 01:26:50','2022-09-22 01:26:50'),(96,'header_style','[\"header-style-5\"]',16,'Botble\\Page\\Models\\Page','2022-09-22 01:26:51','2022-09-22 01:26:51'),(97,'header_style','[\"header-style-5\"]',17,'Botble\\Page\\Models\\Page','2022-09-22 01:26:51','2022-09-22 01:26:51'),(98,'button_text','[\"Shop now\"]',1,'Botble\\Ads\\Models\\Ads','2022-09-22 01:27:02','2022-09-22 01:27:02'),(99,'subtitle','[\"Everyday Fresh & \\nClean with Our \\nProducts\"]',1,'Botble\\Ads\\Models\\Ads','2022-09-22 01:27:02','2022-09-22 01:27:02'),(100,'button_text','[\"Shop now\"]',2,'Botble\\Ads\\Models\\Ads','2022-09-22 01:27:02','2022-09-22 01:27:02'),(101,'subtitle','[\"Make your Breakfast Healthy and Easy\"]',2,'Botble\\Ads\\Models\\Ads','2022-09-22 01:27:02','2022-09-22 01:27:02'),(102,'button_text','[\"Shop now\"]',3,'Botble\\Ads\\Models\\Ads','2022-09-22 01:27:02','2022-09-22 01:27:02'),(103,'subtitle','[\"The best Organic Products Online\"]',3,'Botble\\Ads\\Models\\Ads','2022-09-22 01:27:02','2022-09-22 01:27:02'),(104,'button_text','[\"Shop now\"]',4,'Botble\\Ads\\Models\\Ads','2022-09-22 01:27:04','2022-09-22 01:27:04'),(105,'subtitle','[\"Bring nature into your home\"]',4,'Botble\\Ads\\Models\\Ads','2022-09-22 01:27:04','2022-09-22 01:27:04'),(106,'button_text','[\"Shop now\"]',5,'Botble\\Ads\\Models\\Ads','2022-09-22 01:27:04','2022-09-22 01:27:04'),(107,'subtitle','[\"Delivered to your home\"]',5,'Botble\\Ads\\Models\\Ads','2022-09-22 01:27:04','2022-09-22 01:27:04'),(108,'button_text','[\"Shop now\"]',6,'Botble\\Ads\\Models\\Ads','2022-09-22 01:27:04','2022-09-22 01:27:04'),(109,'subtitle','[\"Save 17% <br \\/>on Oganic <br \\/>Juice\"]',6,'Botble\\Ads\\Models\\Ads','2022-09-22 01:27:04','2022-09-22 01:27:04'),(110,'button_text','[\"Shop now\"]',7,'Botble\\Ads\\Models\\Ads','2022-09-22 01:27:04','2022-09-22 01:27:04'),(111,'subtitle','[\"Everyday Fresh & Clean with Our Products\"]',7,'Botble\\Ads\\Models\\Ads','2022-09-22 01:27:04','2022-09-22 01:27:04'),(112,'button_text','[\"Shop now\"]',8,'Botble\\Ads\\Models\\Ads','2022-09-22 01:27:04','2022-09-22 01:27:04'),(113,'subtitle','[\"The best Organic Products Online\"]',8,'Botble\\Ads\\Models\\Ads','2022-09-22 01:27:04','2022-09-22 01:27:04'),(114,'button_text','[\"Go to supplier\"]',9,'Botble\\Ads\\Models\\Ads','2022-09-22 01:27:04','2022-09-22 01:27:04'),(115,'subtitle','[\"Everyday Fresh with\\n Our Products\"]',9,'Botble\\Ads\\Models\\Ads','2022-09-22 01:27:04','2022-09-22 01:27:04'),(116,'button_text','[\"Go to supplier\"]',10,'Botble\\Ads\\Models\\Ads','2022-09-22 01:27:04','2022-09-22 01:27:04'),(117,'subtitle','[\"100% guaranteed all\\n Fresh items\"]',10,'Botble\\Ads\\Models\\Ads','2022-09-22 01:27:04','2022-09-22 01:27:04'),(118,'button_text','[\"Go to supplier\"]',11,'Botble\\Ads\\Models\\Ads','2022-09-22 01:27:04','2022-09-22 01:27:04'),(119,'subtitle','[\"Special grocery sale\\n off this month\"]',11,'Botble\\Ads\\Models\\Ads','2022-09-22 01:27:04','2022-09-22 01:27:04'),(120,'button_text','[\"Go to supplier\"]',12,'Botble\\Ads\\Models\\Ads','2022-09-22 01:27:04','2022-09-22 01:27:04'),(121,'subtitle','[\"Enjoy 15% OFF for all\\n vegetable and fruit\"]',12,'Botble\\Ads\\Models\\Ads','2022-09-22 01:27:04','2022-09-22 01:27:04'),(122,'vi_subtitle','[\"S\\u1ea1ch s\\u1ebd h\\u00e0ng ng\\u00e0y v\\u1edbi \\nc\\u00e1c s\\u1ea3n ph\\u1ea9m c\\u1ee7a \\nch\\u00fang t\\u00f4i\"]',1,'Botble\\Ads\\Models\\Ads','2022-09-22 01:27:05','2022-09-22 01:27:05'),(123,'vi_button_text','[\"Mua ngay\"]',1,'Botble\\Ads\\Models\\Ads','2022-09-22 01:27:05','2022-09-22 01:27:05'),(124,'vi_subtitle','[\"N\\u1eabu b\\u1eefa s\\u00e1ng c\\u1ee7a b\\u1ea1n l\\u00e0nh m\\u1ea1nh v\\u00e0 d\\u1ec5 d\\u00e0ng\"]',2,'Botble\\Ads\\Models\\Ads','2022-09-22 01:27:05','2022-09-22 01:27:05'),(125,'vi_button_text','[\"Mua ngay\"]',2,'Botble\\Ads\\Models\\Ads','2022-09-22 01:27:05','2022-09-22 01:27:05'),(126,'vi_subtitle','[\"C\\u00e1c s\\u1ea3n ph\\u1ea9m h\\u1eefu c\\u01a1 t\\u1ed1t nh\\u1ea5t tr\\u1ef1c tuy\\u1ebfn\"]',3,'Botble\\Ads\\Models\\Ads','2022-09-22 01:27:05','2022-09-22 01:27:05'),(127,'vi_button_text','[\"Mua ngay\"]',3,'Botble\\Ads\\Models\\Ads','2022-09-22 01:27:05','2022-09-22 01:27:05'),(128,'vi_subtitle','[\"Mang thi\\u00ean nhi\\u00ean v\\u00e0o ng\\u00f4i nh\\u00e0 c\\u1ee7a b\\u1ea1n\"]',4,'Botble\\Ads\\Models\\Ads','2022-09-22 01:27:05','2022-09-22 01:27:05'),(129,'vi_button_text','[\"Mua ngay\"]',4,'Botble\\Ads\\Models\\Ads','2022-09-22 01:27:05','2022-09-22 01:27:05'),(130,'vi_subtitle','[\"Giao t\\u1eadn nh\\u00e0\"]',5,'Botble\\Ads\\Models\\Ads','2022-09-22 01:27:05','2022-09-22 01:27:05'),(131,'vi_button_text','[\"Mua ngay\"]',5,'Botble\\Ads\\Models\\Ads','2022-09-22 01:27:05','2022-09-22 01:27:05'),(132,'vi_subtitle','[\"Ti\\u1ebft ki\\u1ec7m 17% <br \\/> khi mua N\\u01b0\\u1edbc \\u00e9p <br \\/> Oganic\"]',6,'Botble\\Ads\\Models\\Ads','2022-09-22 01:27:05','2022-09-22 01:27:05'),(133,'vi_button_text','[\"Mua ngay\"]',6,'Botble\\Ads\\Models\\Ads','2022-09-22 01:27:05','2022-09-22 01:27:05'),(134,'vi_subtitle','[\"T\\u01b0\\u01a1i v\\u00e0 S\\u1ea1ch h\\u00e0ng ng\\u00e0y v\\u1edbi c\\u00e1c s\\u1ea3n ph\\u1ea9m c\\u1ee7a ch\\u00fang t\\u00f4i\"]',7,'Botble\\Ads\\Models\\Ads','2022-09-22 01:27:06','2022-09-22 01:27:06'),(135,'vi_button_text','[\"Shop now\"]',7,'Botble\\Ads\\Models\\Ads','2022-09-22 01:27:06','2022-09-22 01:27:06'),(136,'vi_subtitle','[\"C\\u00e1c s\\u1ea3n ph\\u1ea9m h\\u1eefu c\\u01a1 t\\u1ed1t nh\\u1ea5t tr\\u1ef1c tuy\\u1ebfn\"]',8,'Botble\\Ads\\Models\\Ads','2022-09-22 01:27:06','2022-09-22 01:27:06'),(137,'vi_button_text','[\"Shop now\"]',8,'Botble\\Ads\\Models\\Ads','2022-09-22 01:27:06','2022-09-22 01:27:06'),(138,'vi_subtitle','[\"T\\u01b0\\u01a1i m\\u1edbi m\\u1ed7i ng\\u00e0y v\\u1edbi\\n c\\u00e1c s\\u1ea3n ph\\u1ea9m c\\u1ee7a ch\\u00fang t\\u00f4i\"]',9,'Botble\\Ads\\Models\\Ads','2022-09-22 01:27:07','2022-09-22 01:27:07'),(139,'vi_button_text','[\"\\u0110i \\u0111\\u1ebfn nh\\u00e0 cung c\\u1ea5p\"]',9,'Botble\\Ads\\Models\\Ads','2022-09-22 01:27:08','2022-09-22 01:27:08'),(140,'vi_subtitle','[\"100% \\u0111\\u1ea3m b\\u1ea3o t\\u1ea5t c\\u1ea3\\n c\\u00e1c m\\u1eb7t h\\u00e0ng t\\u01b0\\u01a1i\"]',10,'Botble\\Ads\\Models\\Ads','2022-09-22 01:27:08','2022-09-22 01:27:08'),(141,'vi_button_text','[\"\\u0110i \\u0111\\u1ebfn nh\\u00e0 cung c\\u1ea5p\"]',10,'Botble\\Ads\\Models\\Ads','2022-09-22 01:27:08','2022-09-22 01:27:08'),(142,'vi_subtitle','[\"Gi\\u1ea3m gi\\u00e1 h\\u00e0ng t\\u1ea1p h\\u00f3a\\n \\u0111\\u1eb7c bi\\u1ec7t trong th\\u00e1ng n\\u00e0y\"]',11,'Botble\\Ads\\Models\\Ads','2022-09-22 01:27:08','2022-09-22 01:27:08'),(143,'vi_button_text','[\"\\u0110i \\u0111\\u1ebfn nh\\u00e0 cung c\\u1ea5p\"]',11,'Botble\\Ads\\Models\\Ads','2022-09-22 01:27:08','2022-09-22 01:27:08'),(144,'vi_subtitle','[\"GI\\u1ea2M GI\\u00c1 15% cho t\\u1ea5t c\\u1ea3\\n rau v\\u00e0 tr\\u00e1i c\\u00e2y\"]',12,'Botble\\Ads\\Models\\Ads','2022-09-22 01:27:09','2022-09-22 01:27:09'),(145,'vi_button_text','[\"\\u0110i \\u0111\\u1ebfn nh\\u00e0 cung c\\u1ea5p\"]',12,'Botble\\Ads\\Models\\Ads','2022-09-22 01:27:09','2022-09-22 01:27:09'),(146,'social_links','[{\"facebook\":\"botble\",\"twitter\":\"botble\"}]',1,'Botble\\Marketplace\\Models\\Store','2022-09-22 01:27:40','2022-09-22 01:27:40'),(147,'social_links','[{\"facebook\":\"botble\",\"twitter\":\"botble\"}]',2,'Botble\\Marketplace\\Models\\Store','2022-09-22 01:27:40','2022-09-22 01:27:40'),(148,'social_links','[{\"facebook\":\"botble\",\"twitter\":\"botble\"}]',3,'Botble\\Marketplace\\Models\\Store','2022-09-22 01:27:40','2022-09-22 01:27:40'),(149,'social_links','[{\"facebook\":\"botble\",\"twitter\":\"botble\"}]',4,'Botble\\Marketplace\\Models\\Store','2022-09-22 01:27:40','2022-09-22 01:27:40'),(150,'social_links','[{\"facebook\":\"botble\",\"twitter\":\"botble\"}]',5,'Botble\\Marketplace\\Models\\Store','2022-09-22 01:27:40','2022-09-22 01:27:40'),(151,'social_links','[{\"facebook\":\"botble\",\"twitter\":\"botble\"}]',6,'Botble\\Marketplace\\Models\\Store','2022-09-22 01:27:40','2022-09-22 01:27:40');
/*!40000 ALTER TABLE `meta_boxes` ENABLE KEYS */;
UNLOCK TABLES;

--
-- Table structure for table `migrations`
--

DROP TABLE IF EXISTS `migrations`;
/*!40101 SET @saved_cs_client     = @@character_set_client */;
/*!50503 SET character_set_client = utf8mb4 */;
CREATE TABLE `migrations` (
  `id` int unsigned NOT NULL AUTO_INCREMENT,
  `migration` varchar(191) COLLATE utf8mb4_unicode_ci NOT NULL,
  `batch` int NOT NULL,
  PRIMARY KEY (`id`)
) ENGINE=InnoDB AUTO_INCREMENT=89 DEFAULT CHARSET=utf8mb4 COLLATE=utf8mb4_unicode_ci;
/*!40101 SET character_set_client = @saved_cs_client */;

--
-- Dumping data for table `migrations`
--

LOCK TABLES `migrations` WRITE;
/*!40000 ALTER TABLE `migrations` DISABLE KEYS */;
INSERT INTO `migrations` VALUES (1,'2013_04_09_032329_create_base_tables',1),(2,'2013_04_09_062329_create_revisions_table',1),(3,'2014_10_12_000000_create_users_table',1),(4,'2014_10_12_100000_create_password_resets_table',1),(5,'2016_06_10_230148_create_acl_tables',1),(6,'2016_06_14_230857_create_menus_table',1),(7,'2016_06_28_221418_create_pages_table',1),(8,'2016_10_05_074239_create_setting_table',1),(9,'2016_11_28_032840_create_dashboard_widget_tables',1),(10,'2016_12_16_084601_create_widgets_table',1),(11,'2017_05_09_070343_create_media_tables',1),(12,'2017_11_03_070450_create_slug_table',1),(13,'2019_01_05_053554_create_jobs_table',1),(14,'2019_08_19_000000_create_failed_jobs_table',1),(15,'2019_12_14_000001_create_personal_access_tokens_table',1),(16,'2022_04_20_100851_add_index_to_media_table',1),(17,'2022_04_20_101046_add_index_to_menu_table',1),(18,'2022_07_10_034813_move_lang_folder_to_root',1),(19,'2022_08_04_051940_add_missing_column_expires_at',1),(20,'2020_11_18_150916_ads_create_ads_table',2),(21,'2021_12_02_035301_add_ads_translations_table',2),(22,'2015_06_29_025744_create_audit_history',3),(23,'2015_06_18_033822_create_blog_table',4),(24,'2021_02_16_092633_remove_default_value_for_author_type',4),(25,'2021_12_03_030600_create_blog_translations',4),(26,'2022_04_19_113923_add_index_to_table_posts',4),(27,'2016_06_17_091537_create_contacts_table',5),(28,'2020_03_05_041139_create_ecommerce_tables',6),(29,'2021_01_01_044147_ecommerce_create_flash_sale_table',6),(30,'2021_01_17_082713_add_column_is_featured_to_product_collections_table',6),(31,'2021_01_18_024333_add_zip_code_into_table_customer_addresses',6),(32,'2021_02_18_073505_update_table_ec_reviews',6),(33,'2021_03_10_024419_add_column_confirmed_at_to_table_ec_customers',6),(34,'2021_03_10_025153_change_column_tax_amount',6),(35,'2021_03_20_033103_add_column_availability_to_table_ec_products',6),(36,'2021_04_28_074008_ecommerce_create_product_label_table',6),(37,'2021_05_31_173037_ecommerce_create_ec_products_translations',6),(38,'2021_06_28_153141_correct_slugs_data',6),(39,'2021_08_17_105016_remove_column_currency_id_in_some_tables',6),(40,'2021_08_30_142128_add_images_column_to_ec_reviews_table',6),(41,'2021_09_01_115151_remove_unused_fields_in_ec_products',6),(42,'2021_10_04_030050_add_column_created_by_to_table_ec_products',6),(43,'2021_10_05_122616_add_status_column_to_ec_customers_table',6),(44,'2021_11_03_025806_nullable_phone_number_in_ec_customer_addresses',6),(45,'2021_11_23_071403_correct_languages_for_product_variations',6),(46,'2021_11_28_031808_add_product_tags_translations',6),(47,'2021_12_01_031123_add_featured_image_to_ec_products',6),(48,'2022_01_01_033107_update_table_ec_shipments',6),(49,'2022_02_16_042457_improve_product_attribute_sets',6),(50,'2022_03_22_075758_correct_product_name',6),(51,'2022_04_19_113334_add_index_to_ec_products',6),(52,'2022_04_28_144405_remove_unused_table',6),(53,'2022_05_05_115015_create_ec_customer_recently_viewed_products_table',6),(54,'2022_05_18_143720_add_index_to_table_ec_product_categories',6),(55,'2022_06_16_095633_add_index_to_some_tables',6),(56,'2022_06_30_035148_create_order_referrals_table',6),(57,'2022_07_24_153815_add_completed_at_to_ec_orders_table',6),(58,'2022_08_14_032836_create_ec_order_returns_table',6),(59,'2022_08_14_033554_create_ec_order_return_items_table',6),(60,'2022_08_15_040324_add_billing_address',6),(61,'2022_08_30_091114_support_digital_products_table',6),(62,'2018_07_09_221238_create_faq_table',7),(63,'2021_12_03_082134_create_faq_translations',7),(64,'2016_10_03_032336_create_languages_table',8),(65,'2021_10_25_021023_fix-priority-load-for-language-advanced',9),(66,'2021_12_03_075608_create_page_translations',9),(67,'2019_11_18_061011_create_country_table',10),(68,'2021_12_03_084118_create_location_translations',10),(69,'2021_12_03_094518_migrate_old_location_data',10),(70,'2021_12_10_034440_switch_plugin_location_to_use_language_advanced',10),(71,'2022_01_16_085908_improve_plugin_location',10),(72,'2022_08_04_052122_delete_location_backup_tables',10),(73,'2021_07_06_030002_create_marketplace_table',11),(74,'2021_09_04_150137_add_vendor_verified_at_to_ec_customers_table',11),(75,'2021_10_04_033903_add_column_approved_by_into_table_ec_products',11),(76,'2021_10_06_124943_add_transaction_id_column_to_mp_customer_withdrawals_table',11),(77,'2021_10_10_054216_add_columns_to_mp_customer_revenues_table',11),(78,'2021_12_06_031304_update_table_mp_customer_revenues',11),(79,'2017_10_24_154832_create_newsletter_table',12),(80,'2017_05_18_080441_create_payment_tables',13),(81,'2021_03_27_144913_add_customer_type_into_table_payments',13),(82,'2021_05_24_034720_make_column_currency_nullable',13),(83,'2021_08_09_161302_add_metadata_column_to_payments_table',13),(84,'2021_10_19_020859_update_metadata_field',13),(85,'2022_06_28_151901_activate_paypal_stripe_plugin',13),(86,'2022_07_07_153354_update_charge_id_in_table_payments',13),(87,'2017_07_11_140018_create_simple_slider_table',14),(88,'2016_10_07_193005_create_translations_table',15);
/*!40000 ALTER TABLE `migrations` ENABLE KEYS */;
UNLOCK TABLES;

--
-- Table structure for table `mp_customer_revenues`
--

DROP TABLE IF EXISTS `mp_customer_revenues`;
/*!40101 SET @saved_cs_client     = @@character_set_client */;
/*!50503 SET character_set_client = utf8mb4 */;
CREATE TABLE `mp_customer_revenues` (
  `id` bigint unsigned NOT NULL AUTO_INCREMENT,
  `customer_id` int unsigned DEFAULT NULL,
  `order_id` int unsigned DEFAULT NULL,
  `sub_amount` decimal(15,2) DEFAULT '0.00',
  `fee` decimal(15,2) unsigned DEFAULT '0.00',
  `amount` decimal(15,2) DEFAULT '0.00',
  `current_balance` decimal(15,2) DEFAULT '0.00',
  `currency` varchar(120) COLLATE utf8mb4_unicode_ci DEFAULT NULL,
  `description` text COLLATE utf8mb4_unicode_ci,
  `created_at` timestamp NULL DEFAULT NULL,
  `updated_at` timestamp NULL DEFAULT NULL,
  `user_id` int unsigned NOT NULL DEFAULT '0',
  `type` varchar(60) COLLATE utf8mb4_unicode_ci DEFAULT NULL,
  PRIMARY KEY (`id`)
) ENGINE=InnoDB AUTO_INCREMENT=16 DEFAULT CHARSET=utf8mb4 COLLATE=utf8mb4_unicode_ci;
/*!40101 SET character_set_client = @saved_cs_client */;

--
-- Dumping data for table `mp_customer_revenues`
--

LOCK TABLES `mp_customer_revenues` WRITE;
/*!40000 ALTER TABLE `mp_customer_revenues` DISABLE KEYS */;
INSERT INTO `mp_customer_revenues` VALUES (1,9,1,825.30,0.00,825.30,0.00,'USD',NULL,'2022-09-21 01:27:57','2022-09-21 01:27:57',0,NULL),(2,3,3,186.00,0.00,186.00,0.00,'USD',NULL,'2022-09-19 09:27:58','2022-09-19 09:27:58',0,NULL),(3,2,11,139.70,0.00,139.70,0.00,'USD',NULL,'2022-09-16 01:27:58','2022-09-16 01:27:58',0,NULL),(4,4,15,137.50,0.00,137.50,0.00,'USD',NULL,'2022-09-10 01:27:58','2022-09-10 01:27:58',0,NULL),(5,8,17,125.40,0.00,125.40,0.00,'USD',NULL,'2022-09-16 01:27:58','2022-09-16 01:27:58',0,NULL),(6,9,21,137.50,0.00,137.50,825.30,'USD',NULL,'2022-09-03 17:27:59','2022-09-03 17:27:59',0,NULL),(7,3,25,390.60,0.00,390.60,186.00,'USD',NULL,'2022-09-13 09:27:59','2022-09-13 09:27:59',0,NULL),(8,8,26,125.40,0.00,125.40,125.40,'USD',NULL,'2022-09-01 19:27:59','2022-09-01 19:27:59',0,NULL),(9,10,32,258.30,0.00,258.30,0.00,'USD',NULL,'2022-09-19 07:27:59','2022-09-19 07:27:59',0,NULL),(10,8,37,396.80,0.00,396.80,250.80,'USD',NULL,'2022-09-18 21:28:00','2022-09-18 21:28:00',0,NULL),(11,2,38,1171.10,0.00,1171.10,139.70,'USD',NULL,'2022-09-18 19:28:00','2022-09-18 19:28:00',0,NULL),(12,4,41,387.50,0.00,387.50,137.50,'USD',NULL,'2022-09-18 13:28:00','2022-09-18 13:28:00',0,NULL),(13,4,44,262.50,0.00,262.50,525.00,'USD',NULL,'2022-08-19 07:28:01','2022-08-19 07:28:01',0,NULL),(14,4,48,530.50,0.00,530.50,787.50,'USD',NULL,'2022-08-12 05:28:02','2022-08-12 05:28:02',0,NULL),(15,8,49,537.60,0.00,537.60,647.60,'USD',NULL,'2022-09-01 05:28:02','2022-09-01 05:28:02',0,NULL);
/*!40000 ALTER TABLE `mp_customer_revenues` ENABLE KEYS */;
UNLOCK TABLES;

--
-- Table structure for table `mp_customer_withdrawals`
--

DROP TABLE IF EXISTS `mp_customer_withdrawals`;
/*!40101 SET @saved_cs_client     = @@character_set_client */;
/*!50503 SET character_set_client = utf8mb4 */;
CREATE TABLE `mp_customer_withdrawals` (
  `id` bigint unsigned NOT NULL AUTO_INCREMENT,
  `customer_id` int unsigned DEFAULT NULL,
  `fee` decimal(15,2) unsigned DEFAULT '0.00',
  `amount` decimal(15,2) unsigned DEFAULT '0.00',
  `current_balance` decimal(15,2) unsigned DEFAULT '0.00',
  `currency` varchar(120) COLLATE utf8mb4_unicode_ci DEFAULT NULL,
  `description` text COLLATE utf8mb4_unicode_ci,
  `bank_info` text COLLATE utf8mb4_unicode_ci,
  `payment_channel` varchar(60) COLLATE utf8mb4_unicode_ci DEFAULT NULL,
  `user_id` int unsigned NOT NULL DEFAULT '0',
  `status` varchar(60) COLLATE utf8mb4_unicode_ci NOT NULL DEFAULT 'pending',
  `images` text COLLATE utf8mb4_unicode_ci,
  `created_at` timestamp NULL DEFAULT NULL,
  `updated_at` timestamp NULL DEFAULT NULL,
  `transaction_id` varchar(60) COLLATE utf8mb4_unicode_ci DEFAULT NULL,
  PRIMARY KEY (`id`)
) ENGINE=InnoDB AUTO_INCREMENT=15 DEFAULT CHARSET=utf8mb4 COLLATE=utf8mb4_unicode_ci;
/*!40101 SET character_set_client = @saved_cs_client */;

--
-- Dumping data for table `mp_customer_withdrawals`
--

LOCK TABLES `mp_customer_withdrawals` WRITE;
/*!40000 ALTER TABLE `mp_customer_withdrawals` DISABLE KEYS */;
INSERT INTO `mp_customer_withdrawals` VALUES (1,2,0.00,376.00,1310.80,'USD','','{\"name\":\"Destinee Legros\",\"number\":\"+17628104288\",\"full_name\":\"Hildegard Hansen DVM\",\"description\":\"Carol Hamill\"}',NULL,0,'pending',NULL,'2022-09-22 01:28:02','2022-09-22 01:28:02',NULL),(2,2,0.00,29.00,934.80,'USD','','{\"name\":\"Destinee Legros\",\"number\":\"+17628104288\",\"full_name\":\"Hildegard Hansen DVM\",\"description\":\"Carol Hamill\"}',NULL,0,'completed',NULL,'2022-09-22 01:28:02','2022-09-22 01:28:02',NULL),(3,3,0.00,59.00,576.60,'USD','','{\"name\":\"Elwin Johnston\",\"number\":\"+12083985361\",\"full_name\":\"Magnolia Grant\",\"description\":\"Irwin Paucek\"}',NULL,0,'pending',NULL,'2022-09-22 01:28:03','2022-09-22 01:28:03',NULL),(4,3,0.00,82.00,517.60,'USD','','{\"name\":\"Elwin Johnston\",\"number\":\"+12083985361\",\"full_name\":\"Magnolia Grant\",\"description\":\"Irwin Paucek\"}',NULL,0,'completed',NULL,'2022-09-22 01:28:03','2022-09-22 01:28:03',NULL),(5,3,0.00,48.00,435.60,'USD','','{\"name\":\"Elwin Johnston\",\"number\":\"+12083985361\",\"full_name\":\"Magnolia Grant\",\"description\":\"Irwin Paucek\"}',NULL,0,'completed',NULL,'2022-09-22 01:28:03','2022-09-22 01:28:03',NULL),(6,4,0.00,296.00,1318.00,'USD','','{\"name\":\"Alessia Eichmann\",\"number\":\"+12629707275\",\"full_name\":\"Gloria Mayert\",\"description\":\"Curtis Dibbert\"}',NULL,0,'pending',NULL,'2022-09-22 01:28:03','2022-09-22 01:28:03',NULL),(7,4,0.00,81.00,1022.00,'USD','','{\"name\":\"Alessia Eichmann\",\"number\":\"+12629707275\",\"full_name\":\"Gloria Mayert\",\"description\":\"Curtis Dibbert\"}',NULL,0,'processing',NULL,'2022-09-22 01:28:03','2022-09-22 01:28:03',NULL),(8,8,0.00,291.00,1185.20,'USD','','{\"name\":\"Hipolito Osinski\",\"number\":\"+16512777925\",\"full_name\":\"Shana Treutel\",\"description\":\"Tierra Connelly\"}',NULL,0,'processing',NULL,'2022-09-22 01:28:04','2022-09-22 01:28:04',NULL),(9,8,0.00,212.00,894.20,'USD','','{\"name\":\"Hipolito Osinski\",\"number\":\"+16512777925\",\"full_name\":\"Shana Treutel\",\"description\":\"Tierra Connelly\"}',NULL,0,'processing',NULL,'2022-09-22 01:28:04','2022-09-22 01:28:04',NULL),(10,9,0.00,122.00,962.80,'USD','','{\"name\":\"Karine Murazik\",\"number\":\"+17069429856\",\"full_name\":\"Tony Becker\",\"description\":\"Darien Ondricka DDS\"}',NULL,0,'pending',NULL,'2022-09-22 01:28:04','2022-09-22 01:28:04',NULL),(11,9,0.00,206.00,840.80,'USD','','{\"name\":\"Karine Murazik\",\"number\":\"+17069429856\",\"full_name\":\"Tony Becker\",\"description\":\"Darien Ondricka DDS\"}',NULL,0,'completed',NULL,'2022-09-22 01:28:04','2022-09-22 01:28:04',NULL),(12,10,0.00,29.00,258.30,'USD','','{\"name\":\"Alek Rice MD\",\"number\":\"+19546341914\",\"full_name\":\"Wilfrid Medhurst MD\",\"description\":\"Prof. Jules Wisoky I\"}',NULL,0,'processing',NULL,'2022-09-22 01:28:04','2022-09-22 01:28:04',NULL),(13,10,0.00,50.00,229.30,'USD','','{\"name\":\"Alek Rice MD\",\"number\":\"+19546341914\",\"full_name\":\"Wilfrid Medhurst MD\",\"description\":\"Prof. Jules Wisoky I\"}',NULL,0,'pending',NULL,'2022-09-22 01:28:05','2022-09-22 01:28:05',NULL),(14,10,0.00,2.00,179.30,'USD','','{\"name\":\"Alek Rice MD\",\"number\":\"+19546341914\",\"full_name\":\"Wilfrid Medhurst MD\",\"description\":\"Prof. Jules Wisoky I\"}',NULL,0,'completed',NULL,'2022-09-22 01:28:05','2022-09-22 01:28:05',NULL);
/*!40000 ALTER TABLE `mp_customer_withdrawals` ENABLE KEYS */;
UNLOCK TABLES;

--
-- Table structure for table `mp_stores`
--

DROP TABLE IF EXISTS `mp_stores`;
/*!40101 SET @saved_cs_client     = @@character_set_client */;
/*!50503 SET character_set_client = utf8mb4 */;
CREATE TABLE `mp_stores` (
  `id` bigint unsigned NOT NULL AUTO_INCREMENT,
  `name` varchar(255) COLLATE utf8mb4_unicode_ci NOT NULL,
  `email` varchar(60) COLLATE utf8mb4_unicode_ci DEFAULT NULL,
  `phone` varchar(20) COLLATE utf8mb4_unicode_ci DEFAULT NULL,
  `address` varchar(255) COLLATE utf8mb4_unicode_ci DEFAULT NULL,
  `country` varchar(120) COLLATE utf8mb4_unicode_ci DEFAULT NULL,
  `state` varchar(120) COLLATE utf8mb4_unicode_ci DEFAULT NULL,
  `city` varchar(120) COLLATE utf8mb4_unicode_ci DEFAULT NULL,
  `customer_id` int unsigned DEFAULT NULL,
  `logo` varchar(255) COLLATE utf8mb4_unicode_ci DEFAULT NULL,
  `description` varchar(400) COLLATE utf8mb4_unicode_ci DEFAULT NULL,
  `content` longtext COLLATE utf8mb4_unicode_ci,
  `status` varchar(60) COLLATE utf8mb4_unicode_ci NOT NULL DEFAULT 'published',
  `vendor_verified_at` datetime DEFAULT NULL,
  `created_at` timestamp NULL DEFAULT NULL,
  `updated_at` timestamp NULL DEFAULT NULL,
  PRIMARY KEY (`id`)
) ENGINE=InnoDB AUTO_INCREMENT=7 DEFAULT CHARSET=utf8mb4 COLLATE=utf8mb4_unicode_ci;
/*!40101 SET character_set_client = @saved_cs_client */;

--
-- Dumping data for table `mp_stores`
--

LOCK TABLES `mp_stores` WRITE;
/*!40000 ALTER TABLE `mp_stores` DISABLE KEYS */;
INSERT INTO `mp_stores` VALUES (1,'GoPro','geo52@example.org','+13216706574','3329 Marquise Locks','DE','Utah','New Beaubury',2,'stores/1.png','Qui sequi animi ut ducimus aspernatur.','Dolores et iusto et pariatur autem. Et dolorem officiis veritatis est voluptatem consectetur assumenda. Dolore exercitationem modi modi incidunt est.','published',NULL,'2022-09-22 01:27:40','2022-09-22 01:27:40'),(2,'Global Office','bauch.magali@example.net','+14786958309','916 Evie Spurs Apt. 198','IL','Montana','Leschport',3,'stores/2.png','Et quae ea dolorum itaque expedita dolores.','Ut eius aut ut eos qui dolores. Quam illo dolor hic sequi voluptas hic maiores eum.','published',NULL,'2022-09-22 01:27:40','2022-09-22 01:27:40'),(3,'Young Shop','schulist.breana@example.com','+17547252475','483 Charley Meadows','ST','Wyoming','Bettemouth',4,'stores/3.png','Animi velit rerum molestiae aut et recusandae.','Rerum animi qui aliquid inventore. Maiores expedita nemo assumenda eligendi excepturi. Doloremque voluptatum perspiciatis esse animi quas sunt quas.','published',NULL,'2022-09-22 01:27:40','2022-09-22 01:27:40'),(4,'Global Store','alejandra07@example.net','+16783879932','411 Jacobson Lodge Apt. 204','TN','Nevada','Gayleborough',8,'stores/4.png','Rem possimus molestias voluptate quam.','Magnam ipsum sunt consequatur quo commodi necessitatibus. Minus magnam sit repudiandae aut perferendis quia.','published',NULL,'2022-09-22 01:27:40','2022-09-22 01:27:40'),(5,'Robert’s Store','leannon.alessia@example.net','+15206745605','99691 Bonnie Stravenue Suite 514','BR','Wisconsin','North Catharine',9,'stores/5.png','Quia facilis voluptatum ut est.','Repellat aut dicta quo reprehenderit qui. Molestiae vel iure corporis fuga aut. Itaque ut exercitationem modi alias vel cumque.','published',NULL,'2022-09-22 01:27:40','2022-09-22 01:27:40'),(6,'Stouffer','nwuckert@example.net','+19097495501','83743 Swaniawski Pass Suite 330','SJ','Iowa','Jakubowskishire',10,'stores/6.png','Sed facere consequuntur ullam enim quis nobis.','Rerum eius est voluptatem sed ipsum et. Reprehenderit rerum qui autem. Natus fuga aspernatur odit quaerat quam deserunt dolor.','published',NULL,'2022-09-22 01:27:40','2022-09-22 01:27:40');
/*!40000 ALTER TABLE `mp_stores` ENABLE KEYS */;
UNLOCK TABLES;

--
-- Table structure for table `mp_vendor_info`
--

DROP TABLE IF EXISTS `mp_vendor_info`;
/*!40101 SET @saved_cs_client     = @@character_set_client */;
/*!50503 SET character_set_client = utf8mb4 */;
CREATE TABLE `mp_vendor_info` (
  `id` bigint unsigned NOT NULL AUTO_INCREMENT,
  `customer_id` int unsigned NOT NULL DEFAULT '0',
  `balance` decimal(15,2) NOT NULL DEFAULT '0.00',
  `total_fee` decimal(15,2) NOT NULL DEFAULT '0.00',
  `total_revenue` decimal(15,2) NOT NULL DEFAULT '0.00',
  `signature` varchar(255) COLLATE utf8mb4_unicode_ci DEFAULT NULL,
  `bank_info` text COLLATE utf8mb4_unicode_ci,
  `created_at` timestamp NULL DEFAULT NULL,
  `updated_at` timestamp NULL DEFAULT NULL,
  PRIMARY KEY (`id`)
) ENGINE=InnoDB AUTO_INCREMENT=7 DEFAULT CHARSET=utf8mb4 COLLATE=utf8mb4_unicode_ci;
/*!40101 SET character_set_client = @saved_cs_client */;

--
-- Dumping data for table `mp_vendor_info`
--

LOCK TABLES `mp_vendor_info` WRITE;
/*!40000 ALTER TABLE `mp_vendor_info` DISABLE KEYS */;
INSERT INTO `mp_vendor_info` VALUES (1,2,905.80,0.00,1310.80,'$2y$10$PVq83ZZD//OljvBlLTL1L.SAJhDM7eUSxvLaKbSa47hqekjrM2e8W','{\"name\":\"Destinee Legros\",\"number\":\"+17628104288\",\"full_name\":\"Hildegard Hansen DVM\",\"description\":\"Carol Hamill\"}','2022-09-22 01:27:39','2022-09-22 01:28:03'),(2,3,387.60,0.00,576.60,'$2y$10$A/uC2PhKHy/QGW3E9a8o0uA8st2x3K3YPdcDhBVOx5tNOPv9d0EBm','{\"name\":\"Elwin Johnston\",\"number\":\"+12083985361\",\"full_name\":\"Magnolia Grant\",\"description\":\"Irwin Paucek\"}','2022-09-22 01:27:39','2022-09-22 01:28:03'),(3,4,941.00,0.00,1318.00,'$2y$10$wJ/4jSgB0RXn/m7ui4N/.uFQoXsgfvn3jfqn.E8Mp6VYd3.f1WVDS','{\"name\":\"Alessia Eichmann\",\"number\":\"+12629707275\",\"full_name\":\"Gloria Mayert\",\"description\":\"Curtis Dibbert\"}','2022-09-22 01:27:39','2022-09-22 01:28:04'),(4,8,682.20,0.00,1185.20,'$2y$10$JMrTZ.gmFc8gagMem787ZeCvKc1iA0QHsw2EwSolZ8SUboNctCkTK','{\"name\":\"Hipolito Osinski\",\"number\":\"+16512777925\",\"full_name\":\"Shana Treutel\",\"description\":\"Tierra Connelly\"}','2022-09-22 01:27:39','2022-09-22 01:28:04'),(5,9,634.80,0.00,962.80,'$2y$10$cst7jhVmIz.aodtfcy8sdeVTc32M1PTNdBgaI5x2UtKI2ifDcHVty','{\"name\":\"Karine Murazik\",\"number\":\"+17069429856\",\"full_name\":\"Tony Becker\",\"description\":\"Darien Ondricka DDS\"}','2022-09-22 01:27:40','2022-09-22 01:28:04'),(6,10,177.30,0.00,258.30,'$2y$10$EGy9SGQwzqE4sfT.wPhhIutVJzVqhiT.ANk5UzCuUhNPEC.ZL/tLS','{\"name\":\"Alek Rice MD\",\"number\":\"+19546341914\",\"full_name\":\"Wilfrid Medhurst MD\",\"description\":\"Prof. Jules Wisoky I\"}','2022-09-22 01:27:40','2022-09-22 01:28:05');
/*!40000 ALTER TABLE `mp_vendor_info` ENABLE KEYS */;
UNLOCK TABLES;

--
-- Table structure for table `newsletters`
--

DROP TABLE IF EXISTS `newsletters`;
/*!40101 SET @saved_cs_client     = @@character_set_client */;
/*!50503 SET character_set_client = utf8mb4 */;
CREATE TABLE `newsletters` (
  `id` bigint unsigned NOT NULL AUTO_INCREMENT,
  `email` varchar(120) COLLATE utf8mb4_unicode_ci NOT NULL,
  `name` varchar(120) COLLATE utf8mb4_unicode_ci DEFAULT NULL,
  `status` varchar(60) COLLATE utf8mb4_unicode_ci NOT NULL DEFAULT 'subscribed',
  `created_at` timestamp NULL DEFAULT NULL,
  `updated_at` timestamp NULL DEFAULT NULL,
  PRIMARY KEY (`id`)
) ENGINE=InnoDB DEFAULT CHARSET=utf8mb4 COLLATE=utf8mb4_unicode_ci;
/*!40101 SET character_set_client = @saved_cs_client */;

--
-- Dumping data for table `newsletters`
--

LOCK TABLES `newsletters` WRITE;
/*!40000 ALTER TABLE `newsletters` DISABLE KEYS */;
/*!40000 ALTER TABLE `newsletters` ENABLE KEYS */;
UNLOCK TABLES;

--
-- Table structure for table `pages`
--

DROP TABLE IF EXISTS `pages`;
/*!40101 SET @saved_cs_client     = @@character_set_client */;
/*!50503 SET character_set_client = utf8mb4 */;
CREATE TABLE `pages` (
  `id` bigint unsigned NOT NULL AUTO_INCREMENT,
  `name` varchar(120) COLLATE utf8mb4_unicode_ci NOT NULL,
  `content` longtext COLLATE utf8mb4_unicode_ci,
  `user_id` int NOT NULL,
  `image` varchar(255) COLLATE utf8mb4_unicode_ci DEFAULT NULL,
  `template` varchar(60) COLLATE utf8mb4_unicode_ci DEFAULT NULL,
  `is_featured` tinyint NOT NULL DEFAULT '0',
  `description` varchar(400) COLLATE utf8mb4_unicode_ci DEFAULT NULL,
  `status` varchar(60) COLLATE utf8mb4_unicode_ci NOT NULL DEFAULT 'published',
  `created_at` timestamp NULL DEFAULT NULL,
  `updated_at` timestamp NULL DEFAULT NULL,
  PRIMARY KEY (`id`)
) ENGINE=InnoDB AUTO_INCREMENT=19 DEFAULT CHARSET=utf8mb4 COLLATE=utf8mb4_unicode_ci;
/*!40101 SET character_set_client = @saved_cs_client */;

--
-- Dumping data for table `pages`
--

LOCK TABLES `pages` WRITE;
/*!40000 ALTER TABLE `pages` DISABLE KEYS */;
INSERT INTO `pages` VALUES (1,'Homepage','<div>[simple-slider key=\"home-slider-1\" show_newsletter_form=\"yes\"][/simple-slider]</div><div>[featured-product-categories title=\"Top Categories\"][/featured-product-categories]</div><div>[theme-ads ads_1=\"IZ6WU8KUALYD\" ads_2=\"ILSFJVYFGCPZ\" ads_3=\"ILSDKVYFGXPH\"][/theme-ads]</div><div>[popular-products title=\"Popular Products\" per_row=\"4\" limit=\"8\"][/popular-products]</div><div>[best-flash-sale title=\"Daily Best Sells\" flash_sale_id=\"6\" ads=\"IZ6WU8KUALYG\"][/best-flash-sale]</div><div>[flash-sale flash_sale_1=\"2\" flash_sale_2=\"3\" flash_sale_3=\"4\" flash_sale_4=\"5\" title=\"Deals Of The Day\" flash_sale_popup_id=\"1\"][/flash-sale]</div><div>[top-products-group tabs=\"top-selling,trending-products,recent-added,top-rated\" top_selling_in_days=\"365\"][/top-products-group]</div>',1,NULL,'homepage',0,NULL,'published','2022-09-22 01:26:51','2022-09-22 01:26:51'),(2,'Homepage 2','<div>[simple-slider key=\"home-slider-2\" ads_1=\"IZ6WU8KUALYH\" show_newsletter_form=\"yes\" cover_image=\"sliders/banner-1.png\"][/simple-slider]</div><div>[theme-ads ads_1=\"IZ6WU8KUALYD\" ads_2=\"ILSFJVYFGCPZ\" ads_3=\"ILSDKVYFGXPH\"][/theme-ads]</div><div>[popular-products title=\"Popular Products\" per_row=\"4\" limit=\"8\"][/popular-products]</div><div>[best-flash-sale title=\"Daily Best Sells\" flash_sale_id=\"6\" ads=\"IZ6WU8KUALYG\"][/best-flash-sale]</div><div>[flash-sale flash_sale_1=\"2\" flash_sale_2=\"3\" flash_sale_3=\"4\" flash_sale_4=\"5\" title=\"Deals Of The Day\" flash_sale_popup_id=\"1\"][/flash-sale]</div><div>[top-products-group tabs=\"top-selling,trending-products,recent-added,top-rated\" top_selling_in_days=\"365\"][/top-products-group]</div><div>[product-categories title=\"Shop by Categories\"][/product-categories]</div>',1,NULL,'homepage',0,NULL,'published','2022-09-22 01:26:51','2022-09-22 01:26:51'),(3,'Homepage 3','<div>[simple-slider key=\"home-slider-1\" show_newsletter_form=\"yes\"][/simple-slider]</div><div>[popular-products title=\"Popular Products\" per_row=\"4\" limit=\"8\"][/popular-products]</div><div>[flash-sale flash_sale_1=\"2\" flash_sale_2=\"3\" flash_sale_3=\"4\" flash_sale_4=\"5\" title=\"Deals Of The Day\" flash_sale_popup_id=\"1\"][/flash-sale]</div><div>[theme-ads ads_1=\"IZ6WU8KUALYD\" ads_2=\"ILSFJVYFGCPZ\" ads_3=\"ILSDKVYFGXPH\"][/theme-ads]</div><div>[product-categories title=\"Shop by Categories\"][/product-categories]</div><div>[top-products-group tabs=\"top-selling,trending-products,recent-added,top-rated\" top_selling_in_days=\"365\"][/top-products-group]</div>',1,NULL,'homepage',0,NULL,'published','2022-09-22 01:26:51','2022-09-22 01:26:51'),(4,'Homepage 4','<div>[simple-slider key=\"home-slider-4\" show_newsletter_form=\"yes\"][/simple-slider]</div><div>[popular-products title=\"Popular Products\" per_row=\"4\" limit=\"8\"][/popular-products]</div><div>[flash-sale flash_sale_1=\"2\" flash_sale_2=\"3\" flash_sale_3=\"4\" flash_sale_4=\"5\" title=\"Deals Of The Day\" flash_sale_popup_id=\"1\"][/flash-sale]</div><div>[theme-ads ads_1=\"IZ6WU8KUALYD\" ads_2=\"ILSFJVYFGCPZ\" ads_3=\"ILSDKVYFGXPH\"][/theme-ads]</div><div>[product-categories title=\"Shop by Categories\"][/product-categories]</div><div>[top-products-group tabs=\"top-selling,trending-products,recent-added,top-rated\" top_selling_in_days=\"365\"][/top-products-group]</div>',1,NULL,'homepage',0,NULL,'published','2022-09-22 01:26:51','2022-09-22 01:26:51'),(5,'Blog','<p>---</p>',1,NULL,'blog-grid',0,NULL,'published','2022-09-22 01:26:51','2022-09-22 01:26:51'),(6,'Contact','<p>[google-map]502 New Street, Brighton VIC, Australia[/google-map]</p><p>[our-offices][/our-offices]</p><p>[contact-form][/contact-form]</p>',1,NULL,'default',0,NULL,'published','2022-09-22 01:26:51','2022-09-22 01:26:51'),(7,'About us','<p>THAT. Then again--\"BEFORE SHE HAD THIS FIT--\" you never even introduced to a farmer, you know, this sort in her life before, and behind them a railway station.) However, she got into a large mushroom growing near her, about four inches deep and reaching half down the bottle, saying to herself what such an extraordinary ways of living would be so proud as all that.\' \'Well, it\'s got no sorrow, you know. Please, Ma\'am, is this New Zealand or Australia?\' (and she tried to open it; but, as the.</p><p>Alice replied in an offended tone, \'Hm! No accounting for tastes! Sing her \"Turtle Soup,\" will you, old fellow?\' The Mock Turtle\'s heavy sobs. Lastly, she pictured to herself \'Suppose it should be like then?\' And she squeezed herself up closer to Alice\'s great surprise, the Duchess\'s voice died away, even in the lock, and to hear it say, as it lasted.) \'Then the eleventh day must have been that,\' said the Mouse in the other: the Duchess by this very sudden change, but very politely: \'Did you.</p><p>Alice, and she did not quite know what to beautify is, I can\'t show it you myself,\' the Mock Turtle. \'Certainly not!\' said Alice indignantly. \'Ah! then yours wasn\'t a bit of the treat. When the Mouse replied rather impatiently: \'any shrimp could have told you that.\' \'If I\'d been the right thing to get in at the door-- Pray, what is the driest thing I know. Silence all round, if you only kept on good terms with him, he\'d do almost anything you liked with the Lory, as soon as it went, as if.</p><p>Lobster Quadrille?\' the Gryphon answered, very nearly in the air. She did not get hold of its little eyes, but it was perfectly round, she came upon a little hot tea upon its forehead (the position in which you usually see Shakespeare, in the newspapers, at the sudden change, but very glad that it felt quite unhappy at the bottom of a globe of goldfish she had this fit) An obstacle that came between Him, and ourselves, and it. Don\'t let him know she liked them best, For this must be what he.</p>',1,NULL,'right-sidebar',0,NULL,'published','2022-09-22 01:26:51','2022-09-22 01:26:51'),(8,'Cookie Policy','<h3>EU Cookie Consent</h3><p>To use this website we are using Cookies and collecting some data. To be compliant with the EU GDPR we give you to choose if you allow us to use certain Cookies and to collect some Data.</p><h4>Essential Data</h4><p>The Essential Data is needed to run the Site you are visiting technically. You can not deactivate them.</p><p>- Session Cookie: PHP uses a Cookie to identify user sessions. Without this Cookie the Website is not working.</p><p>- XSRF-Token Cookie: Laravel automatically generates a CSRF \"token\" for each active user session managed by the application. This token is used to verify that the authenticated user is the one actually making the requests to the application.</p>',1,NULL,'default',0,NULL,'published','2022-09-22 01:26:51','2022-09-22 01:26:51'),(9,'Terms & Conditions','<p>VERY deeply with a pair of boots every Christmas.\' And she began thinking over all she could see her after the others. \'Are their heads down! I am very tired of being upset, and their slates and pencils had been looking over their heads. She felt very lonely and low-spirited. In a minute or two, they began running about in all my life!\' Just as she spoke; \'either you or your head must be getting somewhere near the entrance of the house down!\' said the King. \'When did you ever saw. How she.</p><p>Alice, \'we learned French and music.\' \'And washing?\' said the Hatter, and, just as she could see, as well wait, as she could not help bursting out laughing: and when she had not the right height to rest her chin upon Alice\'s shoulder, and it sat down a very grave voice, \'until all the right word) \'--but I shall think nothing of the month, and doesn\'t tell what o\'clock it is!\' \'Why should it?\' muttered the Hatter. This piece of it now in sight, and no one to listen to her, And mentioned me to.</p><p>Mouse, getting up and bawled out, \"He\'s murdering the time! Off with his knuckles. It was high time you were never even introduced to a farmer, you know, and he went on again:-- \'I didn\'t know it was very like a frog; and both creatures hid their faces in their mouths--and they\'re all over with fright. \'Oh, I beg your pardon!\' cried Alice in a voice sometimes choked with sobs, to sing you a present of everything I\'ve said as yet.\' \'A cheap sort of present!\' thought Alice. The poor little thing.</p><p>Caterpillar. \'Well, I\'ve tried to say than his first remark, \'It was the fan and the other paw, \'lives a March Hare. \'Yes, please do!\' but the great question is, what did the Dormouse crossed the court, she said to herself what such an extraordinary ways of living would be so kind,\' Alice replied, so eagerly that the cause of this elegant thimble\'; and, when it had finished this short speech, they all moved off, and Alice looked up, and began to feel which way it was certainly too much of it.</p>',1,NULL,'default',0,NULL,'published','2022-09-22 01:26:51','2022-09-22 01:26:51'),(10,'Returns & Exchanges','<p>SOMETHING interesting is sure to kill it in a tone of the e--e--evening, Beautiful, beauti--FUL SOUP!\' \'Chorus again!\' cried the Gryphon, and, taking Alice by the pope, was soon submitted to by the time at the thought that SOMEBODY ought to tell him. \'A nice muddle their slates\'ll be in before the trial\'s over!\' thought Alice. The King turned pale, and shut his note-book hastily. \'Consider your verdict,\' the King said, with a lobster as a partner!\' cried the Gryphon. \'They can\'t have anything.</p><p>I!\' he replied. \'We quarrelled last March--just before HE went mad, you know--\' (pointing with his nose Trims his belt and his friends shared their never-ending meal, and the game began. Alice thought this must ever be A secret, kept from all the arches are gone from this morning,\' said Alice thoughtfully: \'but then--I shouldn\'t be hungry for it, he was speaking, and this Alice thought to herself, (not in a voice she had known them all her coaxing. Hardly knowing what she did, she picked her.</p><p>As soon as the Lory positively refused to tell them something more. \'You promised to tell you--all I know I have dropped them, I wonder?\' Alice guessed who it was, and, as a boon, Was kindly permitted to pocket the spoon: While the Panther were sharing a pie--\' [later editions continued as follows When the Mouse to tell me who YOU are, first.\' \'Why?\' said the youth, \'and your jaws are too weak For anything tougher than suet; Yet you balanced an eel on the floor, as it left no mark on the.</p><p>THEIR eyes bright and eager with many a strange tale, perhaps even with the tarts, you know--\' \'But, it goes on \"THEY ALL RETURNED FROM HIM TO YOU,\"\' said Alice. \'You must be,\' said the Hatter, and here the conversation a little. \'\'Tis so,\' said Alice. \'That\'s very curious!\' she thought. \'I must go back and finish your story!\' Alice called after it; and while she was about a whiting before.\' \'I can tell you his history,\' As they walked off together. Alice was more hopeless than ever: she sat.</p>',1,NULL,'default',0,NULL,'published','2022-09-22 01:26:51','2022-09-22 01:26:51'),(11,'Shipping & Delivery','<p>I\'m not used to do:-- \'How doth the little--\"\' and she went down to nine inches high. CHAPTER VI. Pig and Pepper For a minute or two sobs choked his voice. \'Same as if it thought that SOMEBODY ought to be lost, as she swam about, trying to touch her. \'Poor little thing!\' It did so indeed, and much sooner than she had hurt the poor child, \'for I can\'t take LESS,\' said the Lory. Alice replied very readily: \'but that\'s because it stays the same thing as \"I get what I could shut up like a snout.</p><p>But at any rate a book of rules for shutting people up like a telescope.\' And so she set to work, and very soon found herself safe in a low voice, to the other, and making faces at him as he found it so VERY remarkable in that; nor did Alice think it would be a person of authority over Alice. \'Stand up and picking the daisies, when suddenly a footman because he taught us,\' said the Gryphon. \'We can do no more, whatever happens. What WILL become of you? I gave her answer. \'They\'re done with.</p><p>King said to herself, \'because of his shrill little voice, the name again!\' \'I won\'t interrupt again. I dare say there may be different,\' said Alice; \'that\'s not at all know whether it would be very likely true.) Down, down, down. Would the fall NEVER come to an end! \'I wonder how many hours a day is very confusing.\' \'It isn\'t,\' said the Hatter: \'I\'m on the stairs. Alice knew it was too late to wish that! She went in without knocking, and hurried upstairs, in great fear lest she should push.</p><p>Mock Turtle. So she went back to the Queen, who was passing at the stick, and held out its arms folded, frowning like a star-fish,\' thought Alice. \'I\'m a--I\'m a--\' \'Well! WHAT are you?\' And then a row of lamps hanging from the Gryphon, and all the way wherever she wanted to send the hedgehog to, and, as the large birds complained that they would go, and making quite a conversation of it had a door leading right into a tree. \'Did you say pig, or fig?\' said the Gryphon interrupted in a low.</p>',1,NULL,'default',0,NULL,'published','2022-09-22 01:26:51','2022-09-22 01:26:51'),(12,'Privacy Policy','<p>Alice! when she first saw the White Rabbit read out, at the Footman\'s head: it just grazed his nose, you know?\' \'It\'s the stupidest tea-party I ever saw in my kitchen AT ALL. Soup does very well as the Caterpillar took the hookah out of a tree a few minutes she heard a little bird as soon as look at a reasonable pace,\' said the King. \'Shan\'t,\' said the Caterpillar. \'Is that the meeting adjourn, for the garden!\' and she went on: \'But why did they live on?\' said the Duchess, digging her sharp.</p><p>Alice very meekly: \'I\'m growing.\' \'You\'ve no right to grow here,\' said the Mock Turtle sighed deeply, and began, in a tone of delight, which changed into alarm in another moment down went Alice after it, never once considering how in the air, and came flying down upon her: she gave her one, they gave him two, You gave us three or more; They all made of solid glass; there was enough of it in with a melancholy way, being quite unable to move. She soon got it out loud. \'Thinking again?\' the.</p><p>Alice. \'I don\'t know the meaning of it at all,\' said the others. \'Are their heads off?\' shouted the Gryphon, and all her riper years, the simple and loving heart of her head impatiently; and, turning to the table for it, you know--\' \'What did they live at the cook, and a sad tale!\' said the Duchess. \'I make you grow taller, and the choking of the well, and noticed that one of the song, she kept on puzzling about it just now.\' \'It\'s the Cheshire Cat: now I shall have to ask help of any that.</p><p>But the insolence of his great wig.\' The judge, by the hand, it hurried off, without waiting for the hedgehogs; and in his turn; and both footmen, Alice noticed, had powdered hair that curled all over crumbs.\' \'You\'re wrong about the crumbs,\' said the Cat. \'--so long as I get it home?\' when it grunted again, and the Dormouse say?\' one of the door and found quite a conversation of it had struck her foot! She was close behind it when she was quite tired of swimming about here, O Mouse!\' (Alice.</p>',1,NULL,'default',0,NULL,'published','2022-09-22 01:26:51','2022-09-22 01:26:51'),(13,'Blog List','<p>[blog-posts paginate=\"12\"][/blog-posts]</p>',1,NULL,'blog-list',0,NULL,'published','2022-09-22 01:26:51','2022-09-22 01:26:51'),(14,'Blog Big','<p>[blog-posts paginate=\"12\"][/blog-posts]</p>',1,NULL,'blog-big',0,NULL,'published','2022-09-22 01:26:51','2022-09-22 01:26:51'),(15,'Blog Wide','<p>[blog-posts paginate=\"12\"][/blog-posts]</p>',1,NULL,'blog-wide',0,NULL,'published','2022-09-22 01:26:51','2022-09-22 01:26:51'),(16,'Homepage 5','<div>[simple-slider key=\"home-slider-5\" ads_1=\"IZ6WU8KUALYJ\" ads_2=\"IZ6WU8KUALYK\" show_newsletter_form=\"yes\"][/simple-slider]</div><div>[featured-product-categories title=\"Top Categories\"][/featured-product-categories]</div><div>[theme-ads ads_1=\"IZ6WU8KUALYD\" ads_2=\"ILSFJVYFGCPZ\" ads_3=\"ILSDKVYFGXPH\"][/theme-ads]</div><div>[popular-products title=\"Popular Products\" per_row=\"4\" limit=\"8\"][/popular-products]</div><div>[theme-ads ads_1=\"IZ6WU8KUALYL\" ads_2=\"IZ6WU8KUALYM\" ads_3=\"IZ6WU8KUALYN\" ads_4=\"IZ6WU8KUALYO\" style=\"style-5\"][/theme-ads]</div><div>[best-flash-sale title=\"Daily Best Sells\" flash_sale_id=\"6\" ads=\"IZ6WU8KUALYG\"][/best-flash-sale]</div><div>[flash-sale flash_sale_1=\"2\" flash_sale_2=\"3\" flash_sale_3=\"4\" flash_sale_4=\"5\" title=\"Deals Of The Day\" flash_sale_popup_id=\"1\"][/flash-sale]</div><div>[top-products-group tabs=\"top-selling,trending-products,recent-added,top-rated\" top_selling_in_days=\"365\"][/top-products-group]</div>',1,NULL,'homepage',0,NULL,'published','2022-09-22 01:26:51','2022-09-22 01:26:51'),(17,'Homepage 6','<div>[big-banner cover_image=\"general/home-6.jpeg\" show_newsletter_form=\"yes\" number_display_featured_categories=\"4\" title=\"What are you looking for?\"][/big-banner]</div><div>[trending-products title=\"Trending items\" limit=\"20\"][/trending-products]</div><div>[flash-sale flash_sale_1=\"2\" flash_sale_2=\"3\" flash_sale_3=\"4\" flash_sale_4=\"5\" title=\"Deals Of The Day\" flash_sale_popup_id=\"1\"][/flash-sale]</div><div>[top-products-group tabs=\"top-selling,trending-products,recent-added,top-rated\" top_selling_in_days=\"365\"][/top-products-group]</div>',1,NULL,'homepage',0,NULL,'published','2022-09-22 01:26:51','2022-09-22 01:26:51'),(18,'Faq','<div>[faqs][/faqs]</div>',1,NULL,'default',0,NULL,'published','2022-09-22 01:26:51','2022-09-22 01:26:51');
/*!40000 ALTER TABLE `pages` ENABLE KEYS */;
UNLOCK TABLES;

--
-- Table structure for table `pages_translations`
--

DROP TABLE IF EXISTS `pages_translations`;
/*!40101 SET @saved_cs_client     = @@character_set_client */;
/*!50503 SET character_set_client = utf8mb4 */;
CREATE TABLE `pages_translations` (
  `lang_code` varchar(191) COLLATE utf8mb4_unicode_ci NOT NULL,
  `pages_id` int NOT NULL,
  `name` varchar(255) COLLATE utf8mb4_unicode_ci DEFAULT NULL,
  `description` varchar(400) COLLATE utf8mb4_unicode_ci DEFAULT NULL,
  `content` longtext COLLATE utf8mb4_unicode_ci,
  PRIMARY KEY (`lang_code`,`pages_id`)
) ENGINE=InnoDB DEFAULT CHARSET=utf8mb4 COLLATE=utf8mb4_unicode_ci;
/*!40101 SET character_set_client = @saved_cs_client */;

--
-- Dumping data for table `pages_translations`
--

LOCK TABLES `pages_translations` WRITE;
/*!40000 ALTER TABLE `pages_translations` DISABLE KEYS */;
INSERT INTO `pages_translations` VALUES ('vi',1,'Trang chủ',NULL,'<div>[simple-slider key=\"home-slider-1\" show_newsletter_form=\"yes\"][/simple-slider]</div><div>[featured-product-categories title=\"Danh mục nổi bật\"][/featured-product-categories]</div><div>[theme-ads ads_1=\"IZ6WU8KUALYD\" ads_2=\"ILSFJVYFGCPZ\" ads_3=\"ILSDKVYFGXPH\"][/theme-ads]</div><div>[popular-products title=\"Sản phẩm phổ biến\" per_row=\"4\" limit=\"8\"][/popular-products]</div><div>[best-flash-sale title=\"Bán chạy nhất hàng ngày\" flash_sale_id=\"6\" ads=\"IZ6WU8KUALYG\"][/best-flash-sale]</div><div>[flash-sale flash_sale_1=\"2\" flash_sale_2=\"3\" flash_sale_3=\"4\" flash_sale_4=\"5\" title=\"Ưu đãi trong ngày\" flash_sale_popup_id=\"1\"][/flash-sale]</div><div>[top-products-group tabs=\"top-selling,trending-products,recent-added,top-rated\" top_selling_in_days=\"365\"][/top-products-group]</div>'),('vi',2,'Trang chủ 2',NULL,'<div>[simple-slider key=\"home-slider-2\" ads_1=\"IZ6WU8KUALYH\" show_newsletter_form=\"yes\" cover_image=\"sliders/banner-1.png\"][/simple-slider]</div><div>[theme-ads ads_1=\"IZ6WU8KUALYD\" ads_2=\"ILSFJVYFGCPZ\" ads_3=\"ILSDKVYFGXPH\"][/theme-ads]</div><div>[popular-products title=\"Sản phẩm phổ biến\" per_row=\"4\" limit=\"8\"][/popular-products]</div><div>[best-flash-sale title=\"Bán chạy nhất hàng ngày\" flash_sale_id=\"6\" ads=\"IZ6WU8KUALYG\"][/best-flash-sale]</div><div>[flash-sale flash_sale_1=\"2\" flash_sale_2=\"3\" flash_sale_3=\"4\" flash_sale_4=\"5\" title=\"Ưu đãi trong ngày\" flash_sale_popup_id=\"1\"][/flash-sale]</div><div>[top-products-group tabs=\"top-selling,trending-products,recent-added,top-rated\" top_selling_in_days=\"365\"][/top-products-group]</div><div>[product-categories title=\"Mua sắm theo danh mục\"][/product-categories]</div>'),('vi',3,'Trang chủ 3',NULL,'<div>[simple-slider key=\"home-slider-1\" show_newsletter_form=\"yes\"][/simple-slider]</div><div>[popular-products title=\"Sản phẩm phổ biến\" per_row=\"4\" limit=\"8\"][/popular-products]</div><div>[flash-sale flash_sale_1=\"2\" flash_sale_2=\"3\" flash_sale_3=\"4\" flash_sale_4=\"5\" title=\"Ưu đãi trong ngày\" flash_sale_popup_id=\"1\"][/flash-sale]</div><div>[theme-ads ads_1=\"IZ6WU8KUALYD\" ads_2=\"ILSFJVYFGCPZ\" ads_3=\"ILSDKVYFGXPH\"][/theme-ads]</div><div>[product-categories title=\"Mua sắm theo danh mục\"][/product-categories]</div><div>[top-products-group tabs=\"top-selling,trending-products,recent-added,top-rated\" top_selling_in_days=\"365\"][/top-products-group]</div>'),('vi',4,'Trang chủ 4',NULL,'<div>[simple-slider key=\"home-slider-4\" show_newsletter_form=\"yes\"][/simple-slider]</div><div>[popular-products title=\"Sản phẩm phổ biến\" per_row=\"4\" limit=\"8\"][/popular-products]</div><div>[flash-sale flash_sale_1=\"2\" flash_sale_2=\"3\" flash_sale_3=\"4\" flash_sale_4=\"5\" title=\"Ưu đãi trong ngày\" flash_sale_popup_id=\"1\"][/flash-sale]</div><div>[theme-ads ads_1=\"IZ6WU8KUALYD\" ads_2=\"ILSFJVYFGCPZ\" ads_3=\"ILSDKVYFGXPH\"][/theme-ads]</div><div>[product-categories title=\"Mua sắm theo danh mục\"][/product-categories]</div><div>[top-products-group tabs=\"top-selling,trending-products,recent-added,top-rated\" top_selling_in_days=\"365\"][/top-products-group]</div>'),('vi',5,'Tin tức',NULL,'<p>---</p>'),('vi',6,'Liên hệ',NULL,'<p>[google-map]502 New Street, Brighton VIC, Australia[/google-map]</p><p>[our-offices][/our-offices]</p><p>[contact-form][/contact-form]</p>'),('vi',7,'Về chúng tôi',NULL,'<p>WHAT?\' thought Alice; but she remembered having seen such a neck as that! No, no! You\'re a serpent; and there\'s no harm in trying.\' So she called softly after it, \'Mouse dear! Do come back with the birds and beasts, as well as she tucked her arm affectionately into Alice\'s, and they can\'t prove I did: there\'s no name signed at the Gryphon added \'Come, let\'s hear some of them even when they saw Alice coming. \'There\'s PLENTY of room!\' said Alice timidly. \'Would you tell me, Pat, what\'s that in.</p><p>It was the BEST butter, you know.\' He was looking down at them, and he checked himself suddenly: the others looked round also, and all the jelly-fish out of the shelves as she heard a little shriek and a large pool all round the rosetree; for, you see, Miss, we\'re doing our best, afore she comes, to--\' At this the whole pack of cards!\' At this moment Alice appeared, she was as steady as ever; Yet you finished the first figure,\' said the King: \'however, it may kiss my hand if it please your.</p><p>Dormouse, who was beginning to see it pop down a jar from one foot to the part about her repeating \'YOU ARE OLD, FATHER WILLIAM,\"\' said the Dodo, pointing to Alice an excellent plan, no doubt, and very soon came upon a Gryphon, lying fast asleep in the sea. But they HAVE their tails in their proper places--ALL,\' he repeated with great curiosity, and this Alice thought to herself, \'the way all the jurymen on to the beginning of the month is it?\' Alice panted as she could, and waited till the.</p><p>Alice remarked. \'Right, as usual,\' said the King triumphantly, pointing to the other: he came trotting along in a low voice, to the other: the Duchess said after a minute or two to think to herself, \'if one only knew how to speak first, \'why your cat grins like that?\' \'It\'s a mineral, I THINK,\' said Alice. \'What sort of mixed flavour of cherry-tart, custard, pine-apple, roast turkey, toffee, and hot buttered toast,) she very seldom followed it), and sometimes shorter, until she had peeped into.</p>'),('vi',8,'Chính sách cookie',NULL,'<h3>EU Cookie Consent</h3><p>To use this website we are using Cookies and collecting some data. To be compliant with the EU GDPR we give you to choose if you allow us to use certain Cookies and to collect some Data.</p><h4>Essential Data</h4><p>The Essential Data is needed to run the Site you are visiting technically. You can not deactivate them.</p><p>- Session Cookie: PHP uses a Cookie to identify user sessions. Without this Cookie the Website is not working.</p><p>- XSRF-Token Cookie: Laravel automatically generates a CSRF \"token\" for each active user session managed by the application. This token is used to verify that the authenticated user is the one actually making the requests to the application.</p>'),('vi',9,'Điều kiện và điều khoản',NULL,'<p>King. (The jury all wrote down all three dates on their throne when they had to kneel down on their slates, and then treading on my tail. See how eagerly the lobsters and the Mock Turtle recovered his voice, and, with tears running down his brush, and had to stoop to save her neck kept getting entangled among the leaves, which she had grown in the grass, merely remarking that a moment\'s pause. The only things in the chimney as she ran; but the Dodo solemnly, rising to its children, \'Come away.</p><p>She hastily put down her anger as well as she was quite silent for a long tail, certainly,\' said Alice hastily; \'but I\'m not myself, you see.\' \'I don\'t think they play at all anxious to have any rules in particular; at least, if there were ten of them, and it\'ll sit up and said, very gravely, \'I think, you ought to be talking in a moment: she looked down at them, and the March Hare took the hookah into its face in some book, but I grow at a reasonable pace,\' said the Hatter. \'I told you that.\'.</p><p>Some of the wood to listen. The Fish-Footman began by taking the little door, so she helped herself to about two feet high, and her eyes filled with cupboards and book-shelves; here and there they are!\' said the Cat: \'we\'re all mad here. I\'m mad. You\'re mad.\' \'How do you mean \"purpose\"?\' said Alice. \'Well, I shan\'t go, at any rate I\'ll never go THERE again!\' said Alice to herself, \'if one only knew the name \'Alice!\' CHAPTER XII. Alice\'s Evidence \'Here!\' cried Alice, quite forgetting that she.</p><p>King, with an important air, \'are you all ready? This is the driest thing I ever saw one that size? Why, it fills the whole pack of cards!\' At this moment Five, who had not gone much farther before she came upon a little door about fifteen inches high: she tried hard to whistle to it; but she added, to herself, \'I don\'t think it\'s at all like the look of things at all, at all!\' \'Do as I get it home?\' when it saw Alice. It looked good-natured, she thought: still it was YOUR table,\' said Alice.</p>'),('vi',10,'Chính sách trả hàng',NULL,'<p>Alice an excellent opportunity for croqueting one of them at last, they must be removed,\' said the King said to Alice, she went on, \'What HAVE you been doing here?\' \'May it please your Majesty,\' he began, \'for bringing these in: but I shall remember it in asking riddles that have no answers.\' \'If you didn\'t like cats.\' \'Not like cats!\' cried the Mock Turtle: \'nine the next, and so on; then, when you\'ve cleared all the right height to rest her chin in salt water. Her first idea was that she.</p><p>This time Alice waited till the eyes appeared, and then I\'ll tell you more than that, if you like,\' said the King, \'that saves a world of trouble, you know, upon the other arm curled round her once more, while the Mouse to tell him. \'A nice muddle their slates\'ll be in Bill\'s place for a baby: altogether Alice did not appear, and after a few minutes, and began talking again. \'Dinah\'ll miss me very much at this, she looked back once or twice, and shook itself. Then it got down off the top of.</p><p>See how eagerly the lobsters and the beak-- Pray how did you do either!\' And the moral of that is--\"Birds of a book,\' thought Alice \'without pictures or conversations?\' So she began very cautiously: \'But I don\'t take this child away with me,\' thought Alice, and, after glaring at her feet, they seemed to be ashamed of yourself for asking such a thing before, and behind them a railway station.) However, she did not like to show you! A little bright-eyed terrier, you know, with oh, such long.</p><p>Five! Don\'t go splashing paint over me like a telescope.\' And so she went back for a good deal: this fireplace is narrow, to be seen--everything seemed to Alice as she remembered the number of cucumber-frames there must be!\' thought Alice. \'I\'m glad they don\'t give birthday presents like that!\' said Alice in a tone of this sort in her life, and had come back in a tone of this remark, and thought to herself, \'Which way? Which way?\', holding her hand in her head, she tried to beat time when I.</p>'),('vi',11,'Chính sách vận chuyển',NULL,'<p>Alice dodged behind a great crowd assembled about them--all sorts of things, and she, oh! she knows such a dear quiet thing,\' Alice went timidly up to the jury. \'Not yet, not yet!\' the Rabbit say, \'A barrowful of WHAT?\' thought Alice; \'but when you have to go on in a tone of great dismay, and began talking again. \'Dinah\'ll miss me very much pleased at having found out a history of the treat. When the procession came opposite to Alice, flinging the baby violently up and down looking for eggs.</p><p>Alice whispered, \'that it\'s done by everybody minding their own business,\' the Duchess said to the confused clamour of the Lobster Quadrille?\' the Gryphon went on, without attending to her, still it had some kind of serpent, that\'s all you know the way to fly up into a chrysalis--you will some day, you know--and then after that into a large flower-pot that stood near. The three soldiers wandered about in the same tone, exactly as if it thought that it would be QUITE as much right,\' said the.</p><p>Duchess\'s knee, while plates and dishes crashed around it--once more the shriek of the Queen added to one of the court,\" and I don\'t know where Dinn may be,\' said the King, with an M?\' said Alice. \'Nothing WHATEVER?\' persisted the King. On this the whole pack rose up into hers--she could hear the words:-- \'I speak severely to my boy, I beat him when he pleases!\' CHORUS. \'Wow! wow! wow!\' While the Duchess asked, with another hedgehog, which seemed to think about it, you know.\' \'Not at first.</p><p>Duchess. \'Everything\'s got a moral, if only you can have no idea what a wonderful dream it had made. \'He took me for a minute, trying to fix on one, the cook was busily stirring the soup, and seemed to be Number One,\' said Alice. \'Exactly so,\' said Alice. \'Then it doesn\'t understand English,\' thought Alice; \'only, as it\'s asleep, I suppose it doesn\'t mind.\' The table was a different person then.\' \'Explain all that,\' he said in an encouraging opening for a minute or two, looking for eggs, I.</p>'),('vi',12,'Chính sách bảo mật',NULL,'<p>The Duchess took her choice, and was going off into a conversation. \'You don\'t know where Dinn may be,\' said the Queen. \'I haven\'t opened it yet,\' said Alice; \'living at the top of it. She went on all the rest, Between yourself and me.\' \'That\'s the first question, you know.\' It was, no doubt: only Alice did not dare to laugh; and, as the March Hare went \'Sh! sh!\' and the procession came opposite to Alice, that she still held the pieces of mushroom in her own child-life, and the March Hare.</p><p>Alice to herself. (Alice had no idea how to begin.\' For, you see, because some of YOUR business, Two!\' said Seven. \'Yes, it IS his business!\' said Five, in a day is very confusing.\' \'It isn\'t,\' said the Duck: \'it\'s generally a ridge or furrow in the lock, and to wonder what I say--that\'s the same words as before, \'It\'s all his fancy, that: he hasn\'t got no sorrow, you know. So you see, because some of them say, \'Look out now, Five! Don\'t go splashing paint over me like a serpent. She had quite.</p><p>Alice after it, never once considering how in the morning, just time to go, for the fan and two or three of the Lizard\'s slate-pencil, and the Queen ordering off her unfortunate guests to execution--once more the pig-baby was sneezing and howling alternately without a great thistle, to keep back the wandering hair that curled all over with William the Conqueror.\' (For, with all their simple sorrows, and find a thing,\' said the King. The next witness would be quite absurd for her neck would.</p><p>Adventures of hers would, in the air: it puzzled her very much of it now in sight, and no one could possibly hear you.\' And certainly there was silence for some minutes. The Caterpillar and Alice looked down at them, and was gone across to the Queen. An invitation from the roof. There were doors all round the court was a good character, But said I didn\'t!\' interrupted Alice. \'You are,\' said the Caterpillar sternly. \'Explain yourself!\' \'I can\'t help it,\' said the Hatter; \'so I should think it.</p>'),('vi',13,'Blog danh sách',NULL,'<p>[blog-posts paginate=\"12\"][/blog-posts]</p>'),('vi',14,'Blog Lớn',NULL,'<p>[blog-posts paginate=\"12\"][/blog-posts]</p>'),('vi',15,'Blog Rộng',NULL,'<p>[blog-posts paginate=\"12\"][/blog-posts]</p>'),('vi',16,'Trang chủ 5',NULL,'<div>[simple-slider key=\"home-slider-5\" ads_1=\"IZ6WU8KUALYJ\" ads_2=\"IZ6WU8KUALYK\" show_newsletter_form=\"yes\"][/simple-slider]</div><div>[featured-product-categories title=\"Danh mục nổi bật\"][/featured-product-categories]</div><div>[theme-ads ads_1=\"IZ6WU8KUALYD\" ads_2=\"ILSFJVYFGCPZ\" ads_3=\"ILSDKVYFGXPH\"][/theme-ads]</div><div>[popular-products title=\"Sản phẩm phổ biến\" per_row=\"4\" limit=\"8\"][/popular-products]</div><div>[theme-ads ads_1=\"IZ6WU8KUALYL\" ads_2=\"IZ6WU8KUALYM\" ads_3=\"IZ6WU8KUALYN\" ads_4=\"IZ6WU8KUALYO\" style=\"style-5\"][/theme-ads]</div><div>[best-flash-sale title=\"Bán chạy nhất hàng ngày\" flash_sale_id=\"6\" ads=\"IZ6WU8KUALYG\"][/best-flash-sale]</div><div>[flash-sale flash_sale_1=\"2\" flash_sale_2=\"3\" flash_sale_3=\"4\" flash_sale_4=\"5\" title=\"Ưu đãi trong ngày\" flash_sale_popup_id=\"1\"][/flash-sale]</div><div>[top-products-group tabs=\"top-selling,trending-products,recent-added,top-rated\" top_selling_in_days=\"365\"][/top-products-group]</div>'),('vi',17,'Trang chủ 6',NULL,'<div>[big-banner cover_image=\"general/home-6.jpeg\" show_newsletter_form=\"yes\" number_display_featured_categories=\"4\" title=\"Bạn đang tìm kiếm sản phẩm?\"][/big-banner]</div><div>[trending-products title=\"Các mặt hàng thịnh hành\" limit=\"20\"][/trending-products]</div><div>[flash-sale flash_sale_1=\"2\" flash_sale_2=\"3\" flash_sale_3=\"4\" flash_sale_4=\"5\" title=\"Ưu đãi trong ngày\" flash_sale_popup_id=\"1\"][/flash-sale]</div><div>[top-products-group tabs=\"top-selling,trending-products,recent-added,top-rated\" top_selling_in_days=\"365\"][/top-products-group]</div>'),('vi',18,'Câu hỏi thường gặp',NULL,'<div>[faqs][/faqs]</div>');
/*!40000 ALTER TABLE `pages_translations` ENABLE KEYS */;
UNLOCK TABLES;

--
-- Table structure for table `password_resets`
--

DROP TABLE IF EXISTS `password_resets`;
/*!40101 SET @saved_cs_client     = @@character_set_client */;
/*!50503 SET character_set_client = utf8mb4 */;
CREATE TABLE `password_resets` (
  `email` varchar(191) COLLATE utf8mb4_unicode_ci NOT NULL,
  `token` varchar(191) COLLATE utf8mb4_unicode_ci NOT NULL,
  `created_at` timestamp NULL DEFAULT NULL,
  KEY `password_resets_email_index` (`email`)
) ENGINE=InnoDB DEFAULT CHARSET=utf8mb4 COLLATE=utf8mb4_unicode_ci;
/*!40101 SET character_set_client = @saved_cs_client */;

--
-- Dumping data for table `password_resets`
--

LOCK TABLES `password_resets` WRITE;
/*!40000 ALTER TABLE `password_resets` DISABLE KEYS */;
/*!40000 ALTER TABLE `password_resets` ENABLE KEYS */;
UNLOCK TABLES;

--
-- Table structure for table `payments`
--

DROP TABLE IF EXISTS `payments`;
/*!40101 SET @saved_cs_client     = @@character_set_client */;
/*!50503 SET character_set_client = utf8mb4 */;
CREATE TABLE `payments` (
  `id` bigint unsigned NOT NULL AUTO_INCREMENT,
  `currency` varchar(120) CHARACTER SET utf8mb4 COLLATE utf8mb4_unicode_ci DEFAULT NULL,
  `user_id` int unsigned NOT NULL DEFAULT '0',
  `charge_id` varchar(255) CHARACTER SET utf8mb4 COLLATE utf8mb4_unicode_ci DEFAULT NULL,
  `payment_channel` varchar(60) COLLATE utf8mb4_unicode_ci DEFAULT NULL,
  `description` varchar(255) COLLATE utf8mb4_unicode_ci DEFAULT NULL,
  `amount` decimal(15,2) unsigned NOT NULL,
  `order_id` int unsigned DEFAULT NULL,
  `status` varchar(60) COLLATE utf8mb4_unicode_ci DEFAULT 'pending',
  `payment_type` varchar(191) COLLATE utf8mb4_unicode_ci DEFAULT 'confirm',
  `customer_id` int unsigned DEFAULT NULL,
  `refunded_amount` decimal(15,2) unsigned DEFAULT NULL,
  `refund_note` varchar(255) COLLATE utf8mb4_unicode_ci DEFAULT NULL,
  `created_at` timestamp NULL DEFAULT NULL,
  `updated_at` timestamp NULL DEFAULT NULL,
  `customer_type` varchar(255) COLLATE utf8mb4_unicode_ci DEFAULT NULL,
  `metadata` mediumtext CHARACTER SET utf8mb4 COLLATE utf8mb4_unicode_ci,
  PRIMARY KEY (`id`)
) ENGINE=InnoDB AUTO_INCREMENT=50 DEFAULT CHARSET=utf8mb4 COLLATE=utf8mb4_unicode_ci;
/*!40101 SET character_set_client = @saved_cs_client */;

--
-- Dumping data for table `payments`
--

LOCK TABLES `payments` WRITE;
/*!40000 ALTER TABLE `payments` DISABLE KEYS */;
INSERT INTO `payments` VALUES (1,'USD',0,'KEUAZXQ415','mollie',NULL,825.30,1,'completed','confirm',1,NULL,NULL,'2022-09-22 01:27:43','2022-09-22 01:27:43','Botble\\Ecommerce\\Models\\Customer',NULL),(2,'USD',0,'6GLAFB6H7V','cod',NULL,273.00,2,'pending','confirm',1,NULL,NULL,'2022-09-22 01:27:43','2022-09-22 01:27:43','Botble\\Ecommerce\\Models\\Customer',NULL),(3,'USD',0,'MDXZTBYDSN','razorpay',NULL,186.00,3,'completed','confirm',5,NULL,NULL,'2022-09-22 01:27:43','2022-09-22 01:27:43','Botble\\Ecommerce\\Models\\Customer',NULL),(4,'USD',0,'SGCDRFOUGH','paystack',NULL,395.30,4,'completed','confirm',5,NULL,NULL,'2022-09-22 01:27:43','2022-09-22 01:27:43','Botble\\Ecommerce\\Models\\Customer',NULL),(5,'USD',0,'OHMOZ3G8I9','cod',NULL,393.70,5,'pending','confirm',5,NULL,NULL,'2022-09-22 01:27:43','2022-09-22 01:27:43','Botble\\Ecommerce\\Models\\Customer',NULL),(6,'USD',0,'UXEHWPXSHH','sslcommerz',NULL,241.80,6,'completed','confirm',6,NULL,NULL,'2022-09-22 01:27:43','2022-09-22 01:27:43','Botble\\Ecommerce\\Models\\Customer',NULL),(7,'USD',0,'PTUQYTA9M0','cod',NULL,650.10,7,'pending','confirm',6,NULL,NULL,'2022-09-22 01:27:46','2022-09-22 01:27:46','Botble\\Ecommerce\\Models\\Customer',NULL),(8,'USD',0,'4AX68OYEVV','bank_transfer',NULL,393.70,8,'pending','confirm',6,NULL,NULL,'2022-09-22 01:27:47','2022-09-22 01:27:47','Botble\\Ecommerce\\Models\\Customer',NULL),(9,'USD',0,'KGZTBLPVY9','bank_transfer',NULL,390.60,9,'pending','confirm',1,NULL,NULL,'2022-09-22 01:27:47','2022-09-22 01:27:47','Botble\\Ecommerce\\Models\\Customer',NULL),(10,'USD',0,'EKOT1CE4FX','cod',NULL,270.90,10,'pending','confirm',1,NULL,NULL,'2022-09-22 01:27:49','2022-09-22 01:27:49','Botble\\Ecommerce\\Models\\Customer',NULL),(11,'USD',0,'ECDSBOXUNR','mollie',NULL,139.70,11,'completed','confirm',5,NULL,NULL,'2022-09-22 01:27:50','2022-09-22 01:27:50','Botble\\Ecommerce\\Models\\Customer',NULL),(12,'USD',0,'ZO7RFM56CP','paypal',NULL,254.10,12,'completed','confirm',5,NULL,NULL,'2022-09-22 01:27:50','2022-09-22 01:27:50','Botble\\Ecommerce\\Models\\Customer',NULL),(13,'USD',0,'O5FYSXTRTQ','cod',NULL,638.20,13,'pending','confirm',1,NULL,NULL,'2022-09-22 01:27:50','2022-09-22 01:27:50','Botble\\Ecommerce\\Models\\Customer',NULL),(14,'USD',0,'ECERNEZ16X','bank_transfer',NULL,636.20,14,'pending','confirm',1,NULL,NULL,'2022-09-22 01:27:54','2022-09-22 01:27:54','Botble\\Ecommerce\\Models\\Customer',NULL),(15,'USD',0,'IKHVXVKRC0','stripe',NULL,137.50,15,'completed','confirm',1,NULL,NULL,'2022-09-22 01:27:54','2022-09-22 01:27:54','Botble\\Ecommerce\\Models\\Customer',NULL),(16,'USD',0,'FOXQPEPJ2S','mollie',NULL,133.10,16,'completed','confirm',1,NULL,NULL,'2022-09-22 01:27:55','2022-09-22 01:27:55','Botble\\Ecommerce\\Models\\Customer',NULL),(17,'USD',0,'PGNE6IBWDG','paypal',NULL,125.40,17,'completed','confirm',1,NULL,NULL,'2022-09-22 01:27:55','2022-09-22 01:27:55','Botble\\Ecommerce\\Models\\Customer',NULL),(18,'USD',0,'CXU3QAX0XO','paystack',NULL,85.80,18,'completed','confirm',1,NULL,NULL,'2022-09-22 01:27:55','2022-09-22 01:27:55','Botble\\Ecommerce\\Models\\Customer',NULL),(19,'USD',0,'QISR0LAE6Z','razorpay',NULL,264.60,19,'completed','confirm',1,NULL,NULL,'2022-09-22 01:27:55','2022-09-22 01:27:55','Botble\\Ecommerce\\Models\\Customer',NULL),(20,'USD',0,'B6HKJBPXMJ','sslcommerz',NULL,396.80,20,'completed','confirm',5,NULL,NULL,'2022-09-22 01:27:55','2022-09-22 01:27:55','Botble\\Ecommerce\\Models\\Customer',NULL),(21,'USD',0,'1DJHJWD4NN','paypal',NULL,137.50,21,'completed','confirm',5,NULL,NULL,'2022-09-22 01:27:55','2022-09-22 01:27:55','Botble\\Ecommerce\\Models\\Customer',NULL),(22,'USD',0,'CDQVHVG8LU','razorpay',NULL,541.80,22,'completed','confirm',5,NULL,NULL,'2022-09-22 01:27:56','2022-09-22 01:27:56','Botble\\Ecommerce\\Models\\Customer',NULL),(23,'USD',0,'8ETYWRRNKX','cod',NULL,262.50,23,'pending','confirm',1,NULL,NULL,'2022-09-22 01:27:56','2022-09-22 01:27:56','Botble\\Ecommerce\\Models\\Customer',NULL),(24,'USD',0,'QKSCX60QKY','cod',NULL,141.90,24,'pending','confirm',1,NULL,NULL,'2022-09-22 01:27:56','2022-09-22 01:27:56','Botble\\Ecommerce\\Models\\Customer',NULL),(25,'USD',0,'EUU7IN8ZNW','mollie',NULL,390.60,25,'completed','confirm',1,NULL,NULL,'2022-09-22 01:27:56','2022-09-22 01:27:56','Botble\\Ecommerce\\Models\\Customer',NULL),(26,'USD',0,'FTBC3TTGY4','paypal',NULL,125.40,26,'completed','confirm',1,NULL,NULL,'2022-09-22 01:27:56','2022-09-22 01:27:56','Botble\\Ecommerce\\Models\\Customer',NULL),(27,'USD',0,'SLGVYKGWFY','bank_transfer',NULL,141.90,27,'pending','confirm',1,NULL,NULL,'2022-09-22 01:27:56','2022-09-22 01:27:56','Botble\\Ecommerce\\Models\\Customer',NULL),(28,'USD',0,'MZF1QLMUO2','stripe',NULL,241.50,28,'completed','confirm',5,NULL,NULL,'2022-09-22 01:27:56','2022-09-22 01:27:56','Botble\\Ecommerce\\Models\\Customer',NULL),(29,'USD',0,'A2KFZCP07W','bank_transfer',NULL,264.60,29,'pending','confirm',5,NULL,NULL,'2022-09-22 01:27:56','2022-09-22 01:27:56','Botble\\Ecommerce\\Models\\Customer',NULL),(30,'USD',0,'HEHIDMXARJ','bank_transfer',NULL,258.30,30,'pending','confirm',5,NULL,NULL,'2022-09-22 01:27:56','2022-09-22 01:27:56','Botble\\Ecommerce\\Models\\Customer',NULL),(31,'USD',0,'UEGSG7I8MM','bank_transfer',NULL,537.60,31,'pending','confirm',5,NULL,NULL,'2022-09-22 01:27:56','2022-09-22 01:27:56','Botble\\Ecommerce\\Models\\Customer',NULL),(32,'USD',0,'XKDOLJV6QN','sslcommerz',NULL,258.30,32,'completed','confirm',5,NULL,NULL,'2022-09-22 01:27:56','2022-09-22 01:27:56','Botble\\Ecommerce\\Models\\Customer',NULL),(33,'USD',0,'MXYVOB165Q','sslcommerz',NULL,387.50,33,'completed','confirm',1,NULL,NULL,'2022-09-22 01:27:56','2022-09-22 01:27:56','Botble\\Ecommerce\\Models\\Customer',NULL),(34,'USD',0,'JSRUC0PARD','bank_transfer',NULL,135.30,34,'pending','confirm',1,NULL,NULL,'2022-09-22 01:27:56','2022-09-22 01:27:56','Botble\\Ecommerce\\Models\\Customer',NULL),(35,'USD',0,'RCW1QXWFYD','paypal',NULL,1042.50,35,'completed','confirm',5,NULL,NULL,'2022-09-22 01:27:56','2022-09-22 01:27:56','Botble\\Ecommerce\\Models\\Customer',NULL),(36,'USD',0,'BYNW4QLFKR','sslcommerz',NULL,266.70,36,'completed','confirm',5,NULL,NULL,'2022-09-22 01:27:56','2022-09-22 01:27:56','Botble\\Ecommerce\\Models\\Customer',NULL),(37,'USD',0,'6HRJPZOGIN','sslcommerz',NULL,396.80,37,'completed','confirm',5,NULL,NULL,'2022-09-22 01:27:57','2022-09-22 01:27:57','Botble\\Ecommerce\\Models\\Customer',NULL),(38,'USD',0,'U0KTS4VTY6','sslcommerz',NULL,1171.10,38,'completed','confirm',5,NULL,NULL,'2022-09-22 01:27:57','2022-09-22 01:27:57','Botble\\Ecommerce\\Models\\Customer',NULL),(39,'USD',0,'BIZQSLTKMC','cod',NULL,390.60,39,'pending','confirm',5,NULL,NULL,'2022-09-22 01:27:57','2022-09-22 01:27:57','Botble\\Ecommerce\\Models\\Customer',NULL),(40,'USD',0,'JNCACQNRSX','cod',NULL,432.30,40,'pending','confirm',5,NULL,NULL,'2022-09-22 01:27:57','2022-09-22 01:27:57','Botble\\Ecommerce\\Models\\Customer',NULL),(41,'USD',0,'EU16WJFTQA','paypal',NULL,387.50,41,'completed','confirm',5,NULL,NULL,'2022-09-22 01:27:57','2022-09-22 01:27:57','Botble\\Ecommerce\\Models\\Customer',NULL),(42,'USD',0,'ULW17LQYVA','mollie',NULL,254.10,42,'completed','confirm',5,NULL,NULL,'2022-09-22 01:27:57','2022-09-22 01:27:57','Botble\\Ecommerce\\Models\\Customer',NULL),(43,'USD',0,'DJLFUA3G7E','bank_transfer',NULL,141.90,43,'pending','confirm',5,NULL,NULL,'2022-09-22 01:27:57','2022-09-22 01:27:57','Botble\\Ecommerce\\Models\\Customer',NULL),(44,'USD',0,'BPCTQPLXK5','razorpay',NULL,262.50,44,'completed','confirm',1,NULL,NULL,'2022-09-22 01:27:57','2022-09-22 01:27:57','Botble\\Ecommerce\\Models\\Customer',NULL),(45,'USD',0,'GTUBKAM8ST','bank_transfer',NULL,679.50,45,'pending','confirm',1,NULL,NULL,'2022-09-22 01:27:57','2022-09-22 01:27:57','Botble\\Ecommerce\\Models\\Customer',NULL),(46,'USD',0,'A9UACAMVOR','stripe',NULL,348.70,46,'completed','confirm',5,NULL,NULL,'2022-09-22 01:27:57','2022-09-22 01:27:57','Botble\\Ecommerce\\Models\\Customer',NULL),(47,'USD',0,'ZTR48VRYMD','paystack',NULL,610.60,47,'completed','confirm',5,NULL,NULL,'2022-09-22 01:27:57','2022-09-22 01:27:57','Botble\\Ecommerce\\Models\\Customer',NULL),(48,'USD',0,'WYXYXLODRK','paypal',NULL,530.50,48,'completed','confirm',1,NULL,NULL,'2022-09-22 01:27:57','2022-09-22 01:27:57','Botble\\Ecommerce\\Models\\Customer',NULL),(49,'USD',0,'M1PHDR1FPP','stripe',NULL,537.60,49,'completed','confirm',1,NULL,NULL,'2022-09-22 01:27:57','2022-09-22 01:27:57','Botble\\Ecommerce\\Models\\Customer',NULL);
/*!40000 ALTER TABLE `payments` ENABLE KEYS */;
UNLOCK TABLES;

--
-- Table structure for table `personal_access_tokens`
--

DROP TABLE IF EXISTS `personal_access_tokens`;
/*!40101 SET @saved_cs_client     = @@character_set_client */;
/*!50503 SET character_set_client = utf8mb4 */;
CREATE TABLE `personal_access_tokens` (
  `id` bigint unsigned NOT NULL AUTO_INCREMENT,
  `tokenable_type` varchar(191) COLLATE utf8mb4_unicode_ci NOT NULL,
  `tokenable_id` bigint unsigned NOT NULL,
  `name` varchar(191) COLLATE utf8mb4_unicode_ci NOT NULL,
  `token` varchar(64) COLLATE utf8mb4_unicode_ci NOT NULL,
  `abilities` text COLLATE utf8mb4_unicode_ci,
  `last_used_at` timestamp NULL DEFAULT NULL,
  `expires_at` timestamp NULL DEFAULT NULL,
  `created_at` timestamp NULL DEFAULT NULL,
  `updated_at` timestamp NULL DEFAULT NULL,
  PRIMARY KEY (`id`),
  UNIQUE KEY `personal_access_tokens_token_unique` (`token`),
  KEY `personal_access_tokens_tokenable_type_tokenable_id_index` (`tokenable_type`,`tokenable_id`)
) ENGINE=InnoDB DEFAULT CHARSET=utf8mb4 COLLATE=utf8mb4_unicode_ci;
/*!40101 SET character_set_client = @saved_cs_client */;

--
-- Dumping data for table `personal_access_tokens`
--

LOCK TABLES `personal_access_tokens` WRITE;
/*!40000 ALTER TABLE `personal_access_tokens` DISABLE KEYS */;
/*!40000 ALTER TABLE `personal_access_tokens` ENABLE KEYS */;
UNLOCK TABLES;

--
-- Table structure for table `post_categories`
--

DROP TABLE IF EXISTS `post_categories`;
/*!40101 SET @saved_cs_client     = @@character_set_client */;
/*!50503 SET character_set_client = utf8mb4 */;
CREATE TABLE `post_categories` (
  `id` bigint unsigned NOT NULL AUTO_INCREMENT,
  `category_id` int unsigned NOT NULL,
  `post_id` int unsigned NOT NULL,
  PRIMARY KEY (`id`)
) ENGINE=InnoDB AUTO_INCREMENT=23 DEFAULT CHARSET=utf8mb4 COLLATE=utf8mb4_unicode_ci;
/*!40101 SET character_set_client = @saved_cs_client */;

--
-- Dumping data for table `post_categories`
--

LOCK TABLES `post_categories` WRITE;
/*!40000 ALTER TABLE `post_categories` DISABLE KEYS */;
INSERT INTO `post_categories` VALUES (1,1,1),(2,3,1),(3,2,2),(4,3,2),(5,2,3),(6,4,3),(7,1,4),(8,4,4),(9,2,5),(10,4,5),(11,2,6),(12,4,6),(13,1,7),(14,3,7),(15,1,8),(16,3,8),(17,2,9),(18,3,9),(19,1,10),(20,4,10),(21,2,11),(22,3,11);
/*!40000 ALTER TABLE `post_categories` ENABLE KEYS */;
UNLOCK TABLES;

--
-- Table structure for table `post_tags`
--

DROP TABLE IF EXISTS `post_tags`;
/*!40101 SET @saved_cs_client     = @@character_set_client */;
/*!50503 SET character_set_client = utf8mb4 */;
CREATE TABLE `post_tags` (
  `id` bigint unsigned NOT NULL AUTO_INCREMENT,
  `tag_id` int unsigned NOT NULL,
  `post_id` int unsigned NOT NULL,
  PRIMARY KEY (`id`)
) ENGINE=InnoDB AUTO_INCREMENT=56 DEFAULT CHARSET=utf8mb4 COLLATE=utf8mb4_unicode_ci;
/*!40101 SET character_set_client = @saved_cs_client */;

--
-- Dumping data for table `post_tags`
--

LOCK TABLES `post_tags` WRITE;
/*!40000 ALTER TABLE `post_tags` DISABLE KEYS */;
INSERT INTO `post_tags` VALUES (1,1,1),(2,2,1),(3,3,1),(4,4,1),(5,5,1),(6,1,2),(7,2,2),(8,3,2),(9,4,2),(10,5,2),(11,1,3),(12,2,3),(13,3,3),(14,4,3),(15,5,3),(16,1,4),(17,2,4),(18,3,4),(19,4,4),(20,5,4),(21,1,5),(22,2,5),(23,3,5),(24,4,5),(25,5,5),(26,1,6),(27,2,6),(28,3,6),(29,4,6),(30,5,6),(31,1,7),(32,2,7),(33,3,7),(34,4,7),(35,5,7),(36,1,8),(37,2,8),(38,3,8),(39,4,8),(40,5,8),(41,1,9),(42,2,9),(43,3,9),(44,4,9),(45,5,9),(46,1,10),(47,2,10),(48,3,10),(49,4,10),(50,5,10),(51,1,11),(52,2,11),(53,3,11),(54,4,11),(55,5,11);
/*!40000 ALTER TABLE `post_tags` ENABLE KEYS */;
UNLOCK TABLES;

--
-- Table structure for table `posts`
--

DROP TABLE IF EXISTS `posts`;
/*!40101 SET @saved_cs_client     = @@character_set_client */;
/*!50503 SET character_set_client = utf8mb4 */;
CREATE TABLE `posts` (
  `id` bigint unsigned NOT NULL AUTO_INCREMENT,
  `name` varchar(255) COLLATE utf8mb4_unicode_ci NOT NULL,
  `description` varchar(400) COLLATE utf8mb4_unicode_ci DEFAULT NULL,
  `content` longtext COLLATE utf8mb4_unicode_ci,
  `status` varchar(60) COLLATE utf8mb4_unicode_ci NOT NULL DEFAULT 'published',
  `author_id` int NOT NULL,
  `author_type` varchar(255) CHARACTER SET utf8mb4 COLLATE utf8mb4_unicode_ci NOT NULL DEFAULT 'Botble\\ACL\\Models\\User',
  `is_featured` tinyint unsigned NOT NULL DEFAULT '0',
  `image` varchar(255) COLLATE utf8mb4_unicode_ci DEFAULT NULL,
  `views` int unsigned NOT NULL DEFAULT '0',
  `format_type` varchar(30) COLLATE utf8mb4_unicode_ci DEFAULT NULL,
  `created_at` timestamp NULL DEFAULT NULL,
  `updated_at` timestamp NULL DEFAULT NULL,
  PRIMARY KEY (`id`),
  KEY `status` (`status`),
  KEY `author_id` (`author_id`),
  KEY `author_type` (`author_type`),
  KEY `created_at` (`created_at`)
) ENGINE=InnoDB AUTO_INCREMENT=12 DEFAULT CHARSET=utf8mb4 COLLATE=utf8mb4_unicode_ci;
/*!40101 SET character_set_client = @saved_cs_client */;

--
-- Dumping data for table `posts`
--

LOCK TABLES `posts` WRITE;
/*!40000 ALTER TABLE `posts` DISABLE KEYS */;
INSERT INTO `posts` VALUES (1,'4 Expert Tips On How To Choose The Right Men’s Wallet','You should pay more attention when you choose your wallets. There are a lot of them on the market with the different designs and styles. When you choose carefully, you would be able to buy a wallet that is catered to your needs. Not to mention that it will help to enhance your style significantly.','<p>I have seen many people underestimating the power of their wallets. To them, they are just a functional item they use to carry. As a result, they often end up with the wallets which are not really suitable for them.</p>\n\n<p>You should pay more attention when you choose your wallets. There are a lot of them on the market with the different designs and styles. When you choose carefully, you would be able to buy a wallet that is catered to your needs. Not to mention that it will help to enhance your style significantly.</p>\n\n<p style=\"text-align:center\"><img alt=\"f4\" src=\"/storage/news/1.png\" /></p>\n\n<p><br />\n&nbsp;</p>\n\n\n\n<p><strong><em>For all of the reason above, here are 7 expert tips to help you pick up the right men&rsquo;s wallet for you:</em></strong></p>\n\n<h4><strong>Number 1: Choose A Neat Wallet</strong></h4>\n\n<p>The wallet is an essential accessory that you should go simple. Simplicity is the best in this case. A simple and neat wallet with the plain color and even&nbsp;<strong>minimalist style</strong>&nbsp;is versatile. It can be used for both formal and casual events. In addition, that wallet will go well with most of the clothes in your wardrobe.</p>\n\n<p>Keep in mind that a wallet will tell other people about your personality and your fashion sense as much as other clothes you put on. Hence, don&rsquo;t go cheesy on your wallet or else people will think that you have a funny and particular style.</p>\n\n<p style=\"text-align:center\"><img alt=\"f5\" src=\"/storage/news/2.png\" /></p>\n\n<p><br />\n&nbsp;</p>\n<hr />\n<h4><strong>Number 2: Choose The Right Size For Your Wallet</strong></h4>\n\n<p>You should avoid having an over-sized wallet. Don&rsquo;t think that you need to buy a big wallet because you have a lot to carry with you. In addition, a fat wallet is very ugly. It will make it harder for you to slide the wallet into your trousers&rsquo; pocket. In addition, it will create a bulge and ruin your look.</p>\n\n<p>Before you go on to buy a new wallet, clean out your wallet and place all of the items from your wallet on a table. Throw away things that you would never need any more such as the old bills or the expired gift cards. Remember to check your wallet on a frequent basis to get rid of all of the old stuff that you don&rsquo;t need anymore.</p>\n\n<p style=\"text-align:center\"><img alt=\"f1\" src=\"/storage/news/3.png\" /></p>\n\n<p><br />\n&nbsp;</p>\n\n<hr />\n<h4><strong>Number 3: Don&rsquo;t Limit Your Options Of Materials</strong></h4>\n\n<p>The types and designs of wallets are not the only things that you should consider when you go out searching for your best wallet. You have more than 1 option of material rather than leather to choose from as well.</p>\n\n<p>You can experiment with other available options such as cotton, polyester and canvas. They all have their own pros and cons. As a result, they will be suitable for different needs and requirements. You should think about them all in order to choose the material which you would like the most.</p>\n\n<p style=\"text-align:center\"><img alt=\"f6\" height=\"375\" src=\"/storage/news/4.png\" /></p>\n\n<p><br />\n&nbsp;</p>\n\n<hr />\n<h4><strong>Number 4: Consider A Wallet As A Long Term Investment</strong></h4>\n\n<p>Your wallet is indeed an investment that you should consider spending a decent amount of time and effort on it. Another factor that you need to consider is how much you want to spend on your wallet. The price ranges of wallets on the market vary a great deal. You can find a wallet which is as cheap as about 5 to 7 dollars. On the other hand, you should expect to pay around 250 to 300 dollars for a high-quality wallet.</p>\n\n<p>In case you need a wallet to use for a long time, it is a good idea that you should invest a decent amount of money on a wallet. A high quality wallet from a reputational brand with the premium quality such as cowhide leather will last for a long time. In addition, it is an accessory to show off your fashion sense and your social status.</p>\n\n<p style=\"text-align:center\"><img alt=\"f2\" height=\"400\" src=\"/storage/news/5.png\" /></p>\n\n<p>&nbsp;</p>\n','published',1,'Botble\\ACL\\Models\\User',1,'news/1.png',2484,NULL,'2022-09-22 01:26:50','2022-09-22 01:26:50'),(2,'Sexy Clutches: How to Buy & Wear a Designer Clutch Bag','You should pay more attention when you choose your wallets. There are a lot of them on the market with the different designs and styles. When you choose carefully, you would be able to buy a wallet that is catered to your needs. Not to mention that it will help to enhance your style significantly.','<p>I have seen many people underestimating the power of their wallets. To them, they are just a functional item they use to carry. As a result, they often end up with the wallets which are not really suitable for them.</p>\n\n<p>You should pay more attention when you choose your wallets. There are a lot of them on the market with the different designs and styles. When you choose carefully, you would be able to buy a wallet that is catered to your needs. Not to mention that it will help to enhance your style significantly.</p>\n\n<p style=\"text-align:center\"><img alt=\"f4\" src=\"/storage/news/1.png\" /></p>\n\n<p><br />\n&nbsp;</p>\n\n\n\n<p><strong><em>For all of the reason above, here are 7 expert tips to help you pick up the right men&rsquo;s wallet for you:</em></strong></p>\n\n<h4><strong>Number 1: Choose A Neat Wallet</strong></h4>\n\n<p>The wallet is an essential accessory that you should go simple. Simplicity is the best in this case. A simple and neat wallet with the plain color and even&nbsp;<strong>minimalist style</strong>&nbsp;is versatile. It can be used for both formal and casual events. In addition, that wallet will go well with most of the clothes in your wardrobe.</p>\n\n<p>Keep in mind that a wallet will tell other people about your personality and your fashion sense as much as other clothes you put on. Hence, don&rsquo;t go cheesy on your wallet or else people will think that you have a funny and particular style.</p>\n\n<p style=\"text-align:center\"><img alt=\"f5\" src=\"/storage/news/2.png\" /></p>\n\n<p><br />\n&nbsp;</p>\n<hr />\n<h4><strong>Number 2: Choose The Right Size For Your Wallet</strong></h4>\n\n<p>You should avoid having an over-sized wallet. Don&rsquo;t think that you need to buy a big wallet because you have a lot to carry with you. In addition, a fat wallet is very ugly. It will make it harder for you to slide the wallet into your trousers&rsquo; pocket. In addition, it will create a bulge and ruin your look.</p>\n\n<p>Before you go on to buy a new wallet, clean out your wallet and place all of the items from your wallet on a table. Throw away things that you would never need any more such as the old bills or the expired gift cards. Remember to check your wallet on a frequent basis to get rid of all of the old stuff that you don&rsquo;t need anymore.</p>\n\n<p style=\"text-align:center\"><img alt=\"f1\" src=\"/storage/news/3.png\" /></p>\n\n<p><br />\n&nbsp;</p>\n\n<hr />\n<h4><strong>Number 3: Don&rsquo;t Limit Your Options Of Materials</strong></h4>\n\n<p>The types and designs of wallets are not the only things that you should consider when you go out searching for your best wallet. You have more than 1 option of material rather than leather to choose from as well.</p>\n\n<p>You can experiment with other available options such as cotton, polyester and canvas. They all have their own pros and cons. As a result, they will be suitable for different needs and requirements. You should think about them all in order to choose the material which you would like the most.</p>\n\n<p style=\"text-align:center\"><img alt=\"f6\" height=\"375\" src=\"/storage/news/4.png\" /></p>\n\n<p><br />\n&nbsp;</p>\n\n<hr />\n<h4><strong>Number 4: Consider A Wallet As A Long Term Investment</strong></h4>\n\n<p>Your wallet is indeed an investment that you should consider spending a decent amount of time and effort on it. Another factor that you need to consider is how much you want to spend on your wallet. The price ranges of wallets on the market vary a great deal. You can find a wallet which is as cheap as about 5 to 7 dollars. On the other hand, you should expect to pay around 250 to 300 dollars for a high-quality wallet.</p>\n\n<p>In case you need a wallet to use for a long time, it is a good idea that you should invest a decent amount of money on a wallet. A high quality wallet from a reputational brand with the premium quality such as cowhide leather will last for a long time. In addition, it is an accessory to show off your fashion sense and your social status.</p>\n\n<p style=\"text-align:center\"><img alt=\"f2\" height=\"400\" src=\"/storage/news/5.png\" /></p>\n\n<p>&nbsp;</p>\n','published',1,'Botble\\ACL\\Models\\User',1,'news/2.png',1148,NULL,'2022-09-22 01:26:50','2022-09-22 01:26:50'),(3,'The Top 2020 Handbag Trends to Know','You should pay more attention when you choose your wallets. There are a lot of them on the market with the different designs and styles. When you choose carefully, you would be able to buy a wallet that is catered to your needs. Not to mention that it will help to enhance your style significantly.','<p>I have seen many people underestimating the power of their wallets. To them, they are just a functional item they use to carry. As a result, they often end up with the wallets which are not really suitable for them.</p>\n\n<p>You should pay more attention when you choose your wallets. There are a lot of them on the market with the different designs and styles. When you choose carefully, you would be able to buy a wallet that is catered to your needs. Not to mention that it will help to enhance your style significantly.</p>\n\n<p style=\"text-align:center\"><img alt=\"f4\" src=\"/storage/news/1.png\" /></p>\n\n<p><br />\n&nbsp;</p>\n\n\n\n<p><strong><em>For all of the reason above, here are 7 expert tips to help you pick up the right men&rsquo;s wallet for you:</em></strong></p>\n\n<h4><strong>Number 1: Choose A Neat Wallet</strong></h4>\n\n<p>The wallet is an essential accessory that you should go simple. Simplicity is the best in this case. A simple and neat wallet with the plain color and even&nbsp;<strong>minimalist style</strong>&nbsp;is versatile. It can be used for both formal and casual events. In addition, that wallet will go well with most of the clothes in your wardrobe.</p>\n\n<p>Keep in mind that a wallet will tell other people about your personality and your fashion sense as much as other clothes you put on. Hence, don&rsquo;t go cheesy on your wallet or else people will think that you have a funny and particular style.</p>\n\n<p style=\"text-align:center\"><img alt=\"f5\" src=\"/storage/news/2.png\" /></p>\n\n<p><br />\n&nbsp;</p>\n<hr />\n<h4><strong>Number 2: Choose The Right Size For Your Wallet</strong></h4>\n\n<p>You should avoid having an over-sized wallet. Don&rsquo;t think that you need to buy a big wallet because you have a lot to carry with you. In addition, a fat wallet is very ugly. It will make it harder for you to slide the wallet into your trousers&rsquo; pocket. In addition, it will create a bulge and ruin your look.</p>\n\n<p>Before you go on to buy a new wallet, clean out your wallet and place all of the items from your wallet on a table. Throw away things that you would never need any more such as the old bills or the expired gift cards. Remember to check your wallet on a frequent basis to get rid of all of the old stuff that you don&rsquo;t need anymore.</p>\n\n<p style=\"text-align:center\"><img alt=\"f1\" src=\"/storage/news/3.png\" /></p>\n\n<p><br />\n&nbsp;</p>\n\n<hr />\n<h4><strong>Number 3: Don&rsquo;t Limit Your Options Of Materials</strong></h4>\n\n<p>The types and designs of wallets are not the only things that you should consider when you go out searching for your best wallet. You have more than 1 option of material rather than leather to choose from as well.</p>\n\n<p>You can experiment with other available options such as cotton, polyester and canvas. They all have their own pros and cons. As a result, they will be suitable for different needs and requirements. You should think about them all in order to choose the material which you would like the most.</p>\n\n<p style=\"text-align:center\"><img alt=\"f6\" height=\"375\" src=\"/storage/news/4.png\" /></p>\n\n<p><br />\n&nbsp;</p>\n\n<hr />\n<h4><strong>Number 4: Consider A Wallet As A Long Term Investment</strong></h4>\n\n<p>Your wallet is indeed an investment that you should consider spending a decent amount of time and effort on it. Another factor that you need to consider is how much you want to spend on your wallet. The price ranges of wallets on the market vary a great deal. You can find a wallet which is as cheap as about 5 to 7 dollars. On the other hand, you should expect to pay around 250 to 300 dollars for a high-quality wallet.</p>\n\n<p>In case you need a wallet to use for a long time, it is a good idea that you should invest a decent amount of money on a wallet. A high quality wallet from a reputational brand with the premium quality such as cowhide leather will last for a long time. In addition, it is an accessory to show off your fashion sense and your social status.</p>\n\n<p style=\"text-align:center\"><img alt=\"f2\" height=\"400\" src=\"/storage/news/5.png\" /></p>\n\n<p>&nbsp;</p>\n','published',1,'Botble\\ACL\\Models\\User',1,'news/3.png',592,NULL,'2022-09-22 01:26:50','2022-09-22 01:26:50'),(4,'How to Match the Color of Your Handbag With an Outfit','You should pay more attention when you choose your wallets. There are a lot of them on the market with the different designs and styles. When you choose carefully, you would be able to buy a wallet that is catered to your needs. Not to mention that it will help to enhance your style significantly.','<p>I have seen many people underestimating the power of their wallets. To them, they are just a functional item they use to carry. As a result, they often end up with the wallets which are not really suitable for them.</p>\n\n<p>You should pay more attention when you choose your wallets. There are a lot of them on the market with the different designs and styles. When you choose carefully, you would be able to buy a wallet that is catered to your needs. Not to mention that it will help to enhance your style significantly.</p>\n\n<p style=\"text-align:center\"><img alt=\"f4\" src=\"/storage/news/1.png\" /></p>\n\n<p><br />\n&nbsp;</p>\n\n[featured-products title=\"Shop The Look\" limit=\"6\"][/featured-products]\n\n<p><strong><em>For all of the reason above, here are 7 expert tips to help you pick up the right men&rsquo;s wallet for you:</em></strong></p>\n\n<h4><strong>Number 1: Choose A Neat Wallet</strong></h4>\n\n<p>The wallet is an essential accessory that you should go simple. Simplicity is the best in this case. A simple and neat wallet with the plain color and even&nbsp;<strong>minimalist style</strong>&nbsp;is versatile. It can be used for both formal and casual events. In addition, that wallet will go well with most of the clothes in your wardrobe.</p>\n\n<p>Keep in mind that a wallet will tell other people about your personality and your fashion sense as much as other clothes you put on. Hence, don&rsquo;t go cheesy on your wallet or else people will think that you have a funny and particular style.</p>\n\n<p style=\"text-align:center\"><img alt=\"f5\" src=\"/storage/news/2.png\" /></p>\n\n<p><br />\n&nbsp;</p>\n<hr />\n<h4><strong>Number 2: Choose The Right Size For Your Wallet</strong></h4>\n\n<p>You should avoid having an over-sized wallet. Don&rsquo;t think that you need to buy a big wallet because you have a lot to carry with you. In addition, a fat wallet is very ugly. It will make it harder for you to slide the wallet into your trousers&rsquo; pocket. In addition, it will create a bulge and ruin your look.</p>\n\n<p>Before you go on to buy a new wallet, clean out your wallet and place all of the items from your wallet on a table. Throw away things that you would never need any more such as the old bills or the expired gift cards. Remember to check your wallet on a frequent basis to get rid of all of the old stuff that you don&rsquo;t need anymore.</p>\n\n<p style=\"text-align:center\"><img alt=\"f1\" src=\"/storage/news/3.png\" /></p>\n\n<p><br />\n&nbsp;</p>\n\n<hr />\n<h4><strong>Number 3: Don&rsquo;t Limit Your Options Of Materials</strong></h4>\n\n<p>The types and designs of wallets are not the only things that you should consider when you go out searching for your best wallet. You have more than 1 option of material rather than leather to choose from as well.</p>\n\n<p>You can experiment with other available options such as cotton, polyester and canvas. They all have their own pros and cons. As a result, they will be suitable for different needs and requirements. You should think about them all in order to choose the material which you would like the most.</p>\n\n<p style=\"text-align:center\"><img alt=\"f6\" height=\"375\" src=\"/storage/news/4.png\" /></p>\n\n<p><br />\n&nbsp;</p>\n\n<hr />\n<h4><strong>Number 4: Consider A Wallet As A Long Term Investment</strong></h4>\n\n<p>Your wallet is indeed an investment that you should consider spending a decent amount of time and effort on it. Another factor that you need to consider is how much you want to spend on your wallet. The price ranges of wallets on the market vary a great deal. You can find a wallet which is as cheap as about 5 to 7 dollars. On the other hand, you should expect to pay around 250 to 300 dollars for a high-quality wallet.</p>\n\n<p>In case you need a wallet to use for a long time, it is a good idea that you should invest a decent amount of money on a wallet. A high quality wallet from a reputational brand with the premium quality such as cowhide leather will last for a long time. In addition, it is an accessory to show off your fashion sense and your social status.</p>\n\n<p style=\"text-align:center\"><img alt=\"f2\" height=\"400\" src=\"/storage/news/5.png\" /></p>\n\n<p>&nbsp;</p>\n','published',1,'Botble\\ACL\\Models\\User',1,'news/4.png',1251,NULL,'2022-09-22 01:26:50','2022-09-22 01:26:50'),(5,'How to Care for Leather Bags','You should pay more attention when you choose your wallets. There are a lot of them on the market with the different designs and styles. When you choose carefully, you would be able to buy a wallet that is catered to your needs. Not to mention that it will help to enhance your style significantly.','<p>I have seen many people underestimating the power of their wallets. To them, they are just a functional item they use to carry. As a result, they often end up with the wallets which are not really suitable for them.</p>\n\n<p>You should pay more attention when you choose your wallets. There are a lot of them on the market with the different designs and styles. When you choose carefully, you would be able to buy a wallet that is catered to your needs. Not to mention that it will help to enhance your style significantly.</p>\n\n<p style=\"text-align:center\"><img alt=\"f4\" src=\"/storage/news/1.png\" /></p>\n\n<p><br />\n&nbsp;</p>\n\n\n\n<p><strong><em>For all of the reason above, here are 7 expert tips to help you pick up the right men&rsquo;s wallet for you:</em></strong></p>\n\n<h4><strong>Number 1: Choose A Neat Wallet</strong></h4>\n\n<p>The wallet is an essential accessory that you should go simple. Simplicity is the best in this case. A simple and neat wallet with the plain color and even&nbsp;<strong>minimalist style</strong>&nbsp;is versatile. It can be used for both formal and casual events. In addition, that wallet will go well with most of the clothes in your wardrobe.</p>\n\n<p>Keep in mind that a wallet will tell other people about your personality and your fashion sense as much as other clothes you put on. Hence, don&rsquo;t go cheesy on your wallet or else people will think that you have a funny and particular style.</p>\n\n<p style=\"text-align:center\"><img alt=\"f5\" src=\"/storage/news/2.png\" /></p>\n\n<p><br />\n&nbsp;</p>\n<hr />\n<h4><strong>Number 2: Choose The Right Size For Your Wallet</strong></h4>\n\n<p>You should avoid having an over-sized wallet. Don&rsquo;t think that you need to buy a big wallet because you have a lot to carry with you. In addition, a fat wallet is very ugly. It will make it harder for you to slide the wallet into your trousers&rsquo; pocket. In addition, it will create a bulge and ruin your look.</p>\n\n<p>Before you go on to buy a new wallet, clean out your wallet and place all of the items from your wallet on a table. Throw away things that you would never need any more such as the old bills or the expired gift cards. Remember to check your wallet on a frequent basis to get rid of all of the old stuff that you don&rsquo;t need anymore.</p>\n\n<p style=\"text-align:center\"><img alt=\"f1\" src=\"/storage/news/3.png\" /></p>\n\n<p><br />\n&nbsp;</p>\n\n<hr />\n<h4><strong>Number 3: Don&rsquo;t Limit Your Options Of Materials</strong></h4>\n\n<p>The types and designs of wallets are not the only things that you should consider when you go out searching for your best wallet. You have more than 1 option of material rather than leather to choose from as well.</p>\n\n<p>You can experiment with other available options such as cotton, polyester and canvas. They all have their own pros and cons. As a result, they will be suitable for different needs and requirements. You should think about them all in order to choose the material which you would like the most.</p>\n\n<p style=\"text-align:center\"><img alt=\"f6\" height=\"375\" src=\"/storage/news/4.png\" /></p>\n\n<p><br />\n&nbsp;</p>\n\n<hr />\n<h4><strong>Number 4: Consider A Wallet As A Long Term Investment</strong></h4>\n\n<p>Your wallet is indeed an investment that you should consider spending a decent amount of time and effort on it. Another factor that you need to consider is how much you want to spend on your wallet. The price ranges of wallets on the market vary a great deal. You can find a wallet which is as cheap as about 5 to 7 dollars. On the other hand, you should expect to pay around 250 to 300 dollars for a high-quality wallet.</p>\n\n<p>In case you need a wallet to use for a long time, it is a good idea that you should invest a decent amount of money on a wallet. A high quality wallet from a reputational brand with the premium quality such as cowhide leather will last for a long time. In addition, it is an accessory to show off your fashion sense and your social status.</p>\n\n<p style=\"text-align:center\"><img alt=\"f2\" height=\"400\" src=\"/storage/news/5.png\" /></p>\n\n<p>&nbsp;</p>\n','published',1,'Botble\\ACL\\Models\\User',1,'news/5.png',742,NULL,'2022-09-22 01:26:50','2022-09-22 01:26:50'),(6,'We\'re Crushing Hard on Summer\'s 10 Biggest Bag Trends','You should pay more attention when you choose your wallets. There are a lot of them on the market with the different designs and styles. When you choose carefully, you would be able to buy a wallet that is catered to your needs. Not to mention that it will help to enhance your style significantly.','<p>I have seen many people underestimating the power of their wallets. To them, they are just a functional item they use to carry. As a result, they often end up with the wallets which are not really suitable for them.</p>\n\n<p>You should pay more attention when you choose your wallets. There are a lot of them on the market with the different designs and styles. When you choose carefully, you would be able to buy a wallet that is catered to your needs. Not to mention that it will help to enhance your style significantly.</p>\n\n<p style=\"text-align:center\"><img alt=\"f4\" src=\"/storage/news/1.png\" /></p>\n\n<p><br />\n&nbsp;</p>\n\n\n\n<p><strong><em>For all of the reason above, here are 7 expert tips to help you pick up the right men&rsquo;s wallet for you:</em></strong></p>\n\n<h4><strong>Number 1: Choose A Neat Wallet</strong></h4>\n\n<p>The wallet is an essential accessory that you should go simple. Simplicity is the best in this case. A simple and neat wallet with the plain color and even&nbsp;<strong>minimalist style</strong>&nbsp;is versatile. It can be used for both formal and casual events. In addition, that wallet will go well with most of the clothes in your wardrobe.</p>\n\n<p>Keep in mind that a wallet will tell other people about your personality and your fashion sense as much as other clothes you put on. Hence, don&rsquo;t go cheesy on your wallet or else people will think that you have a funny and particular style.</p>\n\n<p style=\"text-align:center\"><img alt=\"f5\" src=\"/storage/news/2.png\" /></p>\n\n<p><br />\n&nbsp;</p>\n<hr />\n<h4><strong>Number 2: Choose The Right Size For Your Wallet</strong></h4>\n\n<p>You should avoid having an over-sized wallet. Don&rsquo;t think that you need to buy a big wallet because you have a lot to carry with you. In addition, a fat wallet is very ugly. It will make it harder for you to slide the wallet into your trousers&rsquo; pocket. In addition, it will create a bulge and ruin your look.</p>\n\n<p>Before you go on to buy a new wallet, clean out your wallet and place all of the items from your wallet on a table. Throw away things that you would never need any more such as the old bills or the expired gift cards. Remember to check your wallet on a frequent basis to get rid of all of the old stuff that you don&rsquo;t need anymore.</p>\n\n<p style=\"text-align:center\"><img alt=\"f1\" src=\"/storage/news/3.png\" /></p>\n\n<p><br />\n&nbsp;</p>\n\n<hr />\n<h4><strong>Number 3: Don&rsquo;t Limit Your Options Of Materials</strong></h4>\n\n<p>The types and designs of wallets are not the only things that you should consider when you go out searching for your best wallet. You have more than 1 option of material rather than leather to choose from as well.</p>\n\n<p>You can experiment with other available options such as cotton, polyester and canvas. They all have their own pros and cons. As a result, they will be suitable for different needs and requirements. You should think about them all in order to choose the material which you would like the most.</p>\n\n<p style=\"text-align:center\"><img alt=\"f6\" height=\"375\" src=\"/storage/news/4.png\" /></p>\n\n<p><br />\n&nbsp;</p>\n\n<hr />\n<h4><strong>Number 4: Consider A Wallet As A Long Term Investment</strong></h4>\n\n<p>Your wallet is indeed an investment that you should consider spending a decent amount of time and effort on it. Another factor that you need to consider is how much you want to spend on your wallet. The price ranges of wallets on the market vary a great deal. You can find a wallet which is as cheap as about 5 to 7 dollars. On the other hand, you should expect to pay around 250 to 300 dollars for a high-quality wallet.</p>\n\n<p>In case you need a wallet to use for a long time, it is a good idea that you should invest a decent amount of money on a wallet. A high quality wallet from a reputational brand with the premium quality such as cowhide leather will last for a long time. In addition, it is an accessory to show off your fashion sense and your social status.</p>\n\n<p style=\"text-align:center\"><img alt=\"f2\" height=\"400\" src=\"/storage/news/5.png\" /></p>\n\n<p>&nbsp;</p>\n','published',1,'Botble\\ACL\\Models\\User',1,'news/6.png',987,NULL,'2022-09-22 01:26:50','2022-09-22 01:26:50'),(7,'Essential Qualities of Highly Successful Music','You should pay more attention when you choose your wallets. There are a lot of them on the market with the different designs and styles. When you choose carefully, you would be able to buy a wallet that is catered to your needs. Not to mention that it will help to enhance your style significantly.','<p>I have seen many people underestimating the power of their wallets. To them, they are just a functional item they use to carry. As a result, they often end up with the wallets which are not really suitable for them.</p>\n\n<p>You should pay more attention when you choose your wallets. There are a lot of them on the market with the different designs and styles. When you choose carefully, you would be able to buy a wallet that is catered to your needs. Not to mention that it will help to enhance your style significantly.</p>\n\n<p style=\"text-align:center\"><img alt=\"f4\" src=\"/storage/news/1.png\" /></p>\n\n<p><br />\n&nbsp;</p>\n\n\n\n<p><strong><em>For all of the reason above, here are 7 expert tips to help you pick up the right men&rsquo;s wallet for you:</em></strong></p>\n\n<h4><strong>Number 1: Choose A Neat Wallet</strong></h4>\n\n<p>The wallet is an essential accessory that you should go simple. Simplicity is the best in this case. A simple and neat wallet with the plain color and even&nbsp;<strong>minimalist style</strong>&nbsp;is versatile. It can be used for both formal and casual events. In addition, that wallet will go well with most of the clothes in your wardrobe.</p>\n\n<p>Keep in mind that a wallet will tell other people about your personality and your fashion sense as much as other clothes you put on. Hence, don&rsquo;t go cheesy on your wallet or else people will think that you have a funny and particular style.</p>\n\n<p style=\"text-align:center\"><img alt=\"f5\" src=\"/storage/news/2.png\" /></p>\n\n<p><br />\n&nbsp;</p>\n<hr />\n<h4><strong>Number 2: Choose The Right Size For Your Wallet</strong></h4>\n\n<p>You should avoid having an over-sized wallet. Don&rsquo;t think that you need to buy a big wallet because you have a lot to carry with you. In addition, a fat wallet is very ugly. It will make it harder for you to slide the wallet into your trousers&rsquo; pocket. In addition, it will create a bulge and ruin your look.</p>\n\n<p>Before you go on to buy a new wallet, clean out your wallet and place all of the items from your wallet on a table. Throw away things that you would never need any more such as the old bills or the expired gift cards. Remember to check your wallet on a frequent basis to get rid of all of the old stuff that you don&rsquo;t need anymore.</p>\n\n<p style=\"text-align:center\"><img alt=\"f1\" src=\"/storage/news/3.png\" /></p>\n\n<p><br />\n&nbsp;</p>\n\n<hr />\n<h4><strong>Number 3: Don&rsquo;t Limit Your Options Of Materials</strong></h4>\n\n<p>The types and designs of wallets are not the only things that you should consider when you go out searching for your best wallet. You have more than 1 option of material rather than leather to choose from as well.</p>\n\n<p>You can experiment with other available options such as cotton, polyester and canvas. They all have their own pros and cons. As a result, they will be suitable for different needs and requirements. You should think about them all in order to choose the material which you would like the most.</p>\n\n<p style=\"text-align:center\"><img alt=\"f6\" height=\"375\" src=\"/storage/news/4.png\" /></p>\n\n<p><br />\n&nbsp;</p>\n\n<hr />\n<h4><strong>Number 4: Consider A Wallet As A Long Term Investment</strong></h4>\n\n<p>Your wallet is indeed an investment that you should consider spending a decent amount of time and effort on it. Another factor that you need to consider is how much you want to spend on your wallet. The price ranges of wallets on the market vary a great deal. You can find a wallet which is as cheap as about 5 to 7 dollars. On the other hand, you should expect to pay around 250 to 300 dollars for a high-quality wallet.</p>\n\n<p>In case you need a wallet to use for a long time, it is a good idea that you should invest a decent amount of money on a wallet. A high quality wallet from a reputational brand with the premium quality such as cowhide leather will last for a long time. In addition, it is an accessory to show off your fashion sense and your social status.</p>\n\n<p style=\"text-align:center\"><img alt=\"f2\" height=\"400\" src=\"/storage/news/5.png\" /></p>\n\n<p>&nbsp;</p>\n','published',1,'Botble\\ACL\\Models\\User',1,'news/7.png',1778,NULL,'2022-09-22 01:26:50','2022-09-22 01:26:50'),(8,'9 Things I Love About Shaving My Head','You should pay more attention when you choose your wallets. There are a lot of them on the market with the different designs and styles. When you choose carefully, you would be able to buy a wallet that is catered to your needs. Not to mention that it will help to enhance your style significantly.','<p>I have seen many people underestimating the power of their wallets. To them, they are just a functional item they use to carry. As a result, they often end up with the wallets which are not really suitable for them.</p>\n\n<p>You should pay more attention when you choose your wallets. There are a lot of them on the market with the different designs and styles. When you choose carefully, you would be able to buy a wallet that is catered to your needs. Not to mention that it will help to enhance your style significantly.</p>\n\n<p style=\"text-align:center\"><img alt=\"f4\" src=\"/storage/news/1.png\" /></p>\n\n<p><br />\n&nbsp;</p>\n\n\n\n<p><strong><em>For all of the reason above, here are 7 expert tips to help you pick up the right men&rsquo;s wallet for you:</em></strong></p>\n\n<h4><strong>Number 1: Choose A Neat Wallet</strong></h4>\n\n<p>The wallet is an essential accessory that you should go simple. Simplicity is the best in this case. A simple and neat wallet with the plain color and even&nbsp;<strong>minimalist style</strong>&nbsp;is versatile. It can be used for both formal and casual events. In addition, that wallet will go well with most of the clothes in your wardrobe.</p>\n\n<p>Keep in mind that a wallet will tell other people about your personality and your fashion sense as much as other clothes you put on. Hence, don&rsquo;t go cheesy on your wallet or else people will think that you have a funny and particular style.</p>\n\n<p style=\"text-align:center\"><img alt=\"f5\" src=\"/storage/news/2.png\" /></p>\n\n<p><br />\n&nbsp;</p>\n<hr />\n<h4><strong>Number 2: Choose The Right Size For Your Wallet</strong></h4>\n\n<p>You should avoid having an over-sized wallet. Don&rsquo;t think that you need to buy a big wallet because you have a lot to carry with you. In addition, a fat wallet is very ugly. It will make it harder for you to slide the wallet into your trousers&rsquo; pocket. In addition, it will create a bulge and ruin your look.</p>\n\n<p>Before you go on to buy a new wallet, clean out your wallet and place all of the items from your wallet on a table. Throw away things that you would never need any more such as the old bills or the expired gift cards. Remember to check your wallet on a frequent basis to get rid of all of the old stuff that you don&rsquo;t need anymore.</p>\n\n<p style=\"text-align:center\"><img alt=\"f1\" src=\"/storage/news/3.png\" /></p>\n\n<p><br />\n&nbsp;</p>\n\n<hr />\n<h4><strong>Number 3: Don&rsquo;t Limit Your Options Of Materials</strong></h4>\n\n<p>The types and designs of wallets are not the only things that you should consider when you go out searching for your best wallet. You have more than 1 option of material rather than leather to choose from as well.</p>\n\n<p>You can experiment with other available options such as cotton, polyester and canvas. They all have their own pros and cons. As a result, they will be suitable for different needs and requirements. You should think about them all in order to choose the material which you would like the most.</p>\n\n<p style=\"text-align:center\"><img alt=\"f6\" height=\"375\" src=\"/storage/news/4.png\" /></p>\n\n<p><br />\n&nbsp;</p>\n\n<hr />\n<h4><strong>Number 4: Consider A Wallet As A Long Term Investment</strong></h4>\n\n<p>Your wallet is indeed an investment that you should consider spending a decent amount of time and effort on it. Another factor that you need to consider is how much you want to spend on your wallet. The price ranges of wallets on the market vary a great deal. You can find a wallet which is as cheap as about 5 to 7 dollars. On the other hand, you should expect to pay around 250 to 300 dollars for a high-quality wallet.</p>\n\n<p>In case you need a wallet to use for a long time, it is a good idea that you should invest a decent amount of money on a wallet. A high quality wallet from a reputational brand with the premium quality such as cowhide leather will last for a long time. In addition, it is an accessory to show off your fashion sense and your social status.</p>\n\n<p style=\"text-align:center\"><img alt=\"f2\" height=\"400\" src=\"/storage/news/5.png\" /></p>\n\n<p>&nbsp;</p>\n','published',1,'Botble\\ACL\\Models\\User',1,'news/8.png',544,NULL,'2022-09-22 01:26:51','2022-09-22 01:26:51'),(9,'Why Teamwork Really Makes The Dream Work','You should pay more attention when you choose your wallets. There are a lot of them on the market with the different designs and styles. When you choose carefully, you would be able to buy a wallet that is catered to your needs. Not to mention that it will help to enhance your style significantly.','<p>I have seen many people underestimating the power of their wallets. To them, they are just a functional item they use to carry. As a result, they often end up with the wallets which are not really suitable for them.</p>\n\n<p>You should pay more attention when you choose your wallets. There are a lot of them on the market with the different designs and styles. When you choose carefully, you would be able to buy a wallet that is catered to your needs. Not to mention that it will help to enhance your style significantly.</p>\n\n<p style=\"text-align:center\"><img alt=\"f4\" src=\"/storage/news/1.png\" /></p>\n\n<p><br />\n&nbsp;</p>\n\n\n\n<p><strong><em>For all of the reason above, here are 7 expert tips to help you pick up the right men&rsquo;s wallet for you:</em></strong></p>\n\n<h4><strong>Number 1: Choose A Neat Wallet</strong></h4>\n\n<p>The wallet is an essential accessory that you should go simple. Simplicity is the best in this case. A simple and neat wallet with the plain color and even&nbsp;<strong>minimalist style</strong>&nbsp;is versatile. It can be used for both formal and casual events. In addition, that wallet will go well with most of the clothes in your wardrobe.</p>\n\n<p>Keep in mind that a wallet will tell other people about your personality and your fashion sense as much as other clothes you put on. Hence, don&rsquo;t go cheesy on your wallet or else people will think that you have a funny and particular style.</p>\n\n<p style=\"text-align:center\"><img alt=\"f5\" src=\"/storage/news/2.png\" /></p>\n\n<p><br />\n&nbsp;</p>\n<hr />\n<h4><strong>Number 2: Choose The Right Size For Your Wallet</strong></h4>\n\n<p>You should avoid having an over-sized wallet. Don&rsquo;t think that you need to buy a big wallet because you have a lot to carry with you. In addition, a fat wallet is very ugly. It will make it harder for you to slide the wallet into your trousers&rsquo; pocket. In addition, it will create a bulge and ruin your look.</p>\n\n<p>Before you go on to buy a new wallet, clean out your wallet and place all of the items from your wallet on a table. Throw away things that you would never need any more such as the old bills or the expired gift cards. Remember to check your wallet on a frequent basis to get rid of all of the old stuff that you don&rsquo;t need anymore.</p>\n\n<p style=\"text-align:center\"><img alt=\"f1\" src=\"/storage/news/3.png\" /></p>\n\n<p><br />\n&nbsp;</p>\n\n<hr />\n<h4><strong>Number 3: Don&rsquo;t Limit Your Options Of Materials</strong></h4>\n\n<p>The types and designs of wallets are not the only things that you should consider when you go out searching for your best wallet. You have more than 1 option of material rather than leather to choose from as well.</p>\n\n<p>You can experiment with other available options such as cotton, polyester and canvas. They all have their own pros and cons. As a result, they will be suitable for different needs and requirements. You should think about them all in order to choose the material which you would like the most.</p>\n\n<p style=\"text-align:center\"><img alt=\"f6\" height=\"375\" src=\"/storage/news/4.png\" /></p>\n\n<p><br />\n&nbsp;</p>\n\n<hr />\n<h4><strong>Number 4: Consider A Wallet As A Long Term Investment</strong></h4>\n\n<p>Your wallet is indeed an investment that you should consider spending a decent amount of time and effort on it. Another factor that you need to consider is how much you want to spend on your wallet. The price ranges of wallets on the market vary a great deal. You can find a wallet which is as cheap as about 5 to 7 dollars. On the other hand, you should expect to pay around 250 to 300 dollars for a high-quality wallet.</p>\n\n<p>In case you need a wallet to use for a long time, it is a good idea that you should invest a decent amount of money on a wallet. A high quality wallet from a reputational brand with the premium quality such as cowhide leather will last for a long time. In addition, it is an accessory to show off your fashion sense and your social status.</p>\n\n<p style=\"text-align:center\"><img alt=\"f2\" height=\"400\" src=\"/storage/news/5.png\" /></p>\n\n<p>&nbsp;</p>\n','published',1,'Botble\\ACL\\Models\\User',1,'news/9.png',710,NULL,'2022-09-22 01:26:51','2022-09-22 01:26:51'),(10,'The World Caters to Average People','You should pay more attention when you choose your wallets. There are a lot of them on the market with the different designs and styles. When you choose carefully, you would be able to buy a wallet that is catered to your needs. Not to mention that it will help to enhance your style significantly.','<p>I have seen many people underestimating the power of their wallets. To them, they are just a functional item they use to carry. As a result, they often end up with the wallets which are not really suitable for them.</p>\n\n<p>You should pay more attention when you choose your wallets. There are a lot of them on the market with the different designs and styles. When you choose carefully, you would be able to buy a wallet that is catered to your needs. Not to mention that it will help to enhance your style significantly.</p>\n\n<p style=\"text-align:center\"><img alt=\"f4\" src=\"/storage/news/1.png\" /></p>\n\n<p><br />\n&nbsp;</p>\n\n\n\n<p><strong><em>For all of the reason above, here are 7 expert tips to help you pick up the right men&rsquo;s wallet for you:</em></strong></p>\n\n<h4><strong>Number 1: Choose A Neat Wallet</strong></h4>\n\n<p>The wallet is an essential accessory that you should go simple. Simplicity is the best in this case. A simple and neat wallet with the plain color and even&nbsp;<strong>minimalist style</strong>&nbsp;is versatile. It can be used for both formal and casual events. In addition, that wallet will go well with most of the clothes in your wardrobe.</p>\n\n<p>Keep in mind that a wallet will tell other people about your personality and your fashion sense as much as other clothes you put on. Hence, don&rsquo;t go cheesy on your wallet or else people will think that you have a funny and particular style.</p>\n\n<p style=\"text-align:center\"><img alt=\"f5\" src=\"/storage/news/2.png\" /></p>\n\n<p><br />\n&nbsp;</p>\n<hr />\n<h4><strong>Number 2: Choose The Right Size For Your Wallet</strong></h4>\n\n<p>You should avoid having an over-sized wallet. Don&rsquo;t think that you need to buy a big wallet because you have a lot to carry with you. In addition, a fat wallet is very ugly. It will make it harder for you to slide the wallet into your trousers&rsquo; pocket. In addition, it will create a bulge and ruin your look.</p>\n\n<p>Before you go on to buy a new wallet, clean out your wallet and place all of the items from your wallet on a table. Throw away things that you would never need any more such as the old bills or the expired gift cards. Remember to check your wallet on a frequent basis to get rid of all of the old stuff that you don&rsquo;t need anymore.</p>\n\n<p style=\"text-align:center\"><img alt=\"f1\" src=\"/storage/news/3.png\" /></p>\n\n<p><br />\n&nbsp;</p>\n\n<hr />\n<h4><strong>Number 3: Don&rsquo;t Limit Your Options Of Materials</strong></h4>\n\n<p>The types and designs of wallets are not the only things that you should consider when you go out searching for your best wallet. You have more than 1 option of material rather than leather to choose from as well.</p>\n\n<p>You can experiment with other available options such as cotton, polyester and canvas. They all have their own pros and cons. As a result, they will be suitable for different needs and requirements. You should think about them all in order to choose the material which you would like the most.</p>\n\n<p style=\"text-align:center\"><img alt=\"f6\" height=\"375\" src=\"/storage/news/4.png\" /></p>\n\n<p><br />\n&nbsp;</p>\n\n<hr />\n<h4><strong>Number 4: Consider A Wallet As A Long Term Investment</strong></h4>\n\n<p>Your wallet is indeed an investment that you should consider spending a decent amount of time and effort on it. Another factor that you need to consider is how much you want to spend on your wallet. The price ranges of wallets on the market vary a great deal. You can find a wallet which is as cheap as about 5 to 7 dollars. On the other hand, you should expect to pay around 250 to 300 dollars for a high-quality wallet.</p>\n\n<p>In case you need a wallet to use for a long time, it is a good idea that you should invest a decent amount of money on a wallet. A high quality wallet from a reputational brand with the premium quality such as cowhide leather will last for a long time. In addition, it is an accessory to show off your fashion sense and your social status.</p>\n\n<p style=\"text-align:center\"><img alt=\"f2\" height=\"400\" src=\"/storage/news/5.png\" /></p>\n\n<p>&nbsp;</p>\n','published',1,'Botble\\ACL\\Models\\User',1,'news/10.png',1766,NULL,'2022-09-22 01:26:51','2022-09-22 01:26:51'),(11,'The litigants on the screen are not actors','You should pay more attention when you choose your wallets. There are a lot of them on the market with the different designs and styles. When you choose carefully, you would be able to buy a wallet that is catered to your needs. Not to mention that it will help to enhance your style significantly.','<p>I have seen many people underestimating the power of their wallets. To them, they are just a functional item they use to carry. As a result, they often end up with the wallets which are not really suitable for them.</p>\n\n<p>You should pay more attention when you choose your wallets. There are a lot of them on the market with the different designs and styles. When you choose carefully, you would be able to buy a wallet that is catered to your needs. Not to mention that it will help to enhance your style significantly.</p>\n\n<p style=\"text-align:center\"><img alt=\"f4\" src=\"/storage/news/1.png\" /></p>\n\n<p><br />\n&nbsp;</p>\n\n\n\n<p><strong><em>For all of the reason above, here are 7 expert tips to help you pick up the right men&rsquo;s wallet for you:</em></strong></p>\n\n<h4><strong>Number 1: Choose A Neat Wallet</strong></h4>\n\n<p>The wallet is an essential accessory that you should go simple. Simplicity is the best in this case. A simple and neat wallet with the plain color and even&nbsp;<strong>minimalist style</strong>&nbsp;is versatile. It can be used for both formal and casual events. In addition, that wallet will go well with most of the clothes in your wardrobe.</p>\n\n<p>Keep in mind that a wallet will tell other people about your personality and your fashion sense as much as other clothes you put on. Hence, don&rsquo;t go cheesy on your wallet or else people will think that you have a funny and particular style.</p>\n\n<p style=\"text-align:center\"><img alt=\"f5\" src=\"/storage/news/2.png\" /></p>\n\n<p><br />\n&nbsp;</p>\n<hr />\n<h4><strong>Number 2: Choose The Right Size For Your Wallet</strong></h4>\n\n<p>You should avoid having an over-sized wallet. Don&rsquo;t think that you need to buy a big wallet because you have a lot to carry with you. In addition, a fat wallet is very ugly. It will make it harder for you to slide the wallet into your trousers&rsquo; pocket. In addition, it will create a bulge and ruin your look.</p>\n\n<p>Before you go on to buy a new wallet, clean out your wallet and place all of the items from your wallet on a table. Throw away things that you would never need any more such as the old bills or the expired gift cards. Remember to check your wallet on a frequent basis to get rid of all of the old stuff that you don&rsquo;t need anymore.</p>\n\n<p style=\"text-align:center\"><img alt=\"f1\" src=\"/storage/news/3.png\" /></p>\n\n<p><br />\n&nbsp;</p>\n\n<hr />\n<h4><strong>Number 3: Don&rsquo;t Limit Your Options Of Materials</strong></h4>\n\n<p>The types and designs of wallets are not the only things that you should consider when you go out searching for your best wallet. You have more than 1 option of material rather than leather to choose from as well.</p>\n\n<p>You can experiment with other available options such as cotton, polyester and canvas. They all have their own pros and cons. As a result, they will be suitable for different needs and requirements. You should think about them all in order to choose the material which you would like the most.</p>\n\n<p style=\"text-align:center\"><img alt=\"f6\" height=\"375\" src=\"/storage/news/4.png\" /></p>\n\n<p><br />\n&nbsp;</p>\n\n<hr />\n<h4><strong>Number 4: Consider A Wallet As A Long Term Investment</strong></h4>\n\n<p>Your wallet is indeed an investment that you should consider spending a decent amount of time and effort on it. Another factor that you need to consider is how much you want to spend on your wallet. The price ranges of wallets on the market vary a great deal. You can find a wallet which is as cheap as about 5 to 7 dollars. On the other hand, you should expect to pay around 250 to 300 dollars for a high-quality wallet.</p>\n\n<p>In case you need a wallet to use for a long time, it is a good idea that you should invest a decent amount of money on a wallet. A high quality wallet from a reputational brand with the premium quality such as cowhide leather will last for a long time. In addition, it is an accessory to show off your fashion sense and your social status.</p>\n\n<p style=\"text-align:center\"><img alt=\"f2\" height=\"400\" src=\"/storage/news/5.png\" /></p>\n\n<p>&nbsp;</p>\n','published',1,'Botble\\ACL\\Models\\User',0,'news/11.png',2199,NULL,'2022-09-22 01:26:51','2022-09-22 01:26:51');
/*!40000 ALTER TABLE `posts` ENABLE KEYS */;
UNLOCK TABLES;

--
-- Table structure for table `posts_translations`
--

DROP TABLE IF EXISTS `posts_translations`;
/*!40101 SET @saved_cs_client     = @@character_set_client */;
/*!50503 SET character_set_client = utf8mb4 */;
CREATE TABLE `posts_translations` (
  `lang_code` varchar(191) COLLATE utf8mb4_unicode_ci NOT NULL,
  `posts_id` int NOT NULL,
  `name` varchar(255) COLLATE utf8mb4_unicode_ci DEFAULT NULL,
  `description` varchar(400) COLLATE utf8mb4_unicode_ci DEFAULT NULL,
  `content` longtext COLLATE utf8mb4_unicode_ci,
  PRIMARY KEY (`lang_code`,`posts_id`)
) ENGINE=InnoDB DEFAULT CHARSET=utf8mb4 COLLATE=utf8mb4_unicode_ci;
/*!40101 SET character_set_client = @saved_cs_client */;

--
-- Dumping data for table `posts_translations`
--

LOCK TABLES `posts_translations` WRITE;
/*!40000 ALTER TABLE `posts_translations` DISABLE KEYS */;
INSERT INTO `posts_translations` VALUES ('vi',1,'4 Lời khuyên của Chuyên gia về Cách Chọn Ví Nam Phù hợp','You should pay more attention when you choose your wallets. There are a lot of them on the market with the different designs and styles. When you choose carefully, you would be able to buy a wallet that is catered to your needs. Not to mention that it will help to enhance your style significantly.','<p>I have seen many people underestimating the power of their wallets. To them, they are just a functional item they use to carry. As a result, they often end up with the wallets which are not really suitable for them.</p>\n\n<p>You should pay more attention when you choose your wallets. There are a lot of them on the market with the different designs and styles. When you choose carefully, you would be able to buy a wallet that is catered to your needs. Not to mention that it will help to enhance your style significantly.</p>\n\n<p style=\"text-align:center\"><img alt=\"f4\" src=\"/storage/news/1.png\" /></p>\n\n<p><br />\n&nbsp;</p>\n\n\n\n<p><strong><em>For all of the reason above, here are 7 expert tips to help you pick up the right men&rsquo;s wallet for you:</em></strong></p>\n\n<h4><strong>Number 1: Choose A Neat Wallet</strong></h4>\n\n<p>The wallet is an essential accessory that you should go simple. Simplicity is the best in this case. A simple and neat wallet with the plain color and even&nbsp;<strong>minimalist style</strong>&nbsp;is versatile. It can be used for both formal and casual events. In addition, that wallet will go well with most of the clothes in your wardrobe.</p>\n\n<p>Keep in mind that a wallet will tell other people about your personality and your fashion sense as much as other clothes you put on. Hence, don&rsquo;t go cheesy on your wallet or else people will think that you have a funny and particular style.</p>\n\n<p style=\"text-align:center\"><img alt=\"f5\" src=\"/storage/news/2.png\" /></p>\n\n<p><br />\n&nbsp;</p>\n<hr />\n<h4><strong>Number 2: Choose The Right Size For Your Wallet</strong></h4>\n\n<p>You should avoid having an over-sized wallet. Don&rsquo;t think that you need to buy a big wallet because you have a lot to carry with you. In addition, a fat wallet is very ugly. It will make it harder for you to slide the wallet into your trousers&rsquo; pocket. In addition, it will create a bulge and ruin your look.</p>\n\n<p>Before you go on to buy a new wallet, clean out your wallet and place all of the items from your wallet on a table. Throw away things that you would never need any more such as the old bills or the expired gift cards. Remember to check your wallet on a frequent basis to get rid of all of the old stuff that you don&rsquo;t need anymore.</p>\n\n<p style=\"text-align:center\"><img alt=\"f1\" src=\"/storage/news/3.png\" /></p>\n\n<p><br />\n&nbsp;</p>\n\n<hr />\n<h4><strong>Number 3: Don&rsquo;t Limit Your Options Of Materials</strong></h4>\n\n<p>The types and designs of wallets are not the only things that you should consider when you go out searching for your best wallet. You have more than 1 option of material rather than leather to choose from as well.</p>\n\n<p>You can experiment with other available options such as cotton, polyester and canvas. They all have their own pros and cons. As a result, they will be suitable for different needs and requirements. You should think about them all in order to choose the material which you would like the most.</p>\n\n<p style=\"text-align:center\"><img alt=\"f6\" height=\"375\" src=\"/storage/news/4.png\" /></p>\n\n<p><br />\n&nbsp;</p>\n\n<hr />\n<h4><strong>Number 4: Consider A Wallet As A Long Term Investment</strong></h4>\n\n<p>Your wallet is indeed an investment that you should consider spending a decent amount of time and effort on it. Another factor that you need to consider is how much you want to spend on your wallet. The price ranges of wallets on the market vary a great deal. You can find a wallet which is as cheap as about 5 to 7 dollars. On the other hand, you should expect to pay around 250 to 300 dollars for a high-quality wallet.</p>\n\n<p>In case you need a wallet to use for a long time, it is a good idea that you should invest a decent amount of money on a wallet. A high quality wallet from a reputational brand with the premium quality such as cowhide leather will last for a long time. In addition, it is an accessory to show off your fashion sense and your social status.</p>\n\n<p style=\"text-align:center\"><img alt=\"f2\" height=\"400\" src=\"/storage/news/5.png\" /></p>\n\n<p>&nbsp;</p>\n'),('vi',2,'Sexy Clutches: Cách Mua & Đeo Túi Clutch Thiết kế','You should pay more attention when you choose your wallets. There are a lot of them on the market with the different designs and styles. When you choose carefully, you would be able to buy a wallet that is catered to your needs. Not to mention that it will help to enhance your style significantly.','<p>I have seen many people underestimating the power of their wallets. To them, they are just a functional item they use to carry. As a result, they often end up with the wallets which are not really suitable for them.</p>\n\n<p>You should pay more attention when you choose your wallets. There are a lot of them on the market with the different designs and styles. When you choose carefully, you would be able to buy a wallet that is catered to your needs. Not to mention that it will help to enhance your style significantly.</p>\n\n<p style=\"text-align:center\"><img alt=\"f4\" src=\"/storage/news/1.png\" /></p>\n\n<p><br />\n&nbsp;</p>\n\n\n\n<p><strong><em>For all of the reason above, here are 7 expert tips to help you pick up the right men&rsquo;s wallet for you:</em></strong></p>\n\n<h4><strong>Number 1: Choose A Neat Wallet</strong></h4>\n\n<p>The wallet is an essential accessory that you should go simple. Simplicity is the best in this case. A simple and neat wallet with the plain color and even&nbsp;<strong>minimalist style</strong>&nbsp;is versatile. It can be used for both formal and casual events. In addition, that wallet will go well with most of the clothes in your wardrobe.</p>\n\n<p>Keep in mind that a wallet will tell other people about your personality and your fashion sense as much as other clothes you put on. Hence, don&rsquo;t go cheesy on your wallet or else people will think that you have a funny and particular style.</p>\n\n<p style=\"text-align:center\"><img alt=\"f5\" src=\"/storage/news/2.png\" /></p>\n\n<p><br />\n&nbsp;</p>\n<hr />\n<h4><strong>Number 2: Choose The Right Size For Your Wallet</strong></h4>\n\n<p>You should avoid having an over-sized wallet. Don&rsquo;t think that you need to buy a big wallet because you have a lot to carry with you. In addition, a fat wallet is very ugly. It will make it harder for you to slide the wallet into your trousers&rsquo; pocket. In addition, it will create a bulge and ruin your look.</p>\n\n<p>Before you go on to buy a new wallet, clean out your wallet and place all of the items from your wallet on a table. Throw away things that you would never need any more such as the old bills or the expired gift cards. Remember to check your wallet on a frequent basis to get rid of all of the old stuff that you don&rsquo;t need anymore.</p>\n\n<p style=\"text-align:center\"><img alt=\"f1\" src=\"/storage/news/3.png\" /></p>\n\n<p><br />\n&nbsp;</p>\n\n<hr />\n<h4><strong>Number 3: Don&rsquo;t Limit Your Options Of Materials</strong></h4>\n\n<p>The types and designs of wallets are not the only things that you should consider when you go out searching for your best wallet. You have more than 1 option of material rather than leather to choose from as well.</p>\n\n<p>You can experiment with other available options such as cotton, polyester and canvas. They all have their own pros and cons. As a result, they will be suitable for different needs and requirements. You should think about them all in order to choose the material which you would like the most.</p>\n\n<p style=\"text-align:center\"><img alt=\"f6\" height=\"375\" src=\"/storage/news/4.png\" /></p>\n\n<p><br />\n&nbsp;</p>\n\n<hr />\n<h4><strong>Number 4: Consider A Wallet As A Long Term Investment</strong></h4>\n\n<p>Your wallet is indeed an investment that you should consider spending a decent amount of time and effort on it. Another factor that you need to consider is how much you want to spend on your wallet. The price ranges of wallets on the market vary a great deal. You can find a wallet which is as cheap as about 5 to 7 dollars. On the other hand, you should expect to pay around 250 to 300 dollars for a high-quality wallet.</p>\n\n<p>In case you need a wallet to use for a long time, it is a good idea that you should invest a decent amount of money on a wallet. A high quality wallet from a reputational brand with the premium quality such as cowhide leather will last for a long time. In addition, it is an accessory to show off your fashion sense and your social status.</p>\n\n<p style=\"text-align:center\"><img alt=\"f2\" height=\"400\" src=\"/storage/news/5.png\" /></p>\n\n<p>&nbsp;</p>\n'),('vi',3,'Xu hướng túi xách hàng đầu năm 2020 cần biết','You should pay more attention when you choose your wallets. There are a lot of them on the market with the different designs and styles. When you choose carefully, you would be able to buy a wallet that is catered to your needs. Not to mention that it will help to enhance your style significantly.','<p>I have seen many people underestimating the power of their wallets. To them, they are just a functional item they use to carry. As a result, they often end up with the wallets which are not really suitable for them.</p>\n\n<p>You should pay more attention when you choose your wallets. There are a lot of them on the market with the different designs and styles. When you choose carefully, you would be able to buy a wallet that is catered to your needs. Not to mention that it will help to enhance your style significantly.</p>\n\n<p style=\"text-align:center\"><img alt=\"f4\" src=\"/storage/news/1.png\" /></p>\n\n<p><br />\n&nbsp;</p>\n\n\n\n<p><strong><em>For all of the reason above, here are 7 expert tips to help you pick up the right men&rsquo;s wallet for you:</em></strong></p>\n\n<h4><strong>Number 1: Choose A Neat Wallet</strong></h4>\n\n<p>The wallet is an essential accessory that you should go simple. Simplicity is the best in this case. A simple and neat wallet with the plain color and even&nbsp;<strong>minimalist style</strong>&nbsp;is versatile. It can be used for both formal and casual events. In addition, that wallet will go well with most of the clothes in your wardrobe.</p>\n\n<p>Keep in mind that a wallet will tell other people about your personality and your fashion sense as much as other clothes you put on. Hence, don&rsquo;t go cheesy on your wallet or else people will think that you have a funny and particular style.</p>\n\n<p style=\"text-align:center\"><img alt=\"f5\" src=\"/storage/news/2.png\" /></p>\n\n<p><br />\n&nbsp;</p>\n<hr />\n<h4><strong>Number 2: Choose The Right Size For Your Wallet</strong></h4>\n\n<p>You should avoid having an over-sized wallet. Don&rsquo;t think that you need to buy a big wallet because you have a lot to carry with you. In addition, a fat wallet is very ugly. It will make it harder for you to slide the wallet into your trousers&rsquo; pocket. In addition, it will create a bulge and ruin your look.</p>\n\n<p>Before you go on to buy a new wallet, clean out your wallet and place all of the items from your wallet on a table. Throw away things that you would never need any more such as the old bills or the expired gift cards. Remember to check your wallet on a frequent basis to get rid of all of the old stuff that you don&rsquo;t need anymore.</p>\n\n<p style=\"text-align:center\"><img alt=\"f1\" src=\"/storage/news/3.png\" /></p>\n\n<p><br />\n&nbsp;</p>\n\n<hr />\n<h4><strong>Number 3: Don&rsquo;t Limit Your Options Of Materials</strong></h4>\n\n<p>The types and designs of wallets are not the only things that you should consider when you go out searching for your best wallet. You have more than 1 option of material rather than leather to choose from as well.</p>\n\n<p>You can experiment with other available options such as cotton, polyester and canvas. They all have their own pros and cons. As a result, they will be suitable for different needs and requirements. You should think about them all in order to choose the material which you would like the most.</p>\n\n<p style=\"text-align:center\"><img alt=\"f6\" height=\"375\" src=\"/storage/news/4.png\" /></p>\n\n<p><br />\n&nbsp;</p>\n\n<hr />\n<h4><strong>Number 4: Consider A Wallet As A Long Term Investment</strong></h4>\n\n<p>Your wallet is indeed an investment that you should consider spending a decent amount of time and effort on it. Another factor that you need to consider is how much you want to spend on your wallet. The price ranges of wallets on the market vary a great deal. You can find a wallet which is as cheap as about 5 to 7 dollars. On the other hand, you should expect to pay around 250 to 300 dollars for a high-quality wallet.</p>\n\n<p>In case you need a wallet to use for a long time, it is a good idea that you should invest a decent amount of money on a wallet. A high quality wallet from a reputational brand with the premium quality such as cowhide leather will last for a long time. In addition, it is an accessory to show off your fashion sense and your social status.</p>\n\n<p style=\"text-align:center\"><img alt=\"f2\" height=\"400\" src=\"/storage/news/5.png\" /></p>\n\n<p>&nbsp;</p>\n'),('vi',4,'Cách Phối Màu Túi Xách Của Bạn Với Trang Phục','You should pay more attention when you choose your wallets. There are a lot of them on the market with the different designs and styles. When you choose carefully, you would be able to buy a wallet that is catered to your needs. Not to mention that it will help to enhance your style significantly.','<p>I have seen many people underestimating the power of their wallets. To them, they are just a functional item they use to carry. As a result, they often end up with the wallets which are not really suitable for them.</p>\n\n<p>You should pay more attention when you choose your wallets. There are a lot of them on the market with the different designs and styles. When you choose carefully, you would be able to buy a wallet that is catered to your needs. Not to mention that it will help to enhance your style significantly.</p>\n\n<p style=\"text-align:center\"><img alt=\"f4\" src=\"/storage/news/1.png\" /></p>\n\n<p><br />\n&nbsp;</p>\n\n\n\n<p><strong><em>For all of the reason above, here are 7 expert tips to help you pick up the right men&rsquo;s wallet for you:</em></strong></p>\n\n<h4><strong>Number 1: Choose A Neat Wallet</strong></h4>\n\n<p>The wallet is an essential accessory that you should go simple. Simplicity is the best in this case. A simple and neat wallet with the plain color and even&nbsp;<strong>minimalist style</strong>&nbsp;is versatile. It can be used for both formal and casual events. In addition, that wallet will go well with most of the clothes in your wardrobe.</p>\n\n<p>Keep in mind that a wallet will tell other people about your personality and your fashion sense as much as other clothes you put on. Hence, don&rsquo;t go cheesy on your wallet or else people will think that you have a funny and particular style.</p>\n\n<p style=\"text-align:center\"><img alt=\"f5\" src=\"/storage/news/2.png\" /></p>\n\n<p><br />\n&nbsp;</p>\n<hr />\n<h4><strong>Number 2: Choose The Right Size For Your Wallet</strong></h4>\n\n<p>You should avoid having an over-sized wallet. Don&rsquo;t think that you need to buy a big wallet because you have a lot to carry with you. In addition, a fat wallet is very ugly. It will make it harder for you to slide the wallet into your trousers&rsquo; pocket. In addition, it will create a bulge and ruin your look.</p>\n\n<p>Before you go on to buy a new wallet, clean out your wallet and place all of the items from your wallet on a table. Throw away things that you would never need any more such as the old bills or the expired gift cards. Remember to check your wallet on a frequent basis to get rid of all of the old stuff that you don&rsquo;t need anymore.</p>\n\n<p style=\"text-align:center\"><img alt=\"f1\" src=\"/storage/news/3.png\" /></p>\n\n<p><br />\n&nbsp;</p>\n\n<hr />\n<h4><strong>Number 3: Don&rsquo;t Limit Your Options Of Materials</strong></h4>\n\n<p>The types and designs of wallets are not the only things that you should consider when you go out searching for your best wallet. You have more than 1 option of material rather than leather to choose from as well.</p>\n\n<p>You can experiment with other available options such as cotton, polyester and canvas. They all have their own pros and cons. As a result, they will be suitable for different needs and requirements. You should think about them all in order to choose the material which you would like the most.</p>\n\n<p style=\"text-align:center\"><img alt=\"f6\" height=\"375\" src=\"/storage/news/4.png\" /></p>\n\n<p><br />\n&nbsp;</p>\n\n<hr />\n<h4><strong>Number 4: Consider A Wallet As A Long Term Investment</strong></h4>\n\n<p>Your wallet is indeed an investment that you should consider spending a decent amount of time and effort on it. Another factor that you need to consider is how much you want to spend on your wallet. The price ranges of wallets on the market vary a great deal. You can find a wallet which is as cheap as about 5 to 7 dollars. On the other hand, you should expect to pay around 250 to 300 dollars for a high-quality wallet.</p>\n\n<p>In case you need a wallet to use for a long time, it is a good idea that you should invest a decent amount of money on a wallet. A high quality wallet from a reputational brand with the premium quality such as cowhide leather will last for a long time. In addition, it is an accessory to show off your fashion sense and your social status.</p>\n\n<p style=\"text-align:center\"><img alt=\"f2\" height=\"400\" src=\"/storage/news/5.png\" /></p>\n\n<p>&nbsp;</p>\n'),('vi',5,'Cách Chăm sóc Túi Da','You should pay more attention when you choose your wallets. There are a lot of them on the market with the different designs and styles. When you choose carefully, you would be able to buy a wallet that is catered to your needs. Not to mention that it will help to enhance your style significantly.','<p>I have seen many people underestimating the power of their wallets. To them, they are just a functional item they use to carry. As a result, they often end up with the wallets which are not really suitable for them.</p>\n\n<p>You should pay more attention when you choose your wallets. There are a lot of them on the market with the different designs and styles. When you choose carefully, you would be able to buy a wallet that is catered to your needs. Not to mention that it will help to enhance your style significantly.</p>\n\n<p style=\"text-align:center\"><img alt=\"f4\" src=\"/storage/news/1.png\" /></p>\n\n<p><br />\n&nbsp;</p>\n\n\n\n<p><strong><em>For all of the reason above, here are 7 expert tips to help you pick up the right men&rsquo;s wallet for you:</em></strong></p>\n\n<h4><strong>Number 1: Choose A Neat Wallet</strong></h4>\n\n<p>The wallet is an essential accessory that you should go simple. Simplicity is the best in this case. A simple and neat wallet with the plain color and even&nbsp;<strong>minimalist style</strong>&nbsp;is versatile. It can be used for both formal and casual events. In addition, that wallet will go well with most of the clothes in your wardrobe.</p>\n\n<p>Keep in mind that a wallet will tell other people about your personality and your fashion sense as much as other clothes you put on. Hence, don&rsquo;t go cheesy on your wallet or else people will think that you have a funny and particular style.</p>\n\n<p style=\"text-align:center\"><img alt=\"f5\" src=\"/storage/news/2.png\" /></p>\n\n<p><br />\n&nbsp;</p>\n<hr />\n<h4><strong>Number 2: Choose The Right Size For Your Wallet</strong></h4>\n\n<p>You should avoid having an over-sized wallet. Don&rsquo;t think that you need to buy a big wallet because you have a lot to carry with you. In addition, a fat wallet is very ugly. It will make it harder for you to slide the wallet into your trousers&rsquo; pocket. In addition, it will create a bulge and ruin your look.</p>\n\n<p>Before you go on to buy a new wallet, clean out your wallet and place all of the items from your wallet on a table. Throw away things that you would never need any more such as the old bills or the expired gift cards. Remember to check your wallet on a frequent basis to get rid of all of the old stuff that you don&rsquo;t need anymore.</p>\n\n<p style=\"text-align:center\"><img alt=\"f1\" src=\"/storage/news/3.png\" /></p>\n\n<p><br />\n&nbsp;</p>\n\n<hr />\n<h4><strong>Number 3: Don&rsquo;t Limit Your Options Of Materials</strong></h4>\n\n<p>The types and designs of wallets are not the only things that you should consider when you go out searching for your best wallet. You have more than 1 option of material rather than leather to choose from as well.</p>\n\n<p>You can experiment with other available options such as cotton, polyester and canvas. They all have their own pros and cons. As a result, they will be suitable for different needs and requirements. You should think about them all in order to choose the material which you would like the most.</p>\n\n<p style=\"text-align:center\"><img alt=\"f6\" height=\"375\" src=\"/storage/news/4.png\" /></p>\n\n<p><br />\n&nbsp;</p>\n\n<hr />\n<h4><strong>Number 4: Consider A Wallet As A Long Term Investment</strong></h4>\n\n<p>Your wallet is indeed an investment that you should consider spending a decent amount of time and effort on it. Another factor that you need to consider is how much you want to spend on your wallet. The price ranges of wallets on the market vary a great deal. You can find a wallet which is as cheap as about 5 to 7 dollars. On the other hand, you should expect to pay around 250 to 300 dollars for a high-quality wallet.</p>\n\n<p>In case you need a wallet to use for a long time, it is a good idea that you should invest a decent amount of money on a wallet. A high quality wallet from a reputational brand with the premium quality such as cowhide leather will last for a long time. In addition, it is an accessory to show off your fashion sense and your social status.</p>\n\n<p style=\"text-align:center\"><img alt=\"f2\" height=\"400\" src=\"/storage/news/5.png\" /></p>\n\n<p>&nbsp;</p>\n'),('vi',6,'Chúng tôi đang nghiền ngẫm 10 xu hướng túi lớn nhất của mùa hè','You should pay more attention when you choose your wallets. There are a lot of them on the market with the different designs and styles. When you choose carefully, you would be able to buy a wallet that is catered to your needs. Not to mention that it will help to enhance your style significantly.','<p>I have seen many people underestimating the power of their wallets. To them, they are just a functional item they use to carry. As a result, they often end up with the wallets which are not really suitable for them.</p>\n\n<p>You should pay more attention when you choose your wallets. There are a lot of them on the market with the different designs and styles. When you choose carefully, you would be able to buy a wallet that is catered to your needs. Not to mention that it will help to enhance your style significantly.</p>\n\n<p style=\"text-align:center\"><img alt=\"f4\" src=\"/storage/news/1.png\" /></p>\n\n<p><br />\n&nbsp;</p>\n\n\n\n<p><strong><em>For all of the reason above, here are 7 expert tips to help you pick up the right men&rsquo;s wallet for you:</em></strong></p>\n\n<h4><strong>Number 1: Choose A Neat Wallet</strong></h4>\n\n<p>The wallet is an essential accessory that you should go simple. Simplicity is the best in this case. A simple and neat wallet with the plain color and even&nbsp;<strong>minimalist style</strong>&nbsp;is versatile. It can be used for both formal and casual events. In addition, that wallet will go well with most of the clothes in your wardrobe.</p>\n\n<p>Keep in mind that a wallet will tell other people about your personality and your fashion sense as much as other clothes you put on. Hence, don&rsquo;t go cheesy on your wallet or else people will think that you have a funny and particular style.</p>\n\n<p style=\"text-align:center\"><img alt=\"f5\" src=\"/storage/news/2.png\" /></p>\n\n<p><br />\n&nbsp;</p>\n<hr />\n<h4><strong>Number 2: Choose The Right Size For Your Wallet</strong></h4>\n\n<p>You should avoid having an over-sized wallet. Don&rsquo;t think that you need to buy a big wallet because you have a lot to carry with you. In addition, a fat wallet is very ugly. It will make it harder for you to slide the wallet into your trousers&rsquo; pocket. In addition, it will create a bulge and ruin your look.</p>\n\n<p>Before you go on to buy a new wallet, clean out your wallet and place all of the items from your wallet on a table. Throw away things that you would never need any more such as the old bills or the expired gift cards. Remember to check your wallet on a frequent basis to get rid of all of the old stuff that you don&rsquo;t need anymore.</p>\n\n<p style=\"text-align:center\"><img alt=\"f1\" src=\"/storage/news/3.png\" /></p>\n\n<p><br />\n&nbsp;</p>\n\n<hr />\n<h4><strong>Number 3: Don&rsquo;t Limit Your Options Of Materials</strong></h4>\n\n<p>The types and designs of wallets are not the only things that you should consider when you go out searching for your best wallet. You have more than 1 option of material rather than leather to choose from as well.</p>\n\n<p>You can experiment with other available options such as cotton, polyester and canvas. They all have their own pros and cons. As a result, they will be suitable for different needs and requirements. You should think about them all in order to choose the material which you would like the most.</p>\n\n<p style=\"text-align:center\"><img alt=\"f6\" height=\"375\" src=\"/storage/news/4.png\" /></p>\n\n<p><br />\n&nbsp;</p>\n\n<hr />\n<h4><strong>Number 4: Consider A Wallet As A Long Term Investment</strong></h4>\n\n<p>Your wallet is indeed an investment that you should consider spending a decent amount of time and effort on it. Another factor that you need to consider is how much you want to spend on your wallet. The price ranges of wallets on the market vary a great deal. You can find a wallet which is as cheap as about 5 to 7 dollars. On the other hand, you should expect to pay around 250 to 300 dollars for a high-quality wallet.</p>\n\n<p>In case you need a wallet to use for a long time, it is a good idea that you should invest a decent amount of money on a wallet. A high quality wallet from a reputational brand with the premium quality such as cowhide leather will last for a long time. In addition, it is an accessory to show off your fashion sense and your social status.</p>\n\n<p style=\"text-align:center\"><img alt=\"f2\" height=\"400\" src=\"/storage/news/5.png\" /></p>\n\n<p>&nbsp;</p>\n'),('vi',7,'Những phẩm chất cần thiết của âm nhạc thành công cao','You should pay more attention when you choose your wallets. There are a lot of them on the market with the different designs and styles. When you choose carefully, you would be able to buy a wallet that is catered to your needs. Not to mention that it will help to enhance your style significantly.','<p>I have seen many people underestimating the power of their wallets. To them, they are just a functional item they use to carry. As a result, they often end up with the wallets which are not really suitable for them.</p>\n\n<p>You should pay more attention when you choose your wallets. There are a lot of them on the market with the different designs and styles. When you choose carefully, you would be able to buy a wallet that is catered to your needs. Not to mention that it will help to enhance your style significantly.</p>\n\n<p style=\"text-align:center\"><img alt=\"f4\" src=\"/storage/news/1.png\" /></p>\n\n<p><br />\n&nbsp;</p>\n\n\n\n<p><strong><em>For all of the reason above, here are 7 expert tips to help you pick up the right men&rsquo;s wallet for you:</em></strong></p>\n\n<h4><strong>Number 1: Choose A Neat Wallet</strong></h4>\n\n<p>The wallet is an essential accessory that you should go simple. Simplicity is the best in this case. A simple and neat wallet with the plain color and even&nbsp;<strong>minimalist style</strong>&nbsp;is versatile. It can be used for both formal and casual events. In addition, that wallet will go well with most of the clothes in your wardrobe.</p>\n\n<p>Keep in mind that a wallet will tell other people about your personality and your fashion sense as much as other clothes you put on. Hence, don&rsquo;t go cheesy on your wallet or else people will think that you have a funny and particular style.</p>\n\n<p style=\"text-align:center\"><img alt=\"f5\" src=\"/storage/news/2.png\" /></p>\n\n<p><br />\n&nbsp;</p>\n<hr />\n<h4><strong>Number 2: Choose The Right Size For Your Wallet</strong></h4>\n\n<p>You should avoid having an over-sized wallet. Don&rsquo;t think that you need to buy a big wallet because you have a lot to carry with you. In addition, a fat wallet is very ugly. It will make it harder for you to slide the wallet into your trousers&rsquo; pocket. In addition, it will create a bulge and ruin your look.</p>\n\n<p>Before you go on to buy a new wallet, clean out your wallet and place all of the items from your wallet on a table. Throw away things that you would never need any more such as the old bills or the expired gift cards. Remember to check your wallet on a frequent basis to get rid of all of the old stuff that you don&rsquo;t need anymore.</p>\n\n<p style=\"text-align:center\"><img alt=\"f1\" src=\"/storage/news/3.png\" /></p>\n\n<p><br />\n&nbsp;</p>\n\n<hr />\n<h4><strong>Number 3: Don&rsquo;t Limit Your Options Of Materials</strong></h4>\n\n<p>The types and designs of wallets are not the only things that you should consider when you go out searching for your best wallet. You have more than 1 option of material rather than leather to choose from as well.</p>\n\n<p>You can experiment with other available options such as cotton, polyester and canvas. They all have their own pros and cons. As a result, they will be suitable for different needs and requirements. You should think about them all in order to choose the material which you would like the most.</p>\n\n<p style=\"text-align:center\"><img alt=\"f6\" height=\"375\" src=\"/storage/news/4.png\" /></p>\n\n<p><br />\n&nbsp;</p>\n\n<hr />\n<h4><strong>Number 4: Consider A Wallet As A Long Term Investment</strong></h4>\n\n<p>Your wallet is indeed an investment that you should consider spending a decent amount of time and effort on it. Another factor that you need to consider is how much you want to spend on your wallet. The price ranges of wallets on the market vary a great deal. You can find a wallet which is as cheap as about 5 to 7 dollars. On the other hand, you should expect to pay around 250 to 300 dollars for a high-quality wallet.</p>\n\n<p>In case you need a wallet to use for a long time, it is a good idea that you should invest a decent amount of money on a wallet. A high quality wallet from a reputational brand with the premium quality such as cowhide leather will last for a long time. In addition, it is an accessory to show off your fashion sense and your social status.</p>\n\n<p style=\"text-align:center\"><img alt=\"f2\" height=\"400\" src=\"/storage/news/5.png\" /></p>\n\n<p>&nbsp;</p>\n'),('vi',8,'9 điều tôi thích khi cạo đầu','You should pay more attention when you choose your wallets. There are a lot of them on the market with the different designs and styles. When you choose carefully, you would be able to buy a wallet that is catered to your needs. Not to mention that it will help to enhance your style significantly.','<p>I have seen many people underestimating the power of their wallets. To them, they are just a functional item they use to carry. As a result, they often end up with the wallets which are not really suitable for them.</p>\n\n<p>You should pay more attention when you choose your wallets. There are a lot of them on the market with the different designs and styles. When you choose carefully, you would be able to buy a wallet that is catered to your needs. Not to mention that it will help to enhance your style significantly.</p>\n\n<p style=\"text-align:center\"><img alt=\"f4\" src=\"/storage/news/1.png\" /></p>\n\n<p><br />\n&nbsp;</p>\n\n\n\n<p><strong><em>For all of the reason above, here are 7 expert tips to help you pick up the right men&rsquo;s wallet for you:</em></strong></p>\n\n<h4><strong>Number 1: Choose A Neat Wallet</strong></h4>\n\n<p>The wallet is an essential accessory that you should go simple. Simplicity is the best in this case. A simple and neat wallet with the plain color and even&nbsp;<strong>minimalist style</strong>&nbsp;is versatile. It can be used for both formal and casual events. In addition, that wallet will go well with most of the clothes in your wardrobe.</p>\n\n<p>Keep in mind that a wallet will tell other people about your personality and your fashion sense as much as other clothes you put on. Hence, don&rsquo;t go cheesy on your wallet or else people will think that you have a funny and particular style.</p>\n\n<p style=\"text-align:center\"><img alt=\"f5\" src=\"/storage/news/2.png\" /></p>\n\n<p><br />\n&nbsp;</p>\n<hr />\n<h4><strong>Number 2: Choose The Right Size For Your Wallet</strong></h4>\n\n<p>You should avoid having an over-sized wallet. Don&rsquo;t think that you need to buy a big wallet because you have a lot to carry with you. In addition, a fat wallet is very ugly. It will make it harder for you to slide the wallet into your trousers&rsquo; pocket. In addition, it will create a bulge and ruin your look.</p>\n\n<p>Before you go on to buy a new wallet, clean out your wallet and place all of the items from your wallet on a table. Throw away things that you would never need any more such as the old bills or the expired gift cards. Remember to check your wallet on a frequent basis to get rid of all of the old stuff that you don&rsquo;t need anymore.</p>\n\n<p style=\"text-align:center\"><img alt=\"f1\" src=\"/storage/news/3.png\" /></p>\n\n<p><br />\n&nbsp;</p>\n\n<hr />\n<h4><strong>Number 3: Don&rsquo;t Limit Your Options Of Materials</strong></h4>\n\n<p>The types and designs of wallets are not the only things that you should consider when you go out searching for your best wallet. You have more than 1 option of material rather than leather to choose from as well.</p>\n\n<p>You can experiment with other available options such as cotton, polyester and canvas. They all have their own pros and cons. As a result, they will be suitable for different needs and requirements. You should think about them all in order to choose the material which you would like the most.</p>\n\n<p style=\"text-align:center\"><img alt=\"f6\" height=\"375\" src=\"/storage/news/4.png\" /></p>\n\n<p><br />\n&nbsp;</p>\n\n<hr />\n<h4><strong>Number 4: Consider A Wallet As A Long Term Investment</strong></h4>\n\n<p>Your wallet is indeed an investment that you should consider spending a decent amount of time and effort on it. Another factor that you need to consider is how much you want to spend on your wallet. The price ranges of wallets on the market vary a great deal. You can find a wallet which is as cheap as about 5 to 7 dollars. On the other hand, you should expect to pay around 250 to 300 dollars for a high-quality wallet.</p>\n\n<p>In case you need a wallet to use for a long time, it is a good idea that you should invest a decent amount of money on a wallet. A high quality wallet from a reputational brand with the premium quality such as cowhide leather will last for a long time. In addition, it is an accessory to show off your fashion sense and your social status.</p>\n\n<p style=\"text-align:center\"><img alt=\"f2\" height=\"400\" src=\"/storage/news/5.png\" /></p>\n\n<p>&nbsp;</p>\n'),('vi',9,'Tại sao làm việc theo nhóm thực sự biến giấc mơ thành công','You should pay more attention when you choose your wallets. There are a lot of them on the market with the different designs and styles. When you choose carefully, you would be able to buy a wallet that is catered to your needs. Not to mention that it will help to enhance your style significantly.','<p>I have seen many people underestimating the power of their wallets. To them, they are just a functional item they use to carry. As a result, they often end up with the wallets which are not really suitable for them.</p>\n\n<p>You should pay more attention when you choose your wallets. There are a lot of them on the market with the different designs and styles. When you choose carefully, you would be able to buy a wallet that is catered to your needs. Not to mention that it will help to enhance your style significantly.</p>\n\n<p style=\"text-align:center\"><img alt=\"f4\" src=\"/storage/news/1.png\" /></p>\n\n<p><br />\n&nbsp;</p>\n\n\n\n<p><strong><em>For all of the reason above, here are 7 expert tips to help you pick up the right men&rsquo;s wallet for you:</em></strong></p>\n\n<h4><strong>Number 1: Choose A Neat Wallet</strong></h4>\n\n<p>The wallet is an essential accessory that you should go simple. Simplicity is the best in this case. A simple and neat wallet with the plain color and even&nbsp;<strong>minimalist style</strong>&nbsp;is versatile. It can be used for both formal and casual events. In addition, that wallet will go well with most of the clothes in your wardrobe.</p>\n\n<p>Keep in mind that a wallet will tell other people about your personality and your fashion sense as much as other clothes you put on. Hence, don&rsquo;t go cheesy on your wallet or else people will think that you have a funny and particular style.</p>\n\n<p style=\"text-align:center\"><img alt=\"f5\" src=\"/storage/news/2.png\" /></p>\n\n<p><br />\n&nbsp;</p>\n<hr />\n<h4><strong>Number 2: Choose The Right Size For Your Wallet</strong></h4>\n\n<p>You should avoid having an over-sized wallet. Don&rsquo;t think that you need to buy a big wallet because you have a lot to carry with you. In addition, a fat wallet is very ugly. It will make it harder for you to slide the wallet into your trousers&rsquo; pocket. In addition, it will create a bulge and ruin your look.</p>\n\n<p>Before you go on to buy a new wallet, clean out your wallet and place all of the items from your wallet on a table. Throw away things that you would never need any more such as the old bills or the expired gift cards. Remember to check your wallet on a frequent basis to get rid of all of the old stuff that you don&rsquo;t need anymore.</p>\n\n<p style=\"text-align:center\"><img alt=\"f1\" src=\"/storage/news/3.png\" /></p>\n\n<p><br />\n&nbsp;</p>\n\n<hr />\n<h4><strong>Number 3: Don&rsquo;t Limit Your Options Of Materials</strong></h4>\n\n<p>The types and designs of wallets are not the only things that you should consider when you go out searching for your best wallet. You have more than 1 option of material rather than leather to choose from as well.</p>\n\n<p>You can experiment with other available options such as cotton, polyester and canvas. They all have their own pros and cons. As a result, they will be suitable for different needs and requirements. You should think about them all in order to choose the material which you would like the most.</p>\n\n<p style=\"text-align:center\"><img alt=\"f6\" height=\"375\" src=\"/storage/news/4.png\" /></p>\n\n<p><br />\n&nbsp;</p>\n\n<hr />\n<h4><strong>Number 4: Consider A Wallet As A Long Term Investment</strong></h4>\n\n<p>Your wallet is indeed an investment that you should consider spending a decent amount of time and effort on it. Another factor that you need to consider is how much you want to spend on your wallet. The price ranges of wallets on the market vary a great deal. You can find a wallet which is as cheap as about 5 to 7 dollars. On the other hand, you should expect to pay around 250 to 300 dollars for a high-quality wallet.</p>\n\n<p>In case you need a wallet to use for a long time, it is a good idea that you should invest a decent amount of money on a wallet. A high quality wallet from a reputational brand with the premium quality such as cowhide leather will last for a long time. In addition, it is an accessory to show off your fashion sense and your social status.</p>\n\n<p style=\"text-align:center\"><img alt=\"f2\" height=\"400\" src=\"/storage/news/5.png\" /></p>\n\n<p>&nbsp;</p>\n'),('vi',10,'Thế giới phục vụ cho những người trung bình','You should pay more attention when you choose your wallets. There are a lot of them on the market with the different designs and styles. When you choose carefully, you would be able to buy a wallet that is catered to your needs. Not to mention that it will help to enhance your style significantly.','<p>I have seen many people underestimating the power of their wallets. To them, they are just a functional item they use to carry. As a result, they often end up with the wallets which are not really suitable for them.</p>\n\n<p>You should pay more attention when you choose your wallets. There are a lot of them on the market with the different designs and styles. When you choose carefully, you would be able to buy a wallet that is catered to your needs. Not to mention that it will help to enhance your style significantly.</p>\n\n<p style=\"text-align:center\"><img alt=\"f4\" src=\"/storage/news/1.png\" /></p>\n\n<p><br />\n&nbsp;</p>\n\n\n\n<p><strong><em>For all of the reason above, here are 7 expert tips to help you pick up the right men&rsquo;s wallet for you:</em></strong></p>\n\n<h4><strong>Number 1: Choose A Neat Wallet</strong></h4>\n\n<p>The wallet is an essential accessory that you should go simple. Simplicity is the best in this case. A simple and neat wallet with the plain color and even&nbsp;<strong>minimalist style</strong>&nbsp;is versatile. It can be used for both formal and casual events. In addition, that wallet will go well with most of the clothes in your wardrobe.</p>\n\n<p>Keep in mind that a wallet will tell other people about your personality and your fashion sense as much as other clothes you put on. Hence, don&rsquo;t go cheesy on your wallet or else people will think that you have a funny and particular style.</p>\n\n<p style=\"text-align:center\"><img alt=\"f5\" src=\"/storage/news/2.png\" /></p>\n\n<p><br />\n&nbsp;</p>\n<hr />\n<h4><strong>Number 2: Choose The Right Size For Your Wallet</strong></h4>\n\n<p>You should avoid having an over-sized wallet. Don&rsquo;t think that you need to buy a big wallet because you have a lot to carry with you. In addition, a fat wallet is very ugly. It will make it harder for you to slide the wallet into your trousers&rsquo; pocket. In addition, it will create a bulge and ruin your look.</p>\n\n<p>Before you go on to buy a new wallet, clean out your wallet and place all of the items from your wallet on a table. Throw away things that you would never need any more such as the old bills or the expired gift cards. Remember to check your wallet on a frequent basis to get rid of all of the old stuff that you don&rsquo;t need anymore.</p>\n\n<p style=\"text-align:center\"><img alt=\"f1\" src=\"/storage/news/3.png\" /></p>\n\n<p><br />\n&nbsp;</p>\n\n<hr />\n<h4><strong>Number 3: Don&rsquo;t Limit Your Options Of Materials</strong></h4>\n\n<p>The types and designs of wallets are not the only things that you should consider when you go out searching for your best wallet. You have more than 1 option of material rather than leather to choose from as well.</p>\n\n<p>You can experiment with other available options such as cotton, polyester and canvas. They all have their own pros and cons. As a result, they will be suitable for different needs and requirements. You should think about them all in order to choose the material which you would like the most.</p>\n\n<p style=\"text-align:center\"><img alt=\"f6\" height=\"375\" src=\"/storage/news/4.png\" /></p>\n\n<p><br />\n&nbsp;</p>\n\n<hr />\n<h4><strong>Number 4: Consider A Wallet As A Long Term Investment</strong></h4>\n\n<p>Your wallet is indeed an investment that you should consider spending a decent amount of time and effort on it. Another factor that you need to consider is how much you want to spend on your wallet. The price ranges of wallets on the market vary a great deal. You can find a wallet which is as cheap as about 5 to 7 dollars. On the other hand, you should expect to pay around 250 to 300 dollars for a high-quality wallet.</p>\n\n<p>In case you need a wallet to use for a long time, it is a good idea that you should invest a decent amount of money on a wallet. A high quality wallet from a reputational brand with the premium quality such as cowhide leather will last for a long time. In addition, it is an accessory to show off your fashion sense and your social status.</p>\n\n<p style=\"text-align:center\"><img alt=\"f2\" height=\"400\" src=\"/storage/news/5.png\" /></p>\n\n<p>&nbsp;</p>\n'),('vi',11,'Các đương sự trên màn hình không phải là diễn viên','You should pay more attention when you choose your wallets. There are a lot of them on the market with the different designs and styles. When you choose carefully, you would be able to buy a wallet that is catered to your needs. Not to mention that it will help to enhance your style significantly.','<p>I have seen many people underestimating the power of their wallets. To them, they are just a functional item they use to carry. As a result, they often end up with the wallets which are not really suitable for them.</p>\n\n<p>You should pay more attention when you choose your wallets. There are a lot of them on the market with the different designs and styles. When you choose carefully, you would be able to buy a wallet that is catered to your needs. Not to mention that it will help to enhance your style significantly.</p>\n\n<p style=\"text-align:center\"><img alt=\"f4\" src=\"/storage/news/1.png\" /></p>\n\n<p><br />\n&nbsp;</p>\n\n\n\n<p><strong><em>For all of the reason above, here are 7 expert tips to help you pick up the right men&rsquo;s wallet for you:</em></strong></p>\n\n<h4><strong>Number 1: Choose A Neat Wallet</strong></h4>\n\n<p>The wallet is an essential accessory that you should go simple. Simplicity is the best in this case. A simple and neat wallet with the plain color and even&nbsp;<strong>minimalist style</strong>&nbsp;is versatile. It can be used for both formal and casual events. In addition, that wallet will go well with most of the clothes in your wardrobe.</p>\n\n<p>Keep in mind that a wallet will tell other people about your personality and your fashion sense as much as other clothes you put on. Hence, don&rsquo;t go cheesy on your wallet or else people will think that you have a funny and particular style.</p>\n\n<p style=\"text-align:center\"><img alt=\"f5\" src=\"/storage/news/2.png\" /></p>\n\n<p><br />\n&nbsp;</p>\n<hr />\n<h4><strong>Number 2: Choose The Right Size For Your Wallet</strong></h4>\n\n<p>You should avoid having an over-sized wallet. Don&rsquo;t think that you need to buy a big wallet because you have a lot to carry with you. In addition, a fat wallet is very ugly. It will make it harder for you to slide the wallet into your trousers&rsquo; pocket. In addition, it will create a bulge and ruin your look.</p>\n\n<p>Before you go on to buy a new wallet, clean out your wallet and place all of the items from your wallet on a table. Throw away things that you would never need any more such as the old bills or the expired gift cards. Remember to check your wallet on a frequent basis to get rid of all of the old stuff that you don&rsquo;t need anymore.</p>\n\n<p style=\"text-align:center\"><img alt=\"f1\" src=\"/storage/news/3.png\" /></p>\n\n<p><br />\n&nbsp;</p>\n\n<hr />\n<h4><strong>Number 3: Don&rsquo;t Limit Your Options Of Materials</strong></h4>\n\n<p>The types and designs of wallets are not the only things that you should consider when you go out searching for your best wallet. You have more than 1 option of material rather than leather to choose from as well.</p>\n\n<p>You can experiment with other available options such as cotton, polyester and canvas. They all have their own pros and cons. As a result, they will be suitable for different needs and requirements. You should think about them all in order to choose the material which you would like the most.</p>\n\n<p style=\"text-align:center\"><img alt=\"f6\" height=\"375\" src=\"/storage/news/4.png\" /></p>\n\n<p><br />\n&nbsp;</p>\n\n<hr />\n<h4><strong>Number 4: Consider A Wallet As A Long Term Investment</strong></h4>\n\n<p>Your wallet is indeed an investment that you should consider spending a decent amount of time and effort on it. Another factor that you need to consider is how much you want to spend on your wallet. The price ranges of wallets on the market vary a great deal. You can find a wallet which is as cheap as about 5 to 7 dollars. On the other hand, you should expect to pay around 250 to 300 dollars for a high-quality wallet.</p>\n\n<p>In case you need a wallet to use for a long time, it is a good idea that you should invest a decent amount of money on a wallet. A high quality wallet from a reputational brand with the premium quality such as cowhide leather will last for a long time. In addition, it is an accessory to show off your fashion sense and your social status.</p>\n\n<p style=\"text-align:center\"><img alt=\"f2\" height=\"400\" src=\"/storage/news/5.png\" /></p>\n\n<p>&nbsp;</p>\n');
/*!40000 ALTER TABLE `posts_translations` ENABLE KEYS */;
UNLOCK TABLES;

--
-- Table structure for table `revisions`
--

DROP TABLE IF EXISTS `revisions`;
/*!40101 SET @saved_cs_client     = @@character_set_client */;
/*!50503 SET character_set_client = utf8mb4 */;
CREATE TABLE `revisions` (
  `id` bigint unsigned NOT NULL AUTO_INCREMENT,
  `revisionable_type` varchar(191) COLLATE utf8mb4_unicode_ci NOT NULL,
  `revisionable_id` int NOT NULL,
  `user_id` int DEFAULT NULL,
  `key` varchar(191) COLLATE utf8mb4_unicode_ci NOT NULL,
  `old_value` text COLLATE utf8mb4_unicode_ci,
  `new_value` text COLLATE utf8mb4_unicode_ci,
  `created_at` timestamp NULL DEFAULT NULL,
  `updated_at` timestamp NULL DEFAULT NULL,
  PRIMARY KEY (`id`),
  KEY `revisions_revisionable_id_revisionable_type_index` (`revisionable_id`,`revisionable_type`)
) ENGINE=InnoDB DEFAULT CHARSET=utf8mb4 COLLATE=utf8mb4_unicode_ci;
/*!40101 SET character_set_client = @saved_cs_client */;

--
-- Dumping data for table `revisions`
--

LOCK TABLES `revisions` WRITE;
/*!40000 ALTER TABLE `revisions` DISABLE KEYS */;
/*!40000 ALTER TABLE `revisions` ENABLE KEYS */;
UNLOCK TABLES;

--
-- Table structure for table `role_users`
--

DROP TABLE IF EXISTS `role_users`;
/*!40101 SET @saved_cs_client     = @@character_set_client */;
/*!50503 SET character_set_client = utf8mb4 */;
CREATE TABLE `role_users` (
  `id` bigint unsigned NOT NULL AUTO_INCREMENT,
  `user_id` int unsigned NOT NULL,
  `role_id` int unsigned NOT NULL,
  `created_at` timestamp NULL DEFAULT NULL,
  `updated_at` timestamp NULL DEFAULT NULL,
  PRIMARY KEY (`id`),
  KEY `role_users_user_id_index` (`user_id`),
  KEY `role_users_role_id_index` (`role_id`)
) ENGINE=InnoDB DEFAULT CHARSET=utf8mb4 COLLATE=utf8mb4_unicode_ci;
/*!40101 SET character_set_client = @saved_cs_client */;

--
-- Dumping data for table `role_users`
--

LOCK TABLES `role_users` WRITE;
/*!40000 ALTER TABLE `role_users` DISABLE KEYS */;
/*!40000 ALTER TABLE `role_users` ENABLE KEYS */;
UNLOCK TABLES;

--
-- Table structure for table `roles`
--

DROP TABLE IF EXISTS `roles`;
/*!40101 SET @saved_cs_client     = @@character_set_client */;
/*!50503 SET character_set_client = utf8mb4 */;
CREATE TABLE `roles` (
  `id` bigint unsigned NOT NULL AUTO_INCREMENT,
  `slug` varchar(120) COLLATE utf8mb4_unicode_ci NOT NULL,
  `name` varchar(120) COLLATE utf8mb4_unicode_ci NOT NULL,
  `permissions` text COLLATE utf8mb4_unicode_ci,
  `description` varchar(255) COLLATE utf8mb4_unicode_ci DEFAULT NULL,
  `is_default` tinyint unsigned NOT NULL DEFAULT '0',
  `created_by` int unsigned NOT NULL,
  `updated_by` int unsigned NOT NULL,
  `created_at` timestamp NULL DEFAULT NULL,
  `updated_at` timestamp NULL DEFAULT NULL,
  PRIMARY KEY (`id`),
  UNIQUE KEY `roles_slug_unique` (`slug`),
  KEY `roles_created_by_index` (`created_by`),
  KEY `roles_updated_by_index` (`updated_by`)
) ENGINE=InnoDB DEFAULT CHARSET=utf8mb4 COLLATE=utf8mb4_unicode_ci;
/*!40101 SET character_set_client = @saved_cs_client */;

--
-- Dumping data for table `roles`
--

LOCK TABLES `roles` WRITE;
/*!40000 ALTER TABLE `roles` DISABLE KEYS */;
/*!40000 ALTER TABLE `roles` ENABLE KEYS */;
UNLOCK TABLES;

--
-- Table structure for table `settings`
--

DROP TABLE IF EXISTS `settings`;
/*!40101 SET @saved_cs_client     = @@character_set_client */;
/*!50503 SET character_set_client = utf8mb4 */;
CREATE TABLE `settings` (
  `id` bigint unsigned NOT NULL AUTO_INCREMENT,
  `key` varchar(191) COLLATE utf8mb4_unicode_ci NOT NULL,
  `value` text COLLATE utf8mb4_unicode_ci,
  `created_at` timestamp NULL DEFAULT NULL,
  `updated_at` timestamp NULL DEFAULT NULL,
  PRIMARY KEY (`id`),
  UNIQUE KEY `settings_key_unique` (`key`)
) ENGINE=InnoDB AUTO_INCREMENT=68 DEFAULT CHARSET=utf8mb4 COLLATE=utf8mb4_unicode_ci;
/*!40101 SET character_set_client = @saved_cs_client */;

--
-- Dumping data for table `settings`
--

LOCK TABLES `settings` WRITE;
/*!40000 ALTER TABLE `settings` DISABLE KEYS */;
INSERT INTO `settings` VALUES (1,'activated_plugins','[\"language\",\"language-advanced\",\"ads\",\"analytics\",\"audit-log\",\"backup\",\"blog\",\"captcha\",\"contact\",\"cookie-consent\",\"ecommerce\",\"faq\",\"location\",\"marketplace\",\"newsletter\",\"payment\",\"paypal\",\"paystack\",\"razorpay\",\"simple-slider\",\"social-login\",\"sslcommerz\",\"stripe\",\"translation\",\"mollie\"]',NULL,NULL),(4,'language_hide_default','1',NULL,NULL),(5,'language_switcher_display','dropdown',NULL,NULL),(6,'language_display','all',NULL,NULL),(7,'language_hide_languages','[]',NULL,NULL),(8,'ecommerce_store_name','Nest',NULL,NULL),(9,'ecommerce_store_phone','18006268',NULL,NULL),(10,'ecommerce_store_address','North Link Building, 10 Admiralty Street',NULL,NULL),(11,'ecommerce_store_state','Singapore',NULL,NULL),(12,'ecommerce_store_city','Singapore',NULL,NULL),(13,'ecommerce_store_country','SG',NULL,NULL),(14,'media_random_hash','dc66ec0cb83829fddd17a8b571312fff',NULL,NULL),(15,'permalink-botble-blog-models-post','blog',NULL,NULL),(16,'permalink-botble-blog-models-category','blog',NULL,NULL),(17,'payment_cod_status','1',NULL,NULL),(18,'payment_cod_description','Please pay money directly to the postman, if you choose cash on delivery method (COD).',NULL,NULL),(19,'payment_bank_transfer_status','1',NULL,NULL),(20,'payment_bank_transfer_description','Please send money to our bank account: ACB - 69270 213 19.',NULL,NULL),(21,'plugins_ecommerce_customer_new_order_status','0',NULL,NULL),(22,'plugins_ecommerce_admin_new_order_status','0',NULL,NULL),(23,'ecommerce_load_countries_states_cities_from_location_plugin','0',NULL,NULL),(24,'payment_stripe_payment_type','stripe_checkout',NULL,NULL),(25,'simple_slider_using_assets','0',NULL,NULL),(26,'sale_popup_display_pages','[\"public.index\"]',NULL,NULL),(27,'ecommerce_is_enabled_support_digital_products','1',NULL,NULL),(28,'theme','nest',NULL,NULL),(29,'admin_favicon','general/favicon.png',NULL,NULL),(30,'admin_logo','general/logo.png',NULL,NULL),(31,'theme-nest-site_title','Nest - Laravel Multipurpose eCommerce Script',NULL,NULL),(32,'theme-nest-copyright','Copyright © 2021 Nest all rights reserved. Powered by Botble.',NULL,NULL),(33,'theme-nest-favicon','general/favicon.png',NULL,NULL),(34,'theme-nest-logo','general/logo.png',NULL,NULL),(35,'theme-nest-seo_og_image','general/open-graph-image.png',NULL,NULL),(36,'theme-nest-address','562 Wellington Road, Street 32, San Francisco',NULL,NULL),(37,'theme-nest-hotline','1900 - 888',NULL,NULL),(38,'theme-nest-phone','+01 2222 365 /(+91) 01 2345 6789',NULL,NULL),(39,'theme-nest-working_hours','10:00 - 18:00, Mon - Sat',NULL,NULL),(40,'theme-nest-homepage_id','1',NULL,NULL),(41,'theme-nest-blog_page_id','5',NULL,NULL),(42,'theme-nest-cookie_consent_message','Your experience on this site will be improved by allowing cookies ',NULL,NULL),(43,'theme-nest-cookie_consent_learn_more_url','http://nest.test/cookie-policy',NULL,NULL),(44,'theme-nest-cookie_consent_learn_more_text','Cookie Policy',NULL,NULL),(45,'theme-nest-payment_methods','general/payment-methods.png',NULL,NULL),(46,'theme-nest-number_of_cross_sale_product','4',NULL,NULL),(47,'theme-nest-mobile-header-message','<span>Grand opening, <strong>up to 15%</strong> off all items. Only <strong>3 days</strong> left</span>',NULL,NULL),(48,'theme-nest-blog_page_background','general/header-bg.png',NULL,NULL),(49,'theme-nest-blog_page_icon','general/category-1.png',NULL,NULL),(50,'theme-nest-image_in_login_page','general/login-1.png',NULL,NULL),(51,'theme-nest-number_of_products_per_page','12',NULL,NULL),(52,'theme-nest-preloader_enabled','yes',NULL,NULL),(53,'theme-nest-preloader_version','v2',NULL,NULL),(54,'theme-nest-preloader_image','general/loading.gif',NULL,NULL),(55,'theme-nest-social_links','[[{\"key\":\"social-name\",\"value\":\"Facebook\"},{\"key\":\"social-icon\",\"value\":\"general\\/facebook.png\"},{\"key\":\"social-url\",\"value\":\"https:\\/\\/www.facebook.com\\/\"}],[{\"key\":\"social-name\",\"value\":\"Twitter\"},{\"key\":\"social-icon\",\"value\":\"general\\/twitter.png\"},{\"key\":\"social-url\",\"value\":\"https:\\/\\/www.twitter.com\\/\"}],[{\"key\":\"social-name\",\"value\":\"Instagram\"},{\"key\":\"social-icon\",\"value\":\"general\\/instagram.png\"},{\"key\":\"social-url\",\"value\":\"https:\\/\\/www.instagram.com\\/\"}],[{\"key\":\"social-name\",\"value\":\"Pinterest\"},{\"key\":\"social-icon\",\"value\":\"general\\/pinterest.png\"},{\"key\":\"social-url\",\"value\":\"https:\\/\\/www.pinterest.com\\/\"}],[{\"key\":\"social-name\",\"value\":\"Youtube\"},{\"key\":\"social-icon\",\"value\":\"general\\/youtube.png\"},{\"key\":\"social-url\",\"value\":\"https:\\/\\/www.youtube.com\\/\"}]]',NULL,NULL),(56,'theme-nest-header_messages','[[{\"key\":\"icon\",\"value\":\"fi-rs-bell\"},{\"key\":\"message\",\"value\":\"<b class=\\\"text-success\\\"> Trendy 25<\\/b> silver jewelry, save up 35% off today\"},{\"key\":\"link\",\"value\":\"\\/products\"},{\"key\":\"link_text\",\"value\":\"Shop now\"}],[{\"key\":\"icon\",\"value\":\"fi-rs-asterisk\"},{\"key\":\"message\",\"value\":\"<b class=\\\"text-danger\\\">Super Value Deals<\\/b> - Save more with coupons\"},{\"key\":\"link\",\"value\":\"\\/products\"},{\"key\":\"link_text\",\"value\":null}],[{\"key\":\"icon\",\"value\":\"fi-rs-angle-double-right\"},{\"key\":\"message\",\"value\":\"Get great devices up to 50% off\"},{\"key\":\"link\",\"value\":\"\\/products\"},{\"key\":\"link_text\",\"value\":\"View details\"}]]',NULL,NULL),(57,'theme-nest-contact_info_boxes','[[{\"key\":\"name\",\"value\":\"Head Office\"},{\"key\":\"address\",\"value\":\"205 North Michigan Avenue, Suite 810, Chicago, 60601, USA\"},{\"key\":\"phone\",\"value\":\"(+01) 234 567\"},{\"key\":\"email\",\"value\":\"office@botble.com\"}],[{\"key\":\"name\",\"value\":\"Our Studio\"},{\"key\":\"address\",\"value\":\"205 North Michigan Avenue, Suite 810, Chicago, 60601, USA\"},{\"key\":\"phone\",\"value\":\"(+01) 234 567\"},{\"key\":\"email\",\"value\":\"studio@botble.com\"}],[{\"key\":\"name\",\"value\":\"Our Shop\"},{\"key\":\"address\",\"value\":\"205 North Michigan Avenue, Suite 810, Chicago, 60601, USA\"},{\"key\":\"phone\",\"value\":\"(+01) 234 567\"},{\"key\":\"email\",\"value\":\"shop@botble.com\"}]]',NULL,NULL),(58,'theme-nest-vi-font_text','Roboto Condensed',NULL,NULL),(59,'theme-nest-vi-copyright','Bản quyền © 2021 Nest tất cả quyền đã được bảo hộ. Phát triển bởi Botble.',NULL,NULL),(60,'theme-nest-vi-working_hours','10:00 - 18:00, Thứ Hai - Thứ Bảy',NULL,NULL),(61,'theme-nest-vi-cookie_consent_message','Trải nghiệm của bạn trên trang web này sẽ được cải thiện bằng cách cho phép cookie ',NULL,NULL),(62,'theme-nest-vi-cookie_consent_learn_more_url','http://nest.test/cookie-policy',NULL,NULL),(63,'theme-nest-vi-cookie_consent_learn_more_text','Chính sách cookie',NULL,NULL),(64,'theme-nest-vi-homepage_id','1',NULL,NULL),(65,'theme-nest-vi-blog_page_id','5',NULL,NULL),(66,'theme-nest-vi-header_messages','[[{\"key\":\"icon\",\"value\":\"fi-rs-bell\"},{\"key\":\"message\",\"value\":\"<b class=\\\"text-success\\\">Trang s\\u1ee9c b\\u1ea1c 25 <\\/b> th\\u1eddi th\\u01b0\\u1ee3ng, ti\\u1ebft ki\\u1ec7m \\u0111\\u1ebfn 35%\"},{\"key\":\"link\",\"value\":\"\\/products\"},{\"key\":\"link_text\",\"value\":\"Mua ngay\"}],[{\"key\":\"icon\",\"value\":\"fi-rs-asterisk\"},{\"key\":\"message\",\"value\":\"<b class=\\\"text-danger\\\">\\u01afu \\u0111\\u00e3i si\\u00eau gi\\u00e1 tr\\u1ecb <\\/b> - Ti\\u1ebft ki\\u1ec7m h\\u01a1n v\\u1edbi phi\\u1ebfu th\\u01b0\\u1edfng\"},{\"key\":\"link\",\"value\":null},{\"key\":\"link_text\",\"value\":null}],[{\"key\":\"icon\",\"value\":\"fi-rs-angle-double-right\"},{\"key\":\"message\",\"value\":\"Nh\\u1eadn c\\u00e1c s\\u1ea3n ph\\u1ea9m tuy\\u1ec7t v\\u1eddi gi\\u1ea3m gi\\u00e1 t\\u1edbi 50%\"},{\"key\":\"link\",\"value\":\"\\/products\"},{\"key\":\"link_text\",\"value\":\"Xem chi ti\\u1ebft\"}]]',NULL,NULL),(67,'theme-nest-vi-contact_info_boxes','[[{\"key\":\"name\",\"value\":\"Tr\\u1ee5 s\\u1edf ch\\u00ednh\"},{\"key\":\"address\",\"value\":\"205 North Michigan Avenue, Suite 810, Chicago, 60601, USA\"},{\"key\":\"phone\",\"value\":\"(+01) 234 567\"},{\"key\":\"email\",\"value\":\"office@botble.com\"}],[{\"key\":\"name\",\"value\":\"Gian h\\u00e0ng tr\\u01b0ng b\\u00e0y\"},{\"key\":\"address\",\"value\":\"205 North Michigan Avenue, Suite 810, Chicago, 60601, USA\"},{\"key\":\"phone\",\"value\":\"(+01) 234 567\"},{\"key\":\"email\",\"value\":\"studio@botble.com\"}],[{\"key\":\"name\",\"value\":\"C\\u1eeda h\\u00e0ng\"},{\"key\":\"address\",\"value\":\"205 North Michigan Avenue, Suite 810, Chicago, 60601, USA\"},{\"key\":\"phone\",\"value\":\"(+01) 234 567\"},{\"key\":\"email\",\"value\":\"shop@botble.com\"}]]',NULL,NULL);
/*!40000 ALTER TABLE `settings` ENABLE KEYS */;
UNLOCK TABLES;

--
-- Table structure for table `simple_slider_items`
--

DROP TABLE IF EXISTS `simple_slider_items`;
/*!40101 SET @saved_cs_client     = @@character_set_client */;
/*!50503 SET character_set_client = utf8mb4 */;
CREATE TABLE `simple_slider_items` (
  `id` bigint unsigned NOT NULL AUTO_INCREMENT,
  `simple_slider_id` int unsigned NOT NULL,
  `title` varchar(255) COLLATE utf8mb4_unicode_ci DEFAULT NULL,
  `image` varchar(255) COLLATE utf8mb4_unicode_ci NOT NULL,
  `link` varchar(255) COLLATE utf8mb4_unicode_ci DEFAULT NULL,
  `description` text COLLATE utf8mb4_unicode_ci,
  `order` int unsigned NOT NULL DEFAULT '0',
  `created_at` timestamp NULL DEFAULT NULL,
  `updated_at` timestamp NULL DEFAULT NULL,
  PRIMARY KEY (`id`)
) ENGINE=InnoDB AUTO_INCREMENT=35 DEFAULT CHARSET=utf8mb4 COLLATE=utf8mb4_unicode_ci;
/*!40101 SET character_set_client = @saved_cs_client */;

--
-- Dumping data for table `simple_slider_items`
--

LOCK TABLES `simple_slider_items` WRITE;
/*!40000 ALTER TABLE `simple_slider_items` DISABLE KEYS */;
INSERT INTO `simple_slider_items` VALUES (1,1,'Don’t miss amazing<br /> grocery deals','sliders/1-1.png','/products','Sign up for the daily newsletter',1,'2022-09-22 01:26:37','2022-09-22 01:26:37'),(2,1,'Fresh Vegetables<br />\n										Big discount','sliders/1-2.png','/products','Save up to 50% off on your first order',2,'2022-09-22 01:26:37','2022-09-22 01:26:37'),(3,2,'Don’t miss amazing<br /> grocery deals','sliders/2-1.png','/products','Sign up for the daily newsletter',1,'2022-09-22 01:26:37','2022-09-22 01:26:37'),(4,2,'Fresh Vegetables<br />\n										Big discount','sliders/2-2.png','/products','Save up to 50% off on your first order',2,'2022-09-22 01:26:37','2022-09-22 01:26:37'),(5,3,'Don’t miss amazing<br /> grocery deals','sliders/3-1.png','/products','Sign up for the daily newsletter',1,'2022-09-22 01:26:37','2022-09-22 01:26:37'),(6,3,'Fresh Vegetables<br />\n										Big discount','sliders/3-2.png','/products','Save up to 50% off on your first order',2,'2022-09-22 01:26:37','2022-09-22 01:26:37'),(7,4,'Don’t miss amazing<br /> grocery deals','sliders/4-1.png','/products','Sign up for the daily newsletter',1,'2022-09-22 01:26:37','2022-09-22 01:26:37'),(8,4,'Fresh Vegetables<br />\n										Big discount','sliders/4-2.png','/products','Save up to 50% off on your first order',2,'2022-09-22 01:26:37','2022-09-22 01:26:37'),(9,5,'Don’t miss amazing<br /> grocery deals','sliders/5-1.png','/products','Sign up for the daily newsletter',1,'2022-09-22 01:26:37','2022-09-22 01:26:37'),(10,5,'Fresh Vegetables<br />\n										Big discount','sliders/5-2.png','/products','Save up to 50% off on your first order',2,'2022-09-22 01:26:37','2022-09-22 01:26:37'),(11,6,'Don’t miss amazing<br /> grocery deals','sliders/6-1.png','/products','Sign up for the daily newsletter',1,'2022-09-22 01:26:37','2022-09-22 01:26:37'),(12,7,NULL,'sliders/thumbnail-1.jpg',NULL,NULL,1,'2022-09-22 01:26:37','2022-09-22 01:26:37'),(13,7,NULL,'sliders/thumbnail-2.jpg',NULL,NULL,2,'2022-09-22 01:26:37','2022-09-22 01:26:37'),(14,7,NULL,'sliders/thumbnail-3.jpg',NULL,NULL,3,'2022-09-22 01:26:37','2022-09-22 01:26:37'),(15,7,NULL,'sliders/thumbnail-4.jpg',NULL,NULL,4,'2022-09-22 01:26:37','2022-09-22 01:26:37'),(16,7,NULL,'sliders/thumbnail-5.jpg',NULL,NULL,5,'2022-09-22 01:26:37','2022-09-22 01:26:37'),(17,7,NULL,'sliders/thumbnail-6.jpg',NULL,NULL,6,'2022-09-22 01:26:37','2022-09-22 01:26:37'),(18,8,'Đừng bỏ lỡ <br /> tuyệt vời giao dịch hàng tạp hóa','sliders/1-1.png','/products','Tiết kiệm hơn với mã giảm giá 70%',1,'2022-09-22 01:26:37','2022-09-22 01:26:37'),(19,8,'Rau tươi <br />Giảm giá lớn','sliders/1-2.png','/products','Tiết kiệm đến 50% cho đơn đặt hàng đầu tiên của bạn',2,'2022-09-22 01:26:37','2022-09-22 01:26:37'),(20,9,'Đừng bỏ lỡ <br /> tuyệt vời giao dịch hàng tạp hóa','sliders/2-1.png','/products','Tiết kiệm hơn với mã giảm giá 70%',1,'2022-09-22 01:26:37','2022-09-22 01:26:37'),(21,9,'Rau tươi <br />Giảm giá lớn','sliders/2-2.png','/products','Tiết kiệm đến 50% cho đơn đặt hàng đầu tiên của bạn',2,'2022-09-22 01:26:37','2022-09-22 01:26:37'),(22,10,'Đừng bỏ lỡ <br /> tuyệt vời giao dịch hàng tạp hóa','sliders/3-1.png','/products','Tiết kiệm hơn với mã giảm giá 70%',1,'2022-09-22 01:26:37','2022-09-22 01:26:37'),(23,10,'Rau tươi <br />Giảm giá lớn','sliders/3-2.png','/products','Tiết kiệm đến 50% cho đơn đặt hàng đầu tiên của bạn',2,'2022-09-22 01:26:37','2022-09-22 01:26:37'),(24,11,'Đừng bỏ lỡ <br /> tuyệt vời giao dịch hàng tạp hóa','sliders/4-1.png','/products','Tiết kiệm hơn với mã giảm giá 70%',1,'2022-09-22 01:26:37','2022-09-22 01:26:37'),(25,11,'Rau tươi <br />Giảm giá lớn','sliders/4-2.png','/products','Tiết kiệm đến 50% cho đơn đặt hàng đầu tiên của bạn',2,'2022-09-22 01:26:37','2022-09-22 01:26:37'),(26,12,'Đừng bỏ lỡ <br /> tuyệt vời giao dịch hàng tạp hóa','sliders/5-1.png','/products','Tiết kiệm hơn với mã giảm giá 70%',1,'2022-09-22 01:26:37','2022-09-22 01:26:37'),(27,12,'Rau tươi <br />Giảm giá lớn','sliders/5-2.png','/products','Tiết kiệm đến 50% cho đơn đặt hàng đầu tiên của bạn',2,'2022-09-22 01:26:37','2022-09-22 01:26:37'),(28,13,'Đừng bỏ lỡ <br /> tuyệt vời giao dịch hàng tạp hóa','sliders/6-1.png','/products','Tiết kiệm hơn với mã giảm giá 70%',1,'2022-09-22 01:26:37','2022-09-22 01:26:37'),(29,14,NULL,'sliders/thumbnail-1.jpg',NULL,NULL,1,'2022-09-22 01:26:37','2022-09-22 01:26:37'),(30,14,NULL,'sliders/thumbnail-2.jpg',NULL,NULL,2,'2022-09-22 01:26:37','2022-09-22 01:26:37'),(31,14,NULL,'sliders/thumbnail-3.jpg',NULL,NULL,3,'2022-09-22 01:26:37','2022-09-22 01:26:37'),(32,14,NULL,'sliders/thumbnail-4.jpg',NULL,NULL,4,'2022-09-22 01:26:37','2022-09-22 01:26:37'),(33,14,NULL,'sliders/thumbnail-5.jpg',NULL,NULL,5,'2022-09-22 01:26:37','2022-09-22 01:26:37'),(34,14,NULL,'sliders/thumbnail-6.jpg',NULL,NULL,6,'2022-09-22 01:26:37','2022-09-22 01:26:37');
/*!40000 ALTER TABLE `simple_slider_items` ENABLE KEYS */;
UNLOCK TABLES;

--
-- Table structure for table `simple_sliders`
--

DROP TABLE IF EXISTS `simple_sliders`;
/*!40101 SET @saved_cs_client     = @@character_set_client */;
/*!50503 SET character_set_client = utf8mb4 */;
CREATE TABLE `simple_sliders` (
  `id` bigint unsigned NOT NULL AUTO_INCREMENT,
  `name` varchar(120) COLLATE utf8mb4_unicode_ci NOT NULL,
  `key` varchar(120) COLLATE utf8mb4_unicode_ci NOT NULL,
  `description` varchar(255) COLLATE utf8mb4_unicode_ci DEFAULT NULL,
  `status` varchar(60) COLLATE utf8mb4_unicode_ci NOT NULL DEFAULT 'published',
  `created_at` timestamp NULL DEFAULT NULL,
  `updated_at` timestamp NULL DEFAULT NULL,
  PRIMARY KEY (`id`)
) ENGINE=InnoDB AUTO_INCREMENT=15 DEFAULT CHARSET=utf8mb4 COLLATE=utf8mb4_unicode_ci;
/*!40101 SET character_set_client = @saved_cs_client */;

--
-- Dumping data for table `simple_sliders`
--

LOCK TABLES `simple_sliders` WRITE;
/*!40000 ALTER TABLE `simple_sliders` DISABLE KEYS */;
INSERT INTO `simple_sliders` VALUES (1,'Home slider 1','home-slider-1',NULL,'published','2022-09-22 01:26:37','2022-09-22 01:26:37'),(2,'Home slider 2','home-slider-2',NULL,'published','2022-09-22 01:26:37','2022-09-22 01:26:37'),(3,'Home slider 3','home-slider-3',NULL,'published','2022-09-22 01:26:37','2022-09-22 01:26:37'),(4,'Home slider 4','home-slider-4',NULL,'published','2022-09-22 01:26:37','2022-09-22 01:26:37'),(5,'Home slider 5','home-slider-5',NULL,'published','2022-09-22 01:26:37','2022-09-22 01:26:37'),(6,'Home slider 6','home-slider-6',NULL,'published','2022-09-22 01:26:37','2022-09-22 01:26:37'),(7,'Blog slider 1','blog-slider-1',NULL,'published','2022-09-22 01:26:37','2022-09-22 01:26:37'),(8,'Slider trang chủ 1','slider-trang-chu-1',NULL,'published','2022-09-22 01:26:37','2022-09-22 01:26:37'),(9,'Slider trang chủ 2','slider-trang-chu-2',NULL,'published','2022-09-22 01:26:37','2022-09-22 01:26:37'),(10,'Slider trang chủ 3','slider-trang-chu-3',NULL,'published','2022-09-22 01:26:37','2022-09-22 01:26:37'),(11,'Slider trang chủ 4','slider-trang-chu-4',NULL,'published','2022-09-22 01:26:37','2022-09-22 01:26:37'),(12,'Slider trang chủ 5','slider-trang-chu-5',NULL,'published','2022-09-22 01:26:37','2022-09-22 01:26:37'),(13,'Slider trang chủ 6','slider-trang-chu-6',NULL,'published','2022-09-22 01:26:37','2022-09-22 01:26:37'),(14,'Slider blog 1','slider-blog-1',NULL,'published','2022-09-22 01:26:37','2022-09-22 01:26:37');
/*!40000 ALTER TABLE `simple_sliders` ENABLE KEYS */;
UNLOCK TABLES;

--
-- Table structure for table `slugs`
--

DROP TABLE IF EXISTS `slugs`;
/*!40101 SET @saved_cs_client     = @@character_set_client */;
/*!50503 SET character_set_client = utf8mb4 */;
CREATE TABLE `slugs` (
  `id` bigint unsigned NOT NULL AUTO_INCREMENT,
  `key` varchar(255) COLLATE utf8mb4_unicode_ci NOT NULL,
  `reference_id` int unsigned NOT NULL,
  `reference_type` varchar(255) COLLATE utf8mb4_unicode_ci NOT NULL,
  `prefix` varchar(120) COLLATE utf8mb4_unicode_ci DEFAULT '',
  `created_at` timestamp NULL DEFAULT NULL,
  `updated_at` timestamp NULL DEFAULT NULL,
  PRIMARY KEY (`id`)
) ENGINE=InnoDB AUTO_INCREMENT=95 DEFAULT CHARSET=utf8mb4 COLLATE=utf8mb4_unicode_ci;
/*!40101 SET character_set_client = @saved_cs_client */;

--
-- Dumping data for table `slugs`
--

LOCK TABLES `slugs` WRITE;
/*!40000 ALTER TABLE `slugs` DISABLE KEYS */;
INSERT INTO `slugs` VALUES (1,'perxsion',1,'Botble\\Ecommerce\\Models\\Brand','brands','2022-09-22 01:25:29','2022-09-22 01:25:29'),(2,'hiching',2,'Botble\\Ecommerce\\Models\\Brand','brands','2022-09-22 01:25:29','2022-09-22 01:25:29'),(3,'kepslo',3,'Botble\\Ecommerce\\Models\\Brand','brands','2022-09-22 01:25:29','2022-09-22 01:25:29'),(4,'groneba',4,'Botble\\Ecommerce\\Models\\Brand','brands','2022-09-22 01:25:29','2022-09-22 01:25:29'),(5,'babian',5,'Botble\\Ecommerce\\Models\\Brand','brands','2022-09-22 01:25:29','2022-09-22 01:25:29'),(6,'valorant',6,'Botble\\Ecommerce\\Models\\Brand','brands','2022-09-22 01:25:29','2022-09-22 01:25:29'),(7,'pure',7,'Botble\\Ecommerce\\Models\\Brand','brands','2022-09-22 01:25:29','2022-09-22 01:25:29'),(8,'milks-and-dairies',1,'Botble\\Ecommerce\\Models\\ProductCategory','product-categories','2022-09-22 01:25:36','2022-09-22 01:25:36'),(9,'clothing-beauty',2,'Botble\\Ecommerce\\Models\\ProductCategory','product-categories','2022-09-22 01:25:36','2022-09-22 01:25:36'),(10,'pet-toy',3,'Botble\\Ecommerce\\Models\\ProductCategory','product-categories','2022-09-22 01:25:36','2022-09-22 01:25:36'),(11,'baking-material',4,'Botble\\Ecommerce\\Models\\ProductCategory','product-categories','2022-09-22 01:25:36','2022-09-22 01:25:36'),(12,'fresh-fruit',5,'Botble\\Ecommerce\\Models\\ProductCategory','product-categories','2022-09-22 01:25:36','2022-09-22 01:25:36'),(13,'wines-drinks',6,'Botble\\Ecommerce\\Models\\ProductCategory','product-categories','2022-09-22 01:25:36','2022-09-22 01:25:36'),(14,'fresh-seafood',7,'Botble\\Ecommerce\\Models\\ProductCategory','product-categories','2022-09-22 01:25:36','2022-09-22 01:25:36'),(15,'fast-food',8,'Botble\\Ecommerce\\Models\\ProductCategory','product-categories','2022-09-22 01:25:36','2022-09-22 01:25:36'),(16,'vegetables',9,'Botble\\Ecommerce\\Models\\ProductCategory','product-categories','2022-09-22 01:25:36','2022-09-22 01:25:36'),(17,'bread-and-juice',10,'Botble\\Ecommerce\\Models\\ProductCategory','product-categories','2022-09-22 01:25:36','2022-09-22 01:25:36'),(18,'cake-milk',11,'Botble\\Ecommerce\\Models\\ProductCategory','product-categories','2022-09-22 01:25:36','2022-09-22 01:25:36'),(19,'coffee-teas',12,'Botble\\Ecommerce\\Models\\ProductCategory','product-categories','2022-09-22 01:25:36','2022-09-22 01:25:36'),(20,'pet-foods',13,'Botble\\Ecommerce\\Models\\ProductCategory','product-categories','2022-09-22 01:25:36','2022-09-22 01:25:36'),(21,'diet-foods',14,'Botble\\Ecommerce\\Models\\ProductCategory','product-categories','2022-09-22 01:25:36','2022-09-22 01:25:36'),(22,'wallet',1,'Botble\\Ecommerce\\Models\\ProductTag','product-tags','2022-09-22 01:25:36','2022-09-22 01:25:36'),(23,'bags',2,'Botble\\Ecommerce\\Models\\ProductTag','product-tags','2022-09-22 01:25:36','2022-09-22 01:25:36'),(24,'shoes',3,'Botble\\Ecommerce\\Models\\ProductTag','product-tags','2022-09-22 01:25:36','2022-09-22 01:25:36'),(25,'clothes',4,'Botble\\Ecommerce\\Models\\ProductTag','product-tags','2022-09-22 01:25:36','2022-09-22 01:25:36'),(26,'hand-bag',5,'Botble\\Ecommerce\\Models\\ProductTag','product-tags','2022-09-22 01:25:36','2022-09-22 01:25:36'),(27,'seeds-of-change-organic-quinoe',1,'Botble\\Ecommerce\\Models\\Product','products','2022-09-22 01:25:59','2022-09-22 01:25:59'),(28,'all-natural-italian-style-chicken-meatballs',2,'Botble\\Ecommerce\\Models\\Product','products','2022-09-22 01:25:59','2022-09-22 01:25:59'),(29,'angies-boomchickapop-sweet-salty-kettle-corn',3,'Botble\\Ecommerce\\Models\\Product','products','2022-09-22 01:26:00','2022-09-22 01:26:00'),(30,'foster-farms-takeout-crispy-classic',4,'Botble\\Ecommerce\\Models\\Product','products','2022-09-22 01:26:00','2022-09-22 01:26:00'),(31,'blue-diamond-almonds-lightly',5,'Botble\\Ecommerce\\Models\\Product','products','2022-09-22 01:26:00','2022-09-22 01:26:00'),(32,'chobani-complete-vanilla-greek',6,'Botble\\Ecommerce\\Models\\Product','products','2022-09-22 01:26:00','2022-09-22 01:26:00'),(33,'canada-dry-ginger-ale-2-l-bottle',7,'Botble\\Ecommerce\\Models\\Product','products','2022-09-22 01:26:00','2022-09-22 01:26:00'),(34,'encore-seafoods-stuffed-alaskan',8,'Botble\\Ecommerce\\Models\\Product','products','2022-09-22 01:26:00','2022-09-22 01:26:00'),(35,'gortons-beer-battered-fish-fillets',9,'Botble\\Ecommerce\\Models\\Product','products','2022-09-22 01:26:00','2022-09-22 01:26:00'),(36,'haagen-dazs-caramel-cone-ice-cream',10,'Botble\\Ecommerce\\Models\\Product','products','2022-09-22 01:26:00','2022-09-22 01:26:00'),(37,'nestle-original-coffee-mate-coffee-creamer',11,'Botble\\Ecommerce\\Models\\Product','products','2022-09-22 01:26:00','2022-09-22 01:26:00'),(38,'naturally-flavored-cinnamon-vanilla-light-roast-coffee',12,'Botble\\Ecommerce\\Models\\Product','products','2022-09-22 01:26:00','2022-09-22 01:26:00'),(39,'pepperidge-farm-farmhouse-hearty-white-bread',13,'Botble\\Ecommerce\\Models\\Product','products','2022-09-22 01:26:01','2022-09-22 01:26:01'),(40,'organic-frozen-triple-berry-blend',14,'Botble\\Ecommerce\\Models\\Product','products','2022-09-22 01:26:01','2022-09-22 01:26:01'),(41,'oroweat-country-buttermilk-bread',15,'Botble\\Ecommerce\\Models\\Product','products','2022-09-22 01:26:01','2022-09-22 01:26:01'),(42,'foster-farms-takeout-crispy-classic-buffalo-wings',16,'Botble\\Ecommerce\\Models\\Product','products','2022-09-22 01:26:01','2022-09-22 01:26:01'),(43,'angies-boomchickapop-sweet-salty-kettle-corn',17,'Botble\\Ecommerce\\Models\\Product','products','2022-09-22 01:26:01','2022-09-22 01:26:01'),(44,'all-natural-italian-style-chicken-meatballs',18,'Botble\\Ecommerce\\Models\\Product','products','2022-09-22 01:26:01','2022-09-22 01:26:01'),(45,'simply-lemonade-with-raspberry-juice',19,'Botble\\Ecommerce\\Models\\Product','products','2022-09-22 01:26:01','2022-09-22 01:26:01'),(46,'perdue-simply-smart-organics-gluten-free',20,'Botble\\Ecommerce\\Models\\Product','products','2022-09-22 01:26:01','2022-09-22 01:26:01'),(47,'chen-watermelon',21,'Botble\\Ecommerce\\Models\\Product','products','2022-09-22 01:26:01','2022-09-22 01:26:01'),(48,'organic-cage-free-grade-a-large-brown-eggs',22,'Botble\\Ecommerce\\Models\\Product','products','2022-09-22 01:26:01','2022-09-22 01:26:01'),(49,'colorful-banana',23,'Botble\\Ecommerce\\Models\\Product','products','2022-09-22 01:26:01','2022-09-22 01:26:01'),(50,'signature-wood-fired-mushroom-and-caramelized',24,'Botble\\Ecommerce\\Models\\Product','products','2022-09-22 01:26:02','2022-09-22 01:26:02'),(51,'ecommerce',1,'Botble\\Blog\\Models\\Category','blog','2022-09-22 01:26:49','2022-09-22 01:26:52'),(52,'fashion',2,'Botble\\Blog\\Models\\Category','blog','2022-09-22 01:26:49','2022-09-22 01:26:52'),(53,'electronic',3,'Botble\\Blog\\Models\\Category','blog','2022-09-22 01:26:49','2022-09-22 01:26:52'),(54,'commercial',4,'Botble\\Blog\\Models\\Category','blog','2022-09-22 01:26:49','2022-09-22 01:26:52'),(55,'general',1,'Botble\\Blog\\Models\\Tag','tag','2022-09-22 01:26:50','2022-09-22 01:26:50'),(56,'design',2,'Botble\\Blog\\Models\\Tag','tag','2022-09-22 01:26:50','2022-09-22 01:26:50'),(57,'fashion',3,'Botble\\Blog\\Models\\Tag','tag','2022-09-22 01:26:50','2022-09-22 01:26:50'),(58,'branding',4,'Botble\\Blog\\Models\\Tag','tag','2022-09-22 01:26:50','2022-09-22 01:26:50'),(59,'modern',5,'Botble\\Blog\\Models\\Tag','tag','2022-09-22 01:26:50','2022-09-22 01:26:50'),(60,'4-expert-tips-on-how-to-choose-the-right-mens-wallet',1,'Botble\\Blog\\Models\\Post','blog','2022-09-22 01:26:50','2022-09-22 01:26:52'),(61,'sexy-clutches-how-to-buy-wear-a-designer-clutch-bag',2,'Botble\\Blog\\Models\\Post','blog','2022-09-22 01:26:50','2022-09-22 01:26:52'),(62,'the-top-2020-handbag-trends-to-know',3,'Botble\\Blog\\Models\\Post','blog','2022-09-22 01:26:50','2022-09-22 01:26:52'),(63,'how-to-match-the-color-of-your-handbag-with-an-outfit',4,'Botble\\Blog\\Models\\Post','blog','2022-09-22 01:26:50','2022-09-22 01:26:52'),(64,'how-to-care-for-leather-bags',5,'Botble\\Blog\\Models\\Post','blog','2022-09-22 01:26:50','2022-09-22 01:26:52'),(65,'were-crushing-hard-on-summers-10-biggest-bag-trends',6,'Botble\\Blog\\Models\\Post','blog','2022-09-22 01:26:50','2022-09-22 01:26:52'),(66,'essential-qualities-of-highly-successful-music',7,'Botble\\Blog\\Models\\Post','blog','2022-09-22 01:26:51','2022-09-22 01:26:52'),(67,'9-things-i-love-about-shaving-my-head',8,'Botble\\Blog\\Models\\Post','blog','2022-09-22 01:26:51','2022-09-22 01:26:52'),(68,'why-teamwork-really-makes-the-dream-work',9,'Botble\\Blog\\Models\\Post','blog','2022-09-22 01:26:51','2022-09-22 01:26:52'),(69,'the-world-caters-to-average-people',10,'Botble\\Blog\\Models\\Post','blog','2022-09-22 01:26:51','2022-09-22 01:26:52'),(70,'the-litigants-on-the-screen-are-not-actors',11,'Botble\\Blog\\Models\\Post','blog','2022-09-22 01:26:51','2022-09-22 01:26:52'),(71,'homepage',1,'Botble\\Page\\Models\\Page','','2022-09-22 01:26:51','2022-09-22 01:26:51'),(72,'homepage-2',2,'Botble\\Page\\Models\\Page','','2022-09-22 01:26:51','2022-09-22 01:26:51'),(73,'homepage-3',3,'Botble\\Page\\Models\\Page','','2022-09-22 01:26:51','2022-09-22 01:26:51'),(74,'homepage-4',4,'Botble\\Page\\Models\\Page','','2022-09-22 01:26:51','2022-09-22 01:26:51'),(75,'blog',5,'Botble\\Page\\Models\\Page','','2022-09-22 01:26:51','2022-09-22 01:26:51'),(76,'contact',6,'Botble\\Page\\Models\\Page','','2022-09-22 01:26:51','2022-09-22 01:26:51'),(77,'about-us',7,'Botble\\Page\\Models\\Page','','2022-09-22 01:26:51','2022-09-22 01:26:51'),(78,'cookie-policy',8,'Botble\\Page\\Models\\Page','','2022-09-22 01:26:51','2022-09-22 01:26:51'),(79,'terms-conditions',9,'Botble\\Page\\Models\\Page','','2022-09-22 01:26:51','2022-09-22 01:26:51'),(80,'returns-exchanges',10,'Botble\\Page\\Models\\Page','','2022-09-22 01:26:51','2022-09-22 01:26:51'),(81,'shipping-delivery',11,'Botble\\Page\\Models\\Page','','2022-09-22 01:26:51','2022-09-22 01:26:51'),(82,'privacy-policy',12,'Botble\\Page\\Models\\Page','','2022-09-22 01:26:51','2022-09-22 01:26:51'),(83,'blog-list',13,'Botble\\Page\\Models\\Page','','2022-09-22 01:26:51','2022-09-22 01:26:51'),(84,'blog-big',14,'Botble\\Page\\Models\\Page','','2022-09-22 01:26:51','2022-09-22 01:26:51'),(85,'blog-wide',15,'Botble\\Page\\Models\\Page','','2022-09-22 01:26:51','2022-09-22 01:26:51'),(86,'homepage-5',16,'Botble\\Page\\Models\\Page','','2022-09-22 01:26:51','2022-09-22 01:26:51'),(87,'homepage-6',17,'Botble\\Page\\Models\\Page','','2022-09-22 01:26:51','2022-09-22 01:26:51'),(88,'faq',18,'Botble\\Page\\Models\\Page','','2022-09-22 01:26:51','2022-09-22 01:26:51'),(89,'gopro',1,'Botble\\Marketplace\\Models\\Store','stores','2022-09-22 01:27:40','2022-09-22 01:27:40'),(90,'global-office',2,'Botble\\Marketplace\\Models\\Store','stores','2022-09-22 01:27:40','2022-09-22 01:27:40'),(91,'young-shop',3,'Botble\\Marketplace\\Models\\Store','stores','2022-09-22 01:27:40','2022-09-22 01:27:40'),(92,'global-store',4,'Botble\\Marketplace\\Models\\Store','stores','2022-09-22 01:27:40','2022-09-22 01:27:40'),(93,'roberts-store',5,'Botble\\Marketplace\\Models\\Store','stores','2022-09-22 01:27:40','2022-09-22 01:27:40'),(94,'stouffer',6,'Botble\\Marketplace\\Models\\Store','stores','2022-09-22 01:27:40','2022-09-22 01:27:40');
/*!40000 ALTER TABLE `slugs` ENABLE KEYS */;
UNLOCK TABLES;

--
-- Table structure for table `states`
--

DROP TABLE IF EXISTS `states`;
/*!40101 SET @saved_cs_client     = @@character_set_client */;
/*!50503 SET character_set_client = utf8mb4 */;
CREATE TABLE `states` (
  `id` bigint unsigned NOT NULL AUTO_INCREMENT,
  `name` varchar(120) COLLATE utf8mb4_unicode_ci NOT NULL,
  `abbreviation` varchar(2) COLLATE utf8mb4_unicode_ci DEFAULT NULL,
  `country_id` int unsigned DEFAULT NULL,
  `order` tinyint NOT NULL DEFAULT '0',
  `is_default` tinyint unsigned NOT NULL DEFAULT '0',
  `status` varchar(60) COLLATE utf8mb4_unicode_ci NOT NULL DEFAULT 'published',
  `created_at` timestamp NULL DEFAULT NULL,
  `updated_at` timestamp NULL DEFAULT NULL,
  PRIMARY KEY (`id`)
) ENGINE=InnoDB DEFAULT CHARSET=utf8mb4 COLLATE=utf8mb4_unicode_ci;
/*!40101 SET character_set_client = @saved_cs_client */;

--
-- Dumping data for table `states`
--

LOCK TABLES `states` WRITE;
/*!40000 ALTER TABLE `states` DISABLE KEYS */;
/*!40000 ALTER TABLE `states` ENABLE KEYS */;
UNLOCK TABLES;

--
-- Table structure for table `states_translations`
--

DROP TABLE IF EXISTS `states_translations`;
/*!40101 SET @saved_cs_client     = @@character_set_client */;
/*!50503 SET character_set_client = utf8mb4 */;
CREATE TABLE `states_translations` (
  `lang_code` varchar(191) COLLATE utf8mb4_unicode_ci NOT NULL,
  `states_id` int NOT NULL,
  `name` varchar(120) COLLATE utf8mb4_unicode_ci DEFAULT NULL,
  `abbreviation` varchar(2) COLLATE utf8mb4_unicode_ci DEFAULT NULL,
  PRIMARY KEY (`lang_code`,`states_id`)
) ENGINE=InnoDB DEFAULT CHARSET=utf8mb4 COLLATE=utf8mb4_unicode_ci;
/*!40101 SET character_set_client = @saved_cs_client */;

--
-- Dumping data for table `states_translations`
--

LOCK TABLES `states_translations` WRITE;
/*!40000 ALTER TABLE `states_translations` DISABLE KEYS */;
/*!40000 ALTER TABLE `states_translations` ENABLE KEYS */;
UNLOCK TABLES;

--
-- Table structure for table `tags`
--

DROP TABLE IF EXISTS `tags`;
/*!40101 SET @saved_cs_client     = @@character_set_client */;
/*!50503 SET character_set_client = utf8mb4 */;
CREATE TABLE `tags` (
  `id` bigint unsigned NOT NULL AUTO_INCREMENT,
  `name` varchar(120) COLLATE utf8mb4_unicode_ci NOT NULL,
  `author_id` int NOT NULL,
  `author_type` varchar(255) CHARACTER SET utf8mb4 COLLATE utf8mb4_unicode_ci NOT NULL DEFAULT 'Botble\\ACL\\Models\\User',
  `description` varchar(400) COLLATE utf8mb4_unicode_ci DEFAULT '',
  `status` varchar(60) COLLATE utf8mb4_unicode_ci NOT NULL DEFAULT 'published',
  `created_at` timestamp NULL DEFAULT NULL,
  `updated_at` timestamp NULL DEFAULT NULL,
  PRIMARY KEY (`id`)
) ENGINE=InnoDB AUTO_INCREMENT=6 DEFAULT CHARSET=utf8mb4 COLLATE=utf8mb4_unicode_ci;
/*!40101 SET character_set_client = @saved_cs_client */;

--
-- Dumping data for table `tags`
--

LOCK TABLES `tags` WRITE;
/*!40000 ALTER TABLE `tags` DISABLE KEYS */;
INSERT INTO `tags` VALUES (1,'General',1,'Botble\\ACL\\Models\\User','','published','2022-09-22 01:26:49','2022-09-22 01:26:49'),(2,'Design',1,'Botble\\ACL\\Models\\User','','published','2022-09-22 01:26:50','2022-09-22 01:26:50'),(3,'Fashion',1,'Botble\\ACL\\Models\\User','','published','2022-09-22 01:26:50','2022-09-22 01:26:50'),(4,'Branding',1,'Botble\\ACL\\Models\\User','','published','2022-09-22 01:26:50','2022-09-22 01:26:50'),(5,'Modern',1,'Botble\\ACL\\Models\\User','','published','2022-09-22 01:26:50','2022-09-22 01:26:50');
/*!40000 ALTER TABLE `tags` ENABLE KEYS */;
UNLOCK TABLES;

--
-- Table structure for table `tags_translations`
--

DROP TABLE IF EXISTS `tags_translations`;
/*!40101 SET @saved_cs_client     = @@character_set_client */;
/*!50503 SET character_set_client = utf8mb4 */;
CREATE TABLE `tags_translations` (
  `lang_code` varchar(191) COLLATE utf8mb4_unicode_ci NOT NULL,
  `tags_id` int NOT NULL,
  `name` varchar(255) COLLATE utf8mb4_unicode_ci DEFAULT NULL,
  `description` varchar(400) COLLATE utf8mb4_unicode_ci DEFAULT NULL,
  PRIMARY KEY (`lang_code`,`tags_id`)
) ENGINE=InnoDB DEFAULT CHARSET=utf8mb4 COLLATE=utf8mb4_unicode_ci;
/*!40101 SET character_set_client = @saved_cs_client */;

--
-- Dumping data for table `tags_translations`
--

LOCK TABLES `tags_translations` WRITE;
/*!40000 ALTER TABLE `tags_translations` DISABLE KEYS */;
INSERT INTO `tags_translations` VALUES ('vi',1,'Chung',NULL),('vi',2,'Thiết kế',NULL),('vi',3,'Thời trang',NULL),('vi',4,'Thương hiệu',NULL),('vi',5,'Hiện đại',NULL);
/*!40000 ALTER TABLE `tags_translations` ENABLE KEYS */;
UNLOCK TABLES;

--
-- Table structure for table `translations`
--

DROP TABLE IF EXISTS `translations`;
/*!40101 SET @saved_cs_client     = @@character_set_client */;
/*!50503 SET character_set_client = utf8mb4 */;
CREATE TABLE `translations` (
  `id` bigint unsigned NOT NULL AUTO_INCREMENT,
  `status` int NOT NULL DEFAULT '0',
  `locale` varchar(191) COLLATE utf8mb4_unicode_ci NOT NULL,
  `group` varchar(191) COLLATE utf8mb4_unicode_ci NOT NULL,
  `key` varchar(191) COLLATE utf8mb4_unicode_ci NOT NULL,
  `value` text COLLATE utf8mb4_unicode_ci,
  `created_at` timestamp NULL DEFAULT NULL,
  `updated_at` timestamp NULL DEFAULT NULL,
  PRIMARY KEY (`id`)
) ENGINE=InnoDB AUTO_INCREMENT=4896 DEFAULT CHARSET=utf8mb4 COLLATE=utf8mb4_unicode_ci;
/*!40101 SET character_set_client = @saved_cs_client */;

--
-- Dumping data for table `translations`
--

LOCK TABLES `translations` WRITE;
/*!40000 ALTER TABLE `translations` DISABLE KEYS */;
INSERT INTO `translations` VALUES (1,1,'en','auth','failed','These credentials do not match our records.','2022-09-22 01:28:06','2022-09-22 01:28:06'),(2,1,'en','auth','password','The provided password is incorrect.','2022-09-22 01:28:06','2022-09-22 01:28:06'),(3,1,'en','auth','throttle','Too many login attempts. Please try again in :seconds seconds.','2022-09-22 01:28:06','2022-09-22 01:28:06'),(4,1,'en','pagination','previous','&laquo; Previous','2022-09-22 01:28:06','2022-09-22 01:28:06'),(5,1,'en','pagination','next','Next &raquo;','2022-09-22 01:28:06','2022-09-22 01:28:06'),(6,1,'en','passwords','reset','Your password has been reset!','2022-09-22 01:28:06','2022-09-22 01:28:06'),(7,1,'en','passwords','sent','We have emailed your password reset link!','2022-09-22 01:28:06','2022-09-22 01:28:06'),(8,1,'en','passwords','throttled','Please wait before retrying.','2022-09-22 01:28:06','2022-09-22 01:28:06'),(9,1,'en','passwords','token','This password reset token is invalid.','2022-09-22 01:28:06','2022-09-22 01:28:06'),(10,1,'en','passwords','user','We can\'t find a user with that email address.','2022-09-22 01:28:06','2022-09-22 01:28:06'),(11,1,'en','validation','accepted','The :attribute must be accepted.','2022-09-22 01:28:06','2022-09-22 01:28:06'),(12,1,'en','validation','accepted_if','The :attribute must be accepted when :other is :value.','2022-09-22 01:28:06','2022-09-22 01:28:06'),(13,1,'en','validation','active_url','The :attribute is not a valid URL.','2022-09-22 01:28:06','2022-09-22 01:28:06'),(14,1,'en','validation','after','The :attribute must be a date after :date.','2022-09-22 01:28:06','2022-09-22 01:28:06'),(15,1,'en','validation','after_or_equal','The :attribute must be a date after or equal to :date.','2022-09-22 01:28:06','2022-09-22 01:28:06'),(16,1,'en','validation','alpha','The :attribute must only contain letters.','2022-09-22 01:28:06','2022-09-22 01:28:06'),(17,1,'en','validation','alpha_dash','The :attribute must only contain letters, numbers, dashes and underscores.','2022-09-22 01:28:06','2022-09-22 01:28:06'),(18,1,'en','validation','alpha_num','The :attribute must only contain letters and numbers.','2022-09-22 01:28:06','2022-09-22 01:28:06'),(19,1,'en','validation','array','The :attribute must be an array.','2022-09-22 01:28:06','2022-09-22 01:28:06'),(20,1,'en','validation','before','The :attribute must be a date before :date.','2022-09-22 01:28:06','2022-09-22 01:28:06'),(21,1,'en','validation','before_or_equal','The :attribute must be a date before or equal to :date.','2022-09-22 01:28:06','2022-09-22 01:28:06'),(22,1,'en','validation','between.array','The :attribute must have between :min and :max items.','2022-09-22 01:28:06','2022-09-22 01:28:06'),(23,1,'en','validation','between.file','The :attribute must be between :min and :max kilobytes.','2022-09-22 01:28:06','2022-09-22 01:28:06'),(24,1,'en','validation','between.numeric','The :attribute must be between :min and :max.','2022-09-22 01:28:06','2022-09-22 01:28:06'),(25,1,'en','validation','between.string','The :attribute must be between :min and :max characters.','2022-09-22 01:28:06','2022-09-22 01:28:06'),(26,1,'en','validation','boolean','The :attribute field must be true or false.','2022-09-22 01:28:06','2022-09-22 01:28:06'),(27,1,'en','validation','confirmed','The :attribute confirmation does not match.','2022-09-22 01:28:06','2022-09-22 01:28:06'),(28,1,'en','validation','current_password','The password is incorrect.','2022-09-22 01:28:06','2022-09-22 01:28:06'),(29,1,'en','validation','date','The :attribute is not a valid date.','2022-09-22 01:28:06','2022-09-22 01:28:06'),(30,1,'en','validation','date_equals','The :attribute must be a date equal to :date.','2022-09-22 01:28:06','2022-09-22 01:28:06'),(31,1,'en','validation','date_format','The :attribute does not match the format :format.','2022-09-22 01:28:06','2022-09-22 01:28:06'),(32,1,'en','validation','declined','The :attribute must be declined.','2022-09-22 01:28:06','2022-09-22 01:28:06'),(33,1,'en','validation','declined_if','The :attribute must be declined when :other is :value.','2022-09-22 01:28:06','2022-09-22 01:28:06'),(34,1,'en','validation','different','The :attribute and :other must be different.','2022-09-22 01:28:06','2022-09-22 01:28:06'),(35,1,'en','validation','digits','The :attribute must be :digits digits.','2022-09-22 01:28:06','2022-09-22 01:28:06'),(36,1,'en','validation','digits_between','The :attribute must be between :min and :max digits.','2022-09-22 01:28:06','2022-09-22 01:28:06'),(37,1,'en','validation','dimensions','The :attribute has invalid image dimensions.','2022-09-22 01:28:06','2022-09-22 01:28:06'),(38,1,'en','validation','distinct','The :attribute field has a duplicate value.','2022-09-22 01:28:06','2022-09-22 01:28:06'),(39,1,'en','validation','doesnt_end_with','The :attribute may not end with one of the following: :values.','2022-09-22 01:28:06','2022-09-22 01:28:06'),(40,1,'en','validation','doesnt_start_with','The :attribute may not start with one of the following: :values.','2022-09-22 01:28:06','2022-09-22 01:28:06'),(41,1,'en','validation','email','The :attribute must be a valid email address.','2022-09-22 01:28:06','2022-09-22 01:28:06'),(42,1,'en','validation','ends_with','The :attribute must end with one of the following: :values.','2022-09-22 01:28:06','2022-09-22 01:28:06'),(43,1,'en','validation','enum','The selected :attribute is invalid.','2022-09-22 01:28:06','2022-09-22 01:28:06'),(44,1,'en','validation','exists','The selected :attribute is invalid.','2022-09-22 01:28:06','2022-09-22 01:28:06'),(45,1,'en','validation','file','The :attribute must be a file.','2022-09-22 01:28:06','2022-09-22 01:28:06'),(46,1,'en','validation','filled','The :attribute field must have a value.','2022-09-22 01:28:06','2022-09-22 01:28:06'),(47,1,'en','validation','gt.array','The :attribute must have more than :value items.','2022-09-22 01:28:06','2022-09-22 01:28:06'),(48,1,'en','validation','gt.file','The :attribute must be greater than :value kilobytes.','2022-09-22 01:28:06','2022-09-22 01:28:06'),(49,1,'en','validation','gt.numeric','The :attribute must be greater than :value.','2022-09-22 01:28:06','2022-09-22 01:28:06'),(50,1,'en','validation','gt.string','The :attribute must be greater than :value characters.','2022-09-22 01:28:06','2022-09-22 01:28:06'),(51,1,'en','validation','gte.array','The :attribute must have :value items or more.','2022-09-22 01:28:06','2022-09-22 01:28:06'),(52,1,'en','validation','gte.file','The :attribute must be greater than or equal to :value kilobytes.','2022-09-22 01:28:06','2022-09-22 01:28:06'),(53,1,'en','validation','gte.numeric','The :attribute must be greater than or equal to :value.','2022-09-22 01:28:06','2022-09-22 01:28:06'),(54,1,'en','validation','gte.string','The :attribute must be greater than or equal to :value characters.','2022-09-22 01:28:06','2022-09-22 01:28:06'),(55,1,'en','validation','image','The :attribute must be an image.','2022-09-22 01:28:06','2022-09-22 01:28:06'),(56,1,'en','validation','in','The selected :attribute is invalid.','2022-09-22 01:28:06','2022-09-22 01:28:06'),(57,1,'en','validation','in_array','The :attribute field does not exist in :other.','2022-09-22 01:28:06','2022-09-22 01:28:06'),(58,1,'en','validation','integer','The :attribute must be an integer.','2022-09-22 01:28:06','2022-09-22 01:28:06'),(59,1,'en','validation','ip','The :attribute must be a valid IP address.','2022-09-22 01:28:06','2022-09-22 01:28:06'),(60,1,'en','validation','ipv4','The :attribute must be a valid IPv4 address.','2022-09-22 01:28:06','2022-09-22 01:28:06'),(61,1,'en','validation','ipv6','The :attribute must be a valid IPv6 address.','2022-09-22 01:28:06','2022-09-22 01:28:06'),(62,1,'en','validation','json','The :attribute must be a valid JSON string.','2022-09-22 01:28:06','2022-09-22 01:28:06'),(63,1,'en','validation','lt.array','The :attribute must have less than :value items.','2022-09-22 01:28:06','2022-09-22 01:28:06'),(64,1,'en','validation','lt.file','The :attribute must be less than :value kilobytes.','2022-09-22 01:28:06','2022-09-22 01:28:06'),(65,1,'en','validation','lt.numeric','The :attribute must be less than :value.','2022-09-22 01:28:06','2022-09-22 01:28:06'),(66,1,'en','validation','lt.string','The :attribute must be less than :value characters.','2022-09-22 01:28:06','2022-09-22 01:28:06'),(67,1,'en','validation','lte.array','The :attribute must not have more than :value items.','2022-09-22 01:28:06','2022-09-22 01:28:06'),(68,1,'en','validation','lte.file','The :attribute must be less than or equal to :value kilobytes.','2022-09-22 01:28:06','2022-09-22 01:28:06'),(69,1,'en','validation','lte.numeric','The :attribute must be less than or equal to :value.','2022-09-22 01:28:06','2022-09-22 01:28:06'),(70,1,'en','validation','lte.string','The :attribute must be less than or equal to :value characters.','2022-09-22 01:28:06','2022-09-22 01:28:06'),(71,1,'en','validation','mac_address','The :attribute must be a valid MAC address.','2022-09-22 01:28:06','2022-09-22 01:28:06'),(72,1,'en','validation','max.array','The :attribute must not have more than :max items.','2022-09-22 01:28:06','2022-09-22 01:28:06'),(73,1,'en','validation','max.file','The :attribute must not be greater than :max kilobytes.','2022-09-22 01:28:06','2022-09-22 01:28:06'),(74,1,'en','validation','max.numeric','The :attribute must not be greater than :max.','2022-09-22 01:28:06','2022-09-22 01:28:06'),(75,1,'en','validation','max.string','The :attribute must not be greater than :max characters.','2022-09-22 01:28:06','2022-09-22 01:28:06'),(76,1,'en','validation','max_digits','The :attribute must not have more than :max digits.','2022-09-22 01:28:06','2022-09-22 01:28:06'),(77,1,'en','validation','mimes','The :attribute must be a file of type: :values.','2022-09-22 01:28:06','2022-09-22 01:28:06'),(78,1,'en','validation','mimetypes','The :attribute must be a file of type: :values.','2022-09-22 01:28:06','2022-09-22 01:28:06'),(79,1,'en','validation','min.array','The :attribute must have at least :min items.','2022-09-22 01:28:06','2022-09-22 01:28:06'),(80,1,'en','validation','min.file','The :attribute must be at least :min kilobytes.','2022-09-22 01:28:06','2022-09-22 01:28:06'),(81,1,'en','validation','min.numeric','The :attribute must be at least :min.','2022-09-22 01:28:06','2022-09-22 01:28:06'),(82,1,'en','validation','min.string','The :attribute must be at least :min characters.','2022-09-22 01:28:06','2022-09-22 01:28:06'),(83,1,'en','validation','min_digits','The :attribute must have at least :min digits.','2022-09-22 01:28:06','2022-09-22 01:28:06'),(84,1,'en','validation','multiple_of','The :attribute must be a multiple of :value.','2022-09-22 01:28:06','2022-09-22 01:28:06'),(85,1,'en','validation','not_in','The selected :attribute is invalid.','2022-09-22 01:28:06','2022-09-22 01:28:06'),(86,1,'en','validation','not_regex','The :attribute format is invalid.','2022-09-22 01:28:06','2022-09-22 01:28:06'),(87,1,'en','validation','numeric','The :attribute must be a number.','2022-09-22 01:28:06','2022-09-22 01:28:06'),(88,1,'en','validation','password.letters','The :attribute must contain at least one letter.','2022-09-22 01:28:06','2022-09-22 01:28:06'),(89,1,'en','validation','password.mixed','The :attribute must contain at least one uppercase and one lowercase letter.','2022-09-22 01:28:06','2022-09-22 01:28:06'),(90,1,'en','validation','password.numbers','The :attribute must contain at least one number.','2022-09-22 01:28:06','2022-09-22 01:28:06'),(91,1,'en','validation','password.symbols','The :attribute must contain at least one symbol.','2022-09-22 01:28:06','2022-09-22 01:28:06'),(92,1,'en','validation','password.uncompromised','The given :attribute has appeared in a data leak. Please choose a different :attribute.','2022-09-22 01:28:06','2022-09-22 01:28:06'),(93,1,'en','validation','present','The :attribute field must be present.','2022-09-22 01:28:06','2022-09-22 01:28:06'),(94,1,'en','validation','prohibited','The :attribute field is prohibited.','2022-09-22 01:28:06','2022-09-22 01:28:06'),(95,1,'en','validation','prohibited_if','The :attribute field is prohibited when :other is :value.','2022-09-22 01:28:06','2022-09-22 01:28:06'),(96,1,'en','validation','prohibited_unless','The :attribute field is prohibited unless :other is in :values.','2022-09-22 01:28:06','2022-09-22 01:28:06'),(97,1,'en','validation','prohibits','The :attribute field prohibits :other from being present.','2022-09-22 01:28:06','2022-09-22 01:28:06'),(98,1,'en','validation','regex','The :attribute format is invalid.','2022-09-22 01:28:06','2022-09-22 01:28:06'),(99,1,'en','validation','required','The :attribute field is required.','2022-09-22 01:28:06','2022-09-22 01:28:06'),(100,1,'en','validation','required_array_keys','The :attribute field must contain entries for: :values.','2022-09-22 01:28:06','2022-09-22 01:28:06'),(101,1,'en','validation','required_if','The :attribute field is required when :other is :value.','2022-09-22 01:28:06','2022-09-22 01:28:06'),(102,1,'en','validation','required_if_accepted','The :attribute field is required when :other is accepted.','2022-09-22 01:28:06','2022-09-22 01:28:06'),(103,1,'en','validation','required_unless','The :attribute field is required unless :other is in :values.','2022-09-22 01:28:06','2022-09-22 01:28:06'),(104,1,'en','validation','required_with','The :attribute field is required when :values is present.','2022-09-22 01:28:06','2022-09-22 01:28:06'),(105,1,'en','validation','required_with_all','The :attribute field is required when :values are present.','2022-09-22 01:28:06','2022-09-22 01:28:06'),(106,1,'en','validation','required_without','The :attribute field is required when :values is not present.','2022-09-22 01:28:06','2022-09-22 01:28:06'),(107,1,'en','validation','required_without_all','The :attribute field is required when none of :values are present.','2022-09-22 01:28:06','2022-09-22 01:28:06'),(108,1,'en','validation','same','The :attribute and :other must match.','2022-09-22 01:28:06','2022-09-22 01:28:06'),(109,1,'en','validation','size.array','The :attribute must contain :size items.','2022-09-22 01:28:06','2022-09-22 01:28:06'),(110,1,'en','validation','size.file','The :attribute must be :size kilobytes.','2022-09-22 01:28:06','2022-09-22 01:28:06'),(111,1,'en','validation','size.numeric','The :attribute must be :size.','2022-09-22 01:28:06','2022-09-22 01:28:06'),(112,1,'en','validation','size.string','The :attribute must be :size characters.','2022-09-22 01:28:06','2022-09-22 01:28:06'),(113,1,'en','validation','starts_with','The :attribute must start with one of the following: :values.','2022-09-22 01:28:06','2022-09-22 01:28:06'),(114,1,'en','validation','string','The :attribute must be a string.','2022-09-22 01:28:06','2022-09-22 01:28:06'),(115,1,'en','validation','timezone','The :attribute must be a valid timezone.','2022-09-22 01:28:06','2022-09-22 01:28:06'),(116,1,'en','validation','unique','The :attribute has already been taken.','2022-09-22 01:28:06','2022-09-22 01:28:06'),(117,1,'en','validation','uploaded','The :attribute failed to upload.','2022-09-22 01:28:06','2022-09-22 01:28:06'),(118,1,'en','validation','url','The :attribute must be a valid URL.','2022-09-22 01:28:06','2022-09-22 01:28:06'),(119,1,'en','validation','uuid','The :attribute must be a valid UUID.','2022-09-22 01:28:06','2022-09-22 01:28:06'),(120,1,'en','validation','custom.attribute-name.rule-name','custom-message','2022-09-22 01:28:06','2022-09-22 01:28:06'),(121,1,'en','core/acl/api','api_clients','API Clients','2022-09-22 01:28:06','2022-09-22 01:28:06'),(122,1,'en','core/acl/api','create_new_client','Create new client','2022-09-22 01:28:06','2022-09-22 01:28:06'),(123,1,'en','core/acl/api','create_new_client_success','Create new client successfully!','2022-09-22 01:28:07','2022-09-22 01:28:07'),(124,1,'en','core/acl/api','edit_client','Edit client \":name\"','2022-09-22 01:28:07','2022-09-22 01:28:07'),(125,1,'en','core/acl/api','edit_client_success','Updated client successfully!','2022-09-22 01:28:07','2022-09-22 01:28:07'),(126,1,'en','core/acl/api','delete_success','Deleted client successfully!','2022-09-22 01:28:07','2022-09-22 01:28:07'),(127,1,'en','core/acl/api','confirm_delete_title','Confirm delete client \":name\"','2022-09-22 01:28:07','2022-09-22 01:28:07'),(128,1,'en','core/acl/api','confirm_delete_description','Do you really want to delete client \":name\"?','2022-09-22 01:28:07','2022-09-22 01:28:07'),(129,1,'en','core/acl/api','cancel_delete','No','2022-09-22 01:28:07','2022-09-22 01:28:07'),(130,1,'en','core/acl/api','continue_delete','Yes, let\'s delete it!','2022-09-22 01:28:07','2022-09-22 01:28:07'),(131,1,'en','core/acl/api','name','Name','2022-09-22 01:28:07','2022-09-22 01:28:07'),(132,1,'en','core/acl/api','cancel','Cancel','2022-09-22 01:28:07','2022-09-22 01:28:07'),(133,1,'en','core/acl/api','save','Save','2022-09-22 01:28:07','2022-09-22 01:28:07'),(134,1,'en','core/acl/api','edit','Edit','2022-09-22 01:28:07','2022-09-22 01:28:07'),(135,1,'en','core/acl/api','delete','Delete','2022-09-22 01:28:07','2022-09-22 01:28:07'),(136,1,'en','core/acl/api','client_id','Client ID','2022-09-22 01:28:07','2022-09-22 01:28:07'),(137,1,'en','core/acl/api','secret','Secret','2022-09-22 01:28:07','2022-09-22 01:28:07'),(138,1,'en','core/acl/auth','login.username','Email/Username','2022-09-22 01:28:07','2022-09-22 01:28:07'),(139,1,'en','core/acl/auth','login.email','Email','2022-09-22 01:28:07','2022-09-22 01:28:07'),(140,1,'en','core/acl/auth','login.password','Password','2022-09-22 01:28:07','2022-09-22 01:28:07'),(141,1,'en','core/acl/auth','login.title','User Login','2022-09-22 01:28:07','2022-09-22 01:28:07'),(142,1,'en','core/acl/auth','login.remember','Remember me?','2022-09-22 01:28:07','2022-09-22 01:28:07'),(143,1,'en','core/acl/auth','login.login','Sign in','2022-09-22 01:28:07','2022-09-22 01:28:07'),(144,1,'en','core/acl/auth','login.placeholder.username','Please enter your username','2022-09-22 01:28:07','2022-09-22 01:28:07'),(145,1,'en','core/acl/auth','login.placeholder.email','Please enter your email','2022-09-22 01:28:07','2022-09-22 01:28:07'),(146,1,'en','core/acl/auth','login.success','Login successfully!','2022-09-22 01:28:07','2022-09-22 01:28:07'),(147,1,'en','core/acl/auth','login.fail','Wrong username or password.','2022-09-22 01:28:07','2022-09-22 01:28:07'),(148,1,'en','core/acl/auth','login.not_active','Your account has not been activated yet!','2022-09-22 01:28:07','2022-09-22 01:28:07'),(149,1,'en','core/acl/auth','login.banned','This account is banned.','2022-09-22 01:28:07','2022-09-22 01:28:07'),(150,1,'en','core/acl/auth','login.logout_success','Logout successfully!','2022-09-22 01:28:07','2022-09-22 01:28:07'),(151,1,'en','core/acl/auth','login.dont_have_account','You don\'t have account on this system, please contact administrator for more information!','2022-09-22 01:28:07','2022-09-22 01:28:07'),(152,1,'en','core/acl/auth','forgot_password.title','Forgot Password','2022-09-22 01:28:07','2022-09-22 01:28:07'),(153,1,'en','core/acl/auth','forgot_password.message','<p>Have you forgotten your password?</p><p>Please enter your email account. System will send a email with active link to reset your password.</p>','2022-09-22 01:28:07','2022-09-22 01:28:07'),(154,1,'en','core/acl/auth','forgot_password.submit','Submit','2022-09-22 01:28:07','2022-09-22 01:28:07'),(155,1,'en','core/acl/auth','reset.new_password','New password','2022-09-22 01:28:07','2022-09-22 01:28:07'),(156,1,'en','core/acl/auth','reset.password_confirmation','Confirm new password','2022-09-22 01:28:07','2022-09-22 01:28:07'),(157,1,'en','core/acl/auth','reset.email','Email','2022-09-22 01:28:07','2022-09-22 01:28:07'),(158,1,'en','core/acl/auth','reset.title','Reset your password','2022-09-22 01:28:07','2022-09-22 01:28:07'),(159,1,'en','core/acl/auth','reset.update','Update','2022-09-22 01:28:07','2022-09-22 01:28:07'),(160,1,'en','core/acl/auth','reset.wrong_token','This link is invalid or expired. Please try using reset form again.','2022-09-22 01:28:07','2022-09-22 01:28:07'),(161,1,'en','core/acl/auth','reset.user_not_found','This username is not exist.','2022-09-22 01:28:07','2022-09-22 01:28:07'),(162,1,'en','core/acl/auth','reset.success','Reset password successfully!','2022-09-22 01:28:07','2022-09-22 01:28:07'),(163,1,'en','core/acl/auth','reset.fail','Token is invalid, the reset password link has been expired!','2022-09-22 01:28:07','2022-09-22 01:28:07'),(164,1,'en','core/acl/auth','reset.reset.title','Email reset password','2022-09-22 01:28:07','2022-09-22 01:28:07'),(165,1,'en','core/acl/auth','reset.send.success','A email was sent to your email account. Please check and complete this action.','2022-09-22 01:28:07','2022-09-22 01:28:07'),(166,1,'en','core/acl/auth','reset.send.fail','Can not send email in this time. Please try again later.','2022-09-22 01:28:07','2022-09-22 01:28:07'),(167,1,'en','core/acl/auth','reset.new-password','New password','2022-09-22 01:28:07','2022-09-22 01:28:07'),(168,1,'en','core/acl/auth','email.reminder.title','Email reset password','2022-09-22 01:28:07','2022-09-22 01:28:07'),(169,1,'en','core/acl/auth','password_confirmation','Password confirm','2022-09-22 01:28:07','2022-09-22 01:28:07'),(170,1,'en','core/acl/auth','failed','Failed','2022-09-22 01:28:07','2022-09-22 01:28:07'),(171,1,'en','core/acl/auth','throttle','Throttle','2022-09-22 01:28:07','2022-09-22 01:28:07'),(172,1,'en','core/acl/auth','not_member','Not a member yet?','2022-09-22 01:28:07','2022-09-22 01:28:07'),(173,1,'en','core/acl/auth','register_now','Register now','2022-09-22 01:28:07','2022-09-22 01:28:07'),(174,1,'en','core/acl/auth','lost_your_password','Lost your password?','2022-09-22 01:28:07','2022-09-22 01:28:07'),(175,1,'en','core/acl/auth','login_title','Admin','2022-09-22 01:28:07','2022-09-22 01:28:07'),(176,1,'en','core/acl/auth','login_via_social','Login with social networks','2022-09-22 01:28:07','2022-09-22 01:28:07'),(177,1,'en','core/acl/auth','back_to_login','Back to login page','2022-09-22 01:28:07','2022-09-22 01:28:07'),(178,1,'en','core/acl/auth','sign_in_below','Sign In Below','2022-09-22 01:28:07','2022-09-22 01:28:07'),(179,1,'en','core/acl/auth','languages','Languages','2022-09-22 01:28:07','2022-09-22 01:28:07'),(180,1,'en','core/acl/auth','reset_password','Reset Password','2022-09-22 01:28:07','2022-09-22 01:28:07'),(181,1,'en','core/acl/auth','settings.email.title','ACL','2022-09-22 01:28:07','2022-09-22 01:28:07'),(182,1,'en','core/acl/auth','settings.email.description','ACL email configuration','2022-09-22 01:28:07','2022-09-22 01:28:07'),(183,1,'en','core/acl/permissions','notices.role_in_use','Cannot delete this role, it is still in use!','2022-09-22 01:28:07','2022-09-22 01:28:07'),(184,1,'en','core/acl/permissions','notices.role_delete_belong_user','You are not able to delete this role; it belongs to someone else!','2022-09-22 01:28:07','2022-09-22 01:28:07'),(185,1,'en','core/acl/permissions','notices.role_edit_belong_user','You are not able to edit this role; it belongs to someone else!','2022-09-22 01:28:07','2022-09-22 01:28:07'),(186,1,'en','core/acl/permissions','notices.delete_global_role','You are not allowed to delete global roles!','2022-09-22 01:28:07','2022-09-22 01:28:07'),(187,1,'en','core/acl/permissions','notices.delete_success','The selected role was deleted successfully!','2022-09-22 01:28:07','2022-09-22 01:28:07'),(188,1,'en','core/acl/permissions','notices.modified_success','The selected role was modified successfully!','2022-09-22 01:28:07','2022-09-22 01:28:07'),(189,1,'en','core/acl/permissions','notices.create_success','The new role was successfully created','2022-09-22 01:28:07','2022-09-22 01:28:07'),(190,1,'en','core/acl/permissions','notices.duplicated_success','The selected role was duplicated successfully','2022-09-22 01:28:07','2022-09-22 01:28:07'),(191,1,'en','core/acl/permissions','notices.no_select','Please select at least one record to take this action!','2022-09-22 01:28:07','2022-09-22 01:28:07'),(192,1,'en','core/acl/permissions','notices.not_found','Role not found','2022-09-22 01:28:07','2022-09-22 01:28:07'),(193,1,'en','core/acl/permissions','name','Name','2022-09-22 01:28:07','2022-09-22 01:28:07'),(194,1,'en','core/acl/permissions','current_role','Current Role','2022-09-22 01:28:07','2022-09-22 01:28:07'),(195,1,'en','core/acl/permissions','no_role_assigned','No role assigned','2022-09-22 01:28:07','2022-09-22 01:28:07'),(196,1,'en','core/acl/permissions','role_assigned','Assigned Role','2022-09-22 01:28:07','2022-09-22 01:28:07'),(197,1,'en','core/acl/permissions','create_role','Create New Role','2022-09-22 01:28:07','2022-09-22 01:28:07'),(198,1,'en','core/acl/permissions','role_name','Name','2022-09-22 01:28:07','2022-09-22 01:28:07'),(199,1,'en','core/acl/permissions','role_description','Description','2022-09-22 01:28:07','2022-09-22 01:28:07'),(200,1,'en','core/acl/permissions','permission_flags','Permission Flags','2022-09-22 01:28:07','2022-09-22 01:28:07'),(201,1,'en','core/acl/permissions','cancel','Cancel','2022-09-22 01:28:07','2022-09-22 01:28:07'),(202,1,'en','core/acl/permissions','reset','Reset','2022-09-22 01:28:07','2022-09-22 01:28:07'),(203,1,'en','core/acl/permissions','save','Save','2022-09-22 01:28:07','2022-09-22 01:28:07'),(204,1,'en','core/acl/permissions','global_role_msg','This is a global role and cannot be modified.  You can use the Duplicate button to make a copy of this role that you can then modify.','2022-09-22 01:28:07','2022-09-22 01:28:07'),(205,1,'en','core/acl/permissions','details','Details','2022-09-22 01:28:07','2022-09-22 01:28:07'),(206,1,'en','core/acl/permissions','duplicate','Duplicate','2022-09-22 01:28:07','2022-09-22 01:28:07'),(207,1,'en','core/acl/permissions','all','All Permissions','2022-09-22 01:28:07','2022-09-22 01:28:07'),(208,1,'en','core/acl/permissions','list_role','List Roles','2022-09-22 01:28:07','2022-09-22 01:28:07'),(209,1,'en','core/acl/permissions','created_on','Created On','2022-09-22 01:28:07','2022-09-22 01:28:07'),(210,1,'en','core/acl/permissions','created_by','Created By','2022-09-22 01:28:07','2022-09-22 01:28:07'),(211,1,'en','core/acl/permissions','actions','Actions','2022-09-22 01:28:07','2022-09-22 01:28:07'),(212,1,'en','core/acl/permissions','role_in_use','Cannot delete this role, it is still in use!','2022-09-22 01:28:07','2022-09-22 01:28:07'),(213,1,'en','core/acl/permissions','role_delete_belong_user','You are not able to delete this role; it belongs to someone else!','2022-09-22 01:28:07','2022-09-22 01:28:07'),(214,1,'en','core/acl/permissions','delete_global_role','Can not delete global role','2022-09-22 01:28:07','2022-09-22 01:28:07'),(215,1,'en','core/acl/permissions','delete_success','Delete role successfully','2022-09-22 01:28:07','2022-09-22 01:28:07'),(216,1,'en','core/acl/permissions','no_select','Please select at least one role to take this action!','2022-09-22 01:28:07','2022-09-22 01:28:07'),(217,1,'en','core/acl/permissions','not_found','No role found!','2022-09-22 01:28:07','2022-09-22 01:28:07'),(218,1,'en','core/acl/permissions','role_edit_belong_user','You are not able to edit this role; it belongs to someone else!','2022-09-22 01:28:07','2022-09-22 01:28:07'),(219,1,'en','core/acl/permissions','modified_success','Modified successfully','2022-09-22 01:28:07','2022-09-22 01:28:07'),(220,1,'en','core/acl/permissions','create_success','Create successfully','2022-09-22 01:28:07','2022-09-22 01:28:07'),(221,1,'en','core/acl/permissions','duplicated_success','Duplicated successfully','2022-09-22 01:28:07','2022-09-22 01:28:07'),(222,1,'en','core/acl/permissions','options','Options','2022-09-22 01:28:07','2022-09-22 01:28:07'),(223,1,'en','core/acl/permissions','access_denied_message','You are not allowed to do this action','2022-09-22 01:28:07','2022-09-22 01:28:07'),(224,1,'en','core/acl/permissions','roles','Roles','2022-09-22 01:28:07','2022-09-22 01:28:07'),(225,1,'en','core/acl/permissions','role_permission','Roles and Permissions','2022-09-22 01:28:07','2022-09-22 01:28:07'),(226,1,'en','core/acl/permissions','user_management','User Management','2022-09-22 01:28:07','2022-09-22 01:28:07'),(227,1,'en','core/acl/permissions','super_user_management','Super User Management','2022-09-22 01:28:07','2022-09-22 01:28:07'),(228,1,'en','core/acl/permissions','action_unauthorized','This action is unauthorized.','2022-09-22 01:28:07','2022-09-22 01:28:07'),(229,1,'en','core/acl/reminders','password','Passwords must be at least six characters and match the confirmation.','2022-09-22 01:28:07','2022-09-22 01:28:07'),(230,1,'en','core/acl/reminders','user','We can\'t find a user with that e-mail address.','2022-09-22 01:28:07','2022-09-22 01:28:07'),(231,1,'en','core/acl/reminders','token','This password reset token is invalid.','2022-09-22 01:28:07','2022-09-22 01:28:07'),(232,1,'en','core/acl/reminders','sent','Password reminder sent!','2022-09-22 01:28:07','2022-09-22 01:28:07'),(233,1,'en','core/acl/reminders','reset','Password has been reset!','2022-09-22 01:28:07','2022-09-22 01:28:07'),(234,1,'en','core/acl/users','delete_user_logged_in','Can\'t delete this user. This user is logged on!','2022-09-22 01:28:07','2022-09-22 01:28:07'),(235,1,'en','core/acl/users','no_select','Please select at least one record to take this action!','2022-09-22 01:28:07','2022-09-22 01:28:07'),(236,1,'en','core/acl/users','lock_user_logged_in','Can\'t lock this user. This user is logged on!','2022-09-22 01:28:07','2022-09-22 01:28:07'),(237,1,'en','core/acl/users','update_success','Update status successfully!','2022-09-22 01:28:07','2022-09-22 01:28:07'),(238,1,'en','core/acl/users','save_setting_failed','Something went wrong when save your setting','2022-09-22 01:28:07','2022-09-22 01:28:07'),(239,1,'en','core/acl/users','not_found','User not found','2022-09-22 01:28:07','2022-09-22 01:28:07'),(240,1,'en','core/acl/users','email_exist','That email address already belongs to an existing account','2022-09-22 01:28:07','2022-09-22 01:28:07'),(241,1,'en','core/acl/users','username_exist','That username address already belongs to an existing account','2022-09-22 01:28:07','2022-09-22 01:28:07'),(242,1,'en','core/acl/users','update_profile_success','Your profile changes were successfully saved','2022-09-22 01:28:07','2022-09-22 01:28:07'),(243,1,'en','core/acl/users','password_update_success','Password successfully changed','2022-09-22 01:28:07','2022-09-22 01:28:07'),(244,1,'en','core/acl/users','current_password_not_valid','Current password is not valid','2022-09-22 01:28:07','2022-09-22 01:28:07'),(245,1,'en','core/acl/users','user_exist_in','User is already a member','2022-09-22 01:28:07','2022-09-22 01:28:07'),(246,1,'en','core/acl/users','email','Email','2022-09-22 01:28:07','2022-09-22 01:28:07'),(247,1,'en','core/acl/users','role','Role','2022-09-22 01:28:07','2022-09-22 01:28:07'),(248,1,'en','core/acl/users','username','Username','2022-09-22 01:28:07','2022-09-22 01:28:07'),(249,1,'en','core/acl/users','last_name','Last Name','2022-09-22 01:28:07','2022-09-22 01:28:07'),(250,1,'en','core/acl/users','first_name','First Name','2022-09-22 01:28:07','2022-09-22 01:28:07'),(251,1,'en','core/acl/users','message','Message','2022-09-22 01:28:07','2022-09-22 01:28:07'),(252,1,'en','core/acl/users','cancel_btn','Cancel','2022-09-22 01:28:07','2022-09-22 01:28:07'),(253,1,'en','core/acl/users','change_password','Change password','2022-09-22 01:28:07','2022-09-22 01:28:07'),(254,1,'en','core/acl/users','current_password','Current password','2022-09-22 01:28:07','2022-09-22 01:28:07'),(255,1,'en','core/acl/users','new_password','New Password','2022-09-22 01:28:07','2022-09-22 01:28:07'),(256,1,'en','core/acl/users','confirm_new_password','Confirm New Password','2022-09-22 01:28:07','2022-09-22 01:28:07'),(257,1,'en','core/acl/users','password','Password','2022-09-22 01:28:07','2022-09-22 01:28:07'),(258,1,'en','core/acl/users','save','Save','2022-09-22 01:28:07','2022-09-22 01:28:07'),(259,1,'en','core/acl/users','cannot_delete','User could not be deleted','2022-09-22 01:28:07','2022-09-22 01:28:07'),(260,1,'en','core/acl/users','deleted','User deleted','2022-09-22 01:28:07','2022-09-22 01:28:07'),(261,1,'en','core/acl/users','last_login','Last Login','2022-09-22 01:28:07','2022-09-22 01:28:07'),(262,1,'en','core/acl/users','error_update_profile_image','Error when update profile image','2022-09-22 01:28:07','2022-09-22 01:28:07'),(263,1,'en','core/acl/users','email_reminder_template','<h3>Hello :name</h3><p>The system has received a request to restore the password for your account, to complete this task please click the link below.</p><p><a href=\":link\">Reset password now</a></p><p>If not you ask recover password, please ignore this email.</p><p>This email is valid for 60 minutes after receiving the email.</p>','2022-09-22 01:28:07','2022-09-22 01:28:07'),(264,1,'en','core/acl/users','change_profile_image','Change Profile Image','2022-09-22 01:28:07','2022-09-22 01:28:07'),(265,1,'en','core/acl/users','new_image','New Image','2022-09-22 01:28:07','2022-09-22 01:28:07'),(266,1,'en','core/acl/users','loading','Loading','2022-09-22 01:28:07','2022-09-22 01:28:07'),(267,1,'en','core/acl/users','close','Close','2022-09-22 01:28:07','2022-09-22 01:28:07'),(268,1,'en','core/acl/users','update','Update','2022-09-22 01:28:07','2022-09-22 01:28:07'),(269,1,'en','core/acl/users','read_image_failed','Failed to read the image file','2022-09-22 01:28:07','2022-09-22 01:28:07'),(270,1,'en','core/acl/users','users','Users','2022-09-22 01:28:07','2022-09-22 01:28:07'),(271,1,'en','core/acl/users','update_avatar_success','Update profile image successfully!','2022-09-22 01:28:07','2022-09-22 01:28:07'),(272,1,'en','core/acl/users','info.title','User profile','2022-09-22 01:28:07','2022-09-22 01:28:07'),(273,1,'en','core/acl/users','info.first_name','First Name','2022-09-22 01:28:07','2022-09-22 01:28:07'),(274,1,'en','core/acl/users','info.last_name','Last Name','2022-09-22 01:28:07','2022-09-22 01:28:07'),(275,1,'en','core/acl/users','total_users','Total users','2022-09-22 01:28:07','2022-09-22 01:28:07'),(276,1,'en','core/acl/users','statuses.activated','Activated','2022-09-22 01:28:07','2022-09-22 01:28:07'),(277,1,'en','core/acl/users','statuses.deactivated','Deactivated','2022-09-22 01:28:07','2022-09-22 01:28:07'),(278,1,'en','core/acl/users','make_super','Make super','2022-09-22 01:28:07','2022-09-22 01:28:07'),(279,1,'en','core/acl/users','remove_super','Remove super','2022-09-22 01:28:07','2022-09-22 01:28:07'),(280,1,'en','core/acl/users','is_super','Is super?','2022-09-22 01:28:07','2022-09-22 01:28:07'),(281,1,'en','core/acl/users','email_placeholder','Ex: example@gmail.com','2022-09-22 01:28:07','2022-09-22 01:28:07'),(282,1,'en','core/acl/users','password_confirmation','Re-type password','2022-09-22 01:28:07','2022-09-22 01:28:07'),(283,1,'en','core/acl/users','select_role','Select role','2022-09-22 01:28:07','2022-09-22 01:28:07'),(284,1,'en','core/acl/users','create_new_user','Create a new user','2022-09-22 01:28:07','2022-09-22 01:28:07'),(285,1,'en','core/acl/users','cannot_delete_super_user','Permission denied. Cannot delete a super user!','2022-09-22 01:28:07','2022-09-22 01:28:07'),(286,1,'en','core/acl/users','assigned_role','Assigned Role','2022-09-22 01:28:07','2022-09-22 01:28:07'),(287,1,'en','core/acl/users','no_role_assigned','No role assigned','2022-09-22 01:28:07','2022-09-22 01:28:07'),(288,1,'en','core/acl/users','view_user_profile','View user\'s profile','2022-09-22 01:28:07','2022-09-22 01:28:07'),(289,1,'vi','core/acl/auth','login.username','Email/Tên truy cập','2022-09-22 01:28:07','2022-09-22 01:28:07'),(290,1,'vi','core/acl/auth','login.password','Mật khẩu','2022-09-22 01:28:07','2022-09-22 01:28:07'),(291,1,'vi','core/acl/auth','login.title','Đăng nhập vào quản trị','2022-09-22 01:28:07','2022-09-22 01:28:07'),(292,1,'vi','core/acl/auth','login.remember','Nhớ mật khẩu?','2022-09-22 01:28:07','2022-09-22 01:28:07'),(293,1,'vi','core/acl/auth','login.login','Đăng nhập','2022-09-22 01:28:07','2022-09-22 01:28:07'),(294,1,'vi','core/acl/auth','login.placeholder.username','Vui lòng nhập tên truy cập','2022-09-22 01:28:07','2022-09-22 01:28:07'),(295,1,'vi','core/acl/auth','login.placeholder.email','Vui lòng nhập email','2022-09-22 01:28:07','2022-09-22 01:28:07'),(296,1,'vi','core/acl/auth','login.success','Đăng nhập thành công!','2022-09-22 01:28:07','2022-09-22 01:28:07'),(297,1,'vi','core/acl/auth','login.fail','Sai tên truy cập hoặc mật khẩu.','2022-09-22 01:28:07','2022-09-22 01:28:07'),(298,1,'vi','core/acl/auth','login.not_active','Tài khoản của bạn chưa được kích hoạt!','2022-09-22 01:28:07','2022-09-22 01:28:07'),(299,1,'vi','core/acl/auth','login.banned','Tài khoản này đã bị khóa.','2022-09-22 01:28:07','2022-09-22 01:28:07'),(300,1,'vi','core/acl/auth','login.logout_success','Đăng xuất thành công!','2022-09-22 01:28:07','2022-09-22 01:28:07'),(301,1,'vi','core/acl/auth','login.dont_have_account','Bạn không có tài khoản trong hệ thống, vui lòng liên hệ quản trị viên!','2022-09-22 01:28:07','2022-09-22 01:28:07'),(302,1,'vi','core/acl/auth','login.email','Email','2022-09-22 01:28:07','2022-09-22 01:28:07'),(303,1,'vi','core/acl/auth','forgot_password.title','Quên mật khẩu','2022-09-22 01:28:07','2022-09-22 01:28:07'),(304,1,'vi','core/acl/auth','forgot_password.message','<p>Quên mật khẩu?</p><p>Vui lòng nhập email đăng nhập tài khoản của bạn để hệ thống gửi liên kết khôi phục mật khẩu.</p>','2022-09-22 01:28:07','2022-09-22 01:28:07'),(305,1,'vi','core/acl/auth','forgot_password.submit','Hoàn tất','2022-09-22 01:28:07','2022-09-22 01:28:07'),(306,1,'vi','core/acl/auth','reset.new_password','Mật khẩu mới','2022-09-22 01:28:07','2022-09-22 01:28:07'),(307,1,'vi','core/acl/auth','reset.title','Khôi phục mật khẩu','2022-09-22 01:28:07','2022-09-22 01:28:07'),(308,1,'vi','core/acl/auth','reset.update','Cập nhật','2022-09-22 01:28:07','2022-09-22 01:28:07'),(309,1,'vi','core/acl/auth','reset.wrong_token','Liên kết này không chính xác hoặc đã hết hiệu lực, vui lòng yêu cầu khôi phục mật khẩu lại!','2022-09-22 01:28:07','2022-09-22 01:28:07'),(310,1,'vi','core/acl/auth','reset.user_not_found','Tên đăng nhập không tồn tại.','2022-09-22 01:28:07','2022-09-22 01:28:07'),(311,1,'vi','core/acl/auth','reset.success','Khôi phục mật khẩu thành công!','2022-09-22 01:28:07','2022-09-22 01:28:07'),(312,1,'vi','core/acl/auth','reset.fail','Token không hợp lệ hoặc liên kết khôi phục mật khẩu đã hết thời gian hiệu lực!','2022-09-22 01:28:07','2022-09-22 01:28:07'),(313,1,'vi','core/acl/auth','reset.reset.title','Email khôi phục mật khẩu','2022-09-22 01:28:07','2022-09-22 01:28:07'),(314,1,'vi','core/acl/auth','reset.send.success','Một email khôi phục mật khẩu đã được gửi tới email của bạn, vui lòng kiểm tra và hoàn tất yêu cầu.','2022-09-22 01:28:07','2022-09-22 01:28:07'),(315,1,'vi','core/acl/auth','reset.send.fail','Không thể gửi email trong lúc này. Vui lòng thực hiện lại sau.','2022-09-22 01:28:07','2022-09-22 01:28:07'),(316,1,'vi','core/acl/auth','reset.new-password','Mật khẩu mới','2022-09-22 01:28:07','2022-09-22 01:28:07'),(317,1,'vi','core/acl/auth','reset.email','Email','2022-09-22 01:28:07','2022-09-22 01:28:07'),(318,1,'vi','core/acl/auth','reset.password_confirmation','Xác nhận mật khẩu mới','2022-09-22 01:28:07','2022-09-22 01:28:07'),(319,1,'vi','core/acl/auth','email.reminder.title','Email khôi phục mật khẩu','2022-09-22 01:28:07','2022-09-22 01:28:07'),(320,1,'vi','core/acl/auth','failed','Không thành công','2022-09-22 01:28:07','2022-09-22 01:28:07'),(321,1,'vi','core/acl/auth','throttle','Throttle','2022-09-22 01:28:07','2022-09-22 01:28:07'),(322,1,'vi','core/acl/auth','back_to_login','Quay lại trang đăng nhập','2022-09-22 01:28:07','2022-09-22 01:28:07'),(323,1,'vi','core/acl/auth','login_title','Đăng nhập vào quản trị','2022-09-22 01:28:07','2022-09-22 01:28:07'),(324,1,'vi','core/acl/auth','login_via_social','Đăng nhập thông qua mạng xã hội','2022-09-22 01:28:07','2022-09-22 01:28:07'),(325,1,'vi','core/acl/auth','lost_your_password','Quên mật khẩu?','2022-09-22 01:28:07','2022-09-22 01:28:07'),(326,1,'vi','core/acl/auth','not_member','Chưa là thành viên?','2022-09-22 01:28:07','2022-09-22 01:28:07'),(327,1,'vi','core/acl/auth','register_now','Đăng ký ngay','2022-09-22 01:28:07','2022-09-22 01:28:07'),(328,1,'vi','core/acl/auth','languages','Ngôn ngữ','2022-09-22 01:28:07','2022-09-22 01:28:07'),(329,1,'vi','core/acl/auth','password_confirmation','Xác nhận mật khẩu','2022-09-22 01:28:07','2022-09-22 01:28:07'),(330,1,'vi','core/acl/auth','reset_password','Khôi phục mật khẩu','2022-09-22 01:28:07','2022-09-22 01:28:07'),(331,1,'vi','core/acl/auth','sign_in_below','Đăng nhập','2022-09-22 01:28:07','2022-09-22 01:28:07'),(332,1,'vi','core/acl/permissions','notices.role_in_use','Không thể xóa quyền người dùng này vì nó đang được sử dụng!','2022-09-22 01:28:07','2022-09-22 01:28:07'),(333,1,'vi','core/acl/permissions','notices.role_delete_belong_user','Không thể xóa quyền hạn này vì nó thuộc về người khác!','2022-09-22 01:28:07','2022-09-22 01:28:07'),(334,1,'vi','core/acl/permissions','notices.role_edit_belong_user','Bạn không được phép sửa quyền này vì nó thuộc về người khác','2022-09-22 01:28:07','2022-09-22 01:28:07'),(335,1,'vi','core/acl/permissions','notices.delete_global_role','Bạn không thể xóa quyền người dùng hệ thống!','2022-09-22 01:28:07','2022-09-22 01:28:07'),(336,1,'vi','core/acl/permissions','notices.delete_success','Quyền người dùng đã được xóa!','2022-09-22 01:28:07','2022-09-22 01:28:07'),(337,1,'vi','core/acl/permissions','notices.modified_success','Quyền người dùng đã được cập nhật thành công!','2022-09-22 01:28:07','2022-09-22 01:28:07'),(338,1,'vi','core/acl/permissions','notices.create_success','Quyền người dùng mới đã được tạo thành công!','2022-09-22 01:28:07','2022-09-22 01:28:07'),(339,1,'vi','core/acl/permissions','notices.duplicated_success','Quyền người dùng đã được sao chép thành công!','2022-09-22 01:28:07','2022-09-22 01:28:07'),(340,1,'vi','core/acl/permissions','notices.no_select','Hãy chọn ít nhất một quyền người dùng để thực hiện hành động này!','2022-09-22 01:28:07','2022-09-22 01:28:07'),(341,1,'vi','core/acl/permissions','notices.not_found','Không tìm thấy quyền người dùng này','2022-09-22 01:28:07','2022-09-22 01:28:07'),(342,1,'vi','core/acl/permissions','name','Tên','2022-09-22 01:28:07','2022-09-22 01:28:07'),(343,1,'vi','core/acl/permissions','current_role','Quyền hiện tại','2022-09-22 01:28:07','2022-09-22 01:28:07'),(344,1,'vi','core/acl/permissions','no_role_assigned','Không có quyền hạn nào','2022-09-22 01:28:07','2022-09-22 01:28:07'),(345,1,'vi','core/acl/permissions','role_assigned','Quyền đã được gán','2022-09-22 01:28:07','2022-09-22 01:28:07'),(346,1,'vi','core/acl/permissions','create_role','Tạo quyền mới','2022-09-22 01:28:07','2022-09-22 01:28:07'),(347,1,'vi','core/acl/permissions','role_name','Tên','2022-09-22 01:28:07','2022-09-22 01:28:07'),(348,1,'vi','core/acl/permissions','role_description','Mô tả','2022-09-22 01:28:07','2022-09-22 01:28:07'),(349,1,'vi','core/acl/permissions','permission_flags','Cờ đánh dấu quyền hạn','2022-09-22 01:28:07','2022-09-22 01:28:07'),(350,1,'vi','core/acl/permissions','cancel','Hủy bỏ','2022-09-22 01:28:07','2022-09-22 01:28:07'),(351,1,'vi','core/acl/permissions','reset','Làm lại','2022-09-22 01:28:07','2022-09-22 01:28:07'),(352,1,'vi','core/acl/permissions','save','Lưu','2022-09-22 01:28:07','2022-09-22 01:28:07'),(353,1,'vi','core/acl/permissions','global_role_msg','Đây là một phân quyền toàn cục và không thể thay đổi.  Bạn có thể sử dụng nút \"Nhân bản\" để tạo một bản sao chép cho phân quyền này và chỉnh sửa.','2022-09-22 01:28:07','2022-09-22 01:28:07'),(354,1,'vi','core/acl/permissions','details','Chi tiết','2022-09-22 01:28:07','2022-09-22 01:28:07'),(355,1,'vi','core/acl/permissions','duplicate','Nhân bản','2022-09-22 01:28:07','2022-09-22 01:28:07'),(356,1,'vi','core/acl/permissions','all','Tất cả phân quyền','2022-09-22 01:28:07','2022-09-22 01:28:07'),(357,1,'vi','core/acl/permissions','list_role','Danh sách quyền','2022-09-22 01:28:07','2022-09-22 01:28:07'),(358,1,'vi','core/acl/permissions','created_on','Ngày tạo','2022-09-22 01:28:07','2022-09-22 01:28:07'),(359,1,'vi','core/acl/permissions','created_by','Được tạo bởi','2022-09-22 01:28:07','2022-09-22 01:28:07'),(360,1,'vi','core/acl/permissions','actions','Tác vụ','2022-09-22 01:28:07','2022-09-22 01:28:07'),(361,1,'vi','core/acl/permissions','create_success','Tạo thành công!','2022-09-22 01:28:08','2022-09-22 01:28:08'),(362,1,'vi','core/acl/permissions','delete_global_role','Không thể xóa quyền hệ thống','2022-09-22 01:28:08','2022-09-22 01:28:08'),(363,1,'vi','core/acl/permissions','delete_success','Xóa quyền thành công','2022-09-22 01:28:08','2022-09-22 01:28:08'),(364,1,'vi','core/acl/permissions','duplicated_success','Nhân bản thành công','2022-09-22 01:28:08','2022-09-22 01:28:08'),(365,1,'vi','core/acl/permissions','modified_success','Sửa thành công','2022-09-22 01:28:08','2022-09-22 01:28:08'),(366,1,'vi','core/acl/permissions','no_select','Hãy chọn ít nhất một quyền để thực hiện hành động này!','2022-09-22 01:28:08','2022-09-22 01:28:08'),(367,1,'vi','core/acl/permissions','not_found','Không tìm thấy quyền thành viên nào!','2022-09-22 01:28:08','2022-09-22 01:28:08'),(368,1,'vi','core/acl/permissions','options','Tùy chọn','2022-09-22 01:28:08','2022-09-22 01:28:08'),(369,1,'vi','core/acl/permissions','role_delete_belong_user','Không thể xóa quyền hạn này vì nó thuộc về người khác!','2022-09-22 01:28:08','2022-09-22 01:28:08'),(370,1,'vi','core/acl/permissions','role_edit_belong_user','Bạn không được phép sửa quyền này vì nó thuộc về người khác','2022-09-22 01:28:08','2022-09-22 01:28:08'),(371,1,'vi','core/acl/permissions','role_in_use','Không thể xóa quyền người dùng này vì nó đang được sử dụng!','2022-09-22 01:28:08','2022-09-22 01:28:08'),(372,1,'vi','core/acl/permissions','access_denied_message','Bạn không có quyền sử dụng chức năng này!','2022-09-22 01:28:08','2022-09-22 01:28:08'),(373,1,'vi','core/acl/permissions','roles','Quyền','2022-09-22 01:28:08','2022-09-22 01:28:08'),(374,1,'vi','core/acl/permissions','role_permission','Nhóm và phân quyền','2022-09-22 01:28:08','2022-09-22 01:28:08'),(375,1,'vi','core/acl/permissions','user_management','Quản lý người dùng hệ thống','2022-09-22 01:28:08','2022-09-22 01:28:08'),(376,1,'vi','core/acl/permissions','super_user_management','Quản lý người dùng cấp cao','2022-09-22 01:28:08','2022-09-22 01:28:08'),(377,1,'vi','core/acl/permissions','action_unauthorized','Hành động này không được phép','2022-09-22 01:28:08','2022-09-22 01:28:08'),(378,1,'vi','core/acl/reminders','password','Mật khẩu phải ít nhất 6 kí tự và trùng khớp với mật khẩu xác nhận.','2022-09-22 01:28:08','2022-09-22 01:28:08'),(379,1,'vi','core/acl/reminders','user','Hệ thống không thể tìm thấy tài khoản với email này.','2022-09-22 01:28:08','2022-09-22 01:28:08'),(380,1,'vi','core/acl/reminders','token','Mã khôi phục mật khẩu này không hợp lệ.','2022-09-22 01:28:08','2022-09-22 01:28:08'),(381,1,'vi','core/acl/reminders','sent','Liên kết khôi phục mật khẩu đã được gửi!','2022-09-22 01:28:08','2022-09-22 01:28:08'),(382,1,'vi','core/acl/reminders','reset','Mật khẩu đã được thay đổi!','2022-09-22 01:28:08','2022-09-22 01:28:08'),(383,1,'vi','core/acl/users','delete_user_logged_in','Không thể xóa người dùng đang đăng nhập hệ thống!','2022-09-22 01:28:08','2022-09-22 01:28:08'),(384,1,'vi','core/acl/users','no_select','Hãy chọn ít nhất một trường để thực hiện hành động này!','2022-09-22 01:28:08','2022-09-22 01:28:08'),(385,1,'vi','core/acl/users','lock_user_logged_in','Không thể khóa người dùng đang đăng nhập hệ thống!','2022-09-22 01:28:08','2022-09-22 01:28:08'),(386,1,'vi','core/acl/users','update_success','Cập nhật trạng thái thành công!','2022-09-22 01:28:08','2022-09-22 01:28:08'),(387,1,'vi','core/acl/users','save_setting_failed','Có lỗi xảy ra trong quá trình lưu cài đặt của người dùng','2022-09-22 01:28:08','2022-09-22 01:28:08'),(388,1,'vi','core/acl/users','not_found','Không tìm thấy người dùng','2022-09-22 01:28:08','2022-09-22 01:28:08'),(389,1,'vi','core/acl/users','email_exist','Email này đã được sử dụng bởi người dùng khác trong hệ thống','2022-09-22 01:28:08','2022-09-22 01:28:08'),(390,1,'vi','core/acl/users','username_exist','Tên đăng nhập này đã được sử dụng bởi người dùng khác trong hệ thống','2022-09-22 01:28:08','2022-09-22 01:28:08'),(391,1,'vi','core/acl/users','update_profile_success','Thông tin tài khoản của bạn đã được cập nhật thành công','2022-09-22 01:28:08','2022-09-22 01:28:08'),(392,1,'vi','core/acl/users','password_update_success','Cập nhật mật khẩu thành công','2022-09-22 01:28:08','2022-09-22 01:28:08'),(393,1,'vi','core/acl/users','current_password_not_valid','Mật khẩu hiện tại không chính xác','2022-09-22 01:28:08','2022-09-22 01:28:08'),(394,1,'vi','core/acl/users','user_exist_in','Người dùng đã là thành viên','2022-09-22 01:28:08','2022-09-22 01:28:08'),(395,1,'vi','core/acl/users','email','Email','2022-09-22 01:28:08','2022-09-22 01:28:08'),(396,1,'vi','core/acl/users','username','Tên đăng nhập','2022-09-22 01:28:08','2022-09-22 01:28:08'),(397,1,'vi','core/acl/users','role','Phân quyền','2022-09-22 01:28:08','2022-09-22 01:28:08'),(398,1,'vi','core/acl/users','first_name','Họ','2022-09-22 01:28:08','2022-09-22 01:28:08'),(399,1,'vi','core/acl/users','last_name','Tên','2022-09-22 01:28:08','2022-09-22 01:28:08'),(400,1,'vi','core/acl/users','message','Thông điệp','2022-09-22 01:28:08','2022-09-22 01:28:08'),(401,1,'vi','core/acl/users','cancel_btn','Hủy bỏ','2022-09-22 01:28:08','2022-09-22 01:28:08'),(402,1,'vi','core/acl/users','password','Mật khẩu','2022-09-22 01:28:08','2022-09-22 01:28:08'),(403,1,'vi','core/acl/users','new_password','Mật khẩu mới','2022-09-22 01:28:08','2022-09-22 01:28:08'),(404,1,'vi','core/acl/users','save','Lưu','2022-09-22 01:28:08','2022-09-22 01:28:08'),(405,1,'vi','core/acl/users','confirm_new_password','Xác nhận mật khẩu mới','2022-09-22 01:28:08','2022-09-22 01:28:08'),(406,1,'vi','core/acl/users','deleted','Xóa thành viên thành công','2022-09-22 01:28:08','2022-09-22 01:28:08'),(407,1,'vi','core/acl/users','cannot_delete','Không thể xóa thành viên','2022-09-22 01:28:08','2022-09-22 01:28:08'),(408,1,'vi','core/acl/users','last_login','Lần cuối đăng nhập','2022-09-22 01:28:08','2022-09-22 01:28:08'),(409,1,'vi','core/acl/users','error_update_profile_image','Có lỗi trong quá trình đổi ảnh đại diện','2022-09-22 01:28:08','2022-09-22 01:28:08'),(410,1,'vi','core/acl/users','email_reminder_template','<h3>Xin chào :name</h3><p>Hệ thống vừa nhận được yêu cầu khôi phục mật khẩu cho tài khoản của bạn, để hoàn tất tác vụ này vui lòng click vào đường link bên dưới.</p><p><a href=\":link\">Khôi phục mật khẩu</a></p><p>Nếu không phải bạn yêu cầu khôi phục mật khẩu, vui lòng bỏ qua email này.</p><p>Email này có giá trị trong vòng 60 phút kể từ lúc nhận được email.</p>','2022-09-22 01:28:08','2022-09-22 01:28:08'),(411,1,'vi','core/acl/users','change_profile_image','Thay đổi ảnh đại diện','2022-09-22 01:28:08','2022-09-22 01:28:08'),(412,1,'vi','core/acl/users','new_image','Ảnh mới','2022-09-22 01:28:08','2022-09-22 01:28:08'),(413,1,'vi','core/acl/users','loading','Đang tải','2022-09-22 01:28:08','2022-09-22 01:28:08'),(414,1,'vi','core/acl/users','close','Đóng','2022-09-22 01:28:08','2022-09-22 01:28:08'),(415,1,'vi','core/acl/users','update','Cập nhật','2022-09-22 01:28:08','2022-09-22 01:28:08'),(416,1,'vi','core/acl/users','read_image_failed','Không đọc được nội dung của hình ảnh','2022-09-22 01:28:08','2022-09-22 01:28:08'),(417,1,'vi','core/acl/users','update_avatar_success','Cập nhật ảnh đại diện thành công!','2022-09-22 01:28:08','2022-09-22 01:28:08'),(418,1,'vi','core/acl/users','users','Quản trị viên','2022-09-22 01:28:08','2022-09-22 01:28:08'),(419,1,'vi','core/acl/users','info.title','Thông tin người dùng','2022-09-22 01:28:08','2022-09-22 01:28:08'),(420,1,'vi','core/acl/users','info.first_name','Họ','2022-09-22 01:28:08','2022-09-22 01:28:08'),(421,1,'vi','core/acl/users','info.last_name','Tên','2022-09-22 01:28:08','2022-09-22 01:28:08'),(422,1,'vi','core/acl/users','statuses.activated','Đang hoạt động','2022-09-22 01:28:08','2022-09-22 01:28:08'),(423,1,'vi','core/acl/users','statuses.deactivated','Đã khoá','2022-09-22 01:28:08','2022-09-22 01:28:08'),(424,1,'vi','core/acl/users','change_password','Thay đổi mật khẩu','2022-09-22 01:28:08','2022-09-22 01:28:08'),(425,1,'vi','core/acl/users','current_password','Mật khẩu hiện tại','2022-09-22 01:28:08','2022-09-22 01:28:08'),(426,1,'vi','core/acl/users','make_super','Thiết lập quyền cao nhất','2022-09-22 01:28:08','2022-09-22 01:28:08'),(427,1,'vi','core/acl/users','remove_super','Loại bỏ quyền cao nhất','2022-09-22 01:28:08','2022-09-22 01:28:08'),(428,1,'vi','core/acl/users','is_super','Quyền cao nhất?','2022-09-22 01:28:08','2022-09-22 01:28:08'),(429,1,'vi','core/acl/users','email_placeholder','Ex: example@gmail.com','2022-09-22 01:28:08','2022-09-22 01:28:08'),(430,1,'vi','core/acl/users','password_confirmation','Nhập lại mật khẩu','2022-09-22 01:28:08','2022-09-22 01:28:08'),(431,1,'vi','core/acl/users','select_role','Chọn nhóm','2022-09-22 01:28:08','2022-09-22 01:28:08'),(432,1,'vi','core/acl/users','create_new_user','Tạo tài khoản quản trị viên mới','2022-09-22 01:28:08','2022-09-22 01:28:08'),(433,1,'vi','core/acl/users','cannot_delete_super_user','Vượt quyền hạn, không thể xoá quản trị viên cấp cao nhất!','2022-09-22 01:28:08','2022-09-22 01:28:08'),(434,1,'vi','core/acl/users','assigned_role','Cấp quyền','2022-09-22 01:28:08','2022-09-22 01:28:08'),(435,1,'vi','core/acl/users','total_users','Tổng số người dùng','2022-09-22 01:28:08','2022-09-22 01:28:08'),(436,1,'vi','core/acl/users','view_user_profile','Xem thông tin người dùng','2022-09-22 01:28:08','2022-09-22 01:28:08'),(437,1,'vi','core/acl/users','no_role_assigned','Chưa có quyền nào','2022-09-22 01:28:08','2022-09-22 01:28:08'),(438,1,'en','core/base/base','yes','Yes','2022-09-22 01:28:08','2022-09-22 01:28:08'),(439,1,'en','core/base/base','no','No','2022-09-22 01:28:08','2022-09-22 01:28:08'),(440,1,'en','core/base/base','is_default','Is default?','2022-09-22 01:28:08','2022-09-22 01:28:08'),(441,1,'en','core/base/base','proc_close_disabled_error','Function proc_close() is disabled. Please contact your hosting provider to enable\n    it. Or you can add to .env: CAN_EXECUTE_COMMAND=false to disable this feature.','2022-09-22 01:28:08','2022-09-22 01:28:08'),(442,1,'en','core/base/base','email_template.header','Email template header','2022-09-22 01:28:08','2022-09-22 01:28:08'),(443,1,'en','core/base/base','email_template.footer','Email template footer','2022-09-22 01:28:08','2022-09-22 01:28:08'),(444,1,'en','core/base/base','email_template.site_title','Site title','2022-09-22 01:28:08','2022-09-22 01:28:08'),(445,1,'en','core/base/base','email_template.site_url','Site URL','2022-09-22 01:28:08','2022-09-22 01:28:08'),(446,1,'en','core/base/base','email_template.site_logo','Site Logo','2022-09-22 01:28:08','2022-09-22 01:28:08'),(447,1,'en','core/base/base','email_template.date_time','Current date time','2022-09-22 01:28:08','2022-09-22 01:28:08'),(448,1,'en','core/base/base','email_template.date_year','Current year','2022-09-22 01:28:08','2022-09-22 01:28:08'),(449,1,'en','core/base/base','email_template.site_admin_email','Site admin email','2022-09-22 01:28:08','2022-09-22 01:28:08'),(450,1,'en','core/base/base','change_image','Change image','2022-09-22 01:28:08','2022-09-22 01:28:08'),(451,1,'en','core/base/base','delete_image','Delete image','2022-09-22 01:28:08','2022-09-22 01:28:08'),(452,1,'en','core/base/base','preview_image','Preview image','2022-09-22 01:28:08','2022-09-22 01:28:08'),(453,1,'en','core/base/base','image','Image','2022-09-22 01:28:08','2022-09-22 01:28:08'),(454,1,'en','core/base/base','using_button','Using button','2022-09-22 01:28:08','2022-09-22 01:28:08'),(455,1,'en','core/base/base','select_image','Select image','2022-09-22 01:28:08','2022-09-22 01:28:08'),(456,1,'en','core/base/base','to_add_more_image','to add more images','2022-09-22 01:28:08','2022-09-22 01:28:08'),(457,1,'en','core/base/base','add_image','Add image','2022-09-22 01:28:08','2022-09-22 01:28:08'),(458,1,'en','core/base/base','tools','Tools','2022-09-22 01:28:08','2022-09-22 01:28:08'),(459,1,'en','core/base/cache','cache_management','Cache management','2022-09-22 01:28:08','2022-09-22 01:28:08'),(460,1,'en','core/base/cache','cache_commands','Clear cache commands','2022-09-22 01:28:08','2022-09-22 01:28:08'),(461,1,'en','core/base/cache','commands.clear_cms_cache.title','Clear all CMS cache','2022-09-22 01:28:08','2022-09-22 01:28:08'),(462,1,'en','core/base/cache','commands.clear_cms_cache.description','Clear CMS caching: database caching, static blocks... Run this command when you don\'t see the changes after updating data.','2022-09-22 01:28:08','2022-09-22 01:28:08'),(463,1,'en','core/base/cache','commands.clear_cms_cache.success_msg','Cache cleaned','2022-09-22 01:28:08','2022-09-22 01:28:08'),(464,1,'en','core/base/cache','commands.refresh_compiled_views.title','Refresh compiled views','2022-09-22 01:28:08','2022-09-22 01:28:08'),(465,1,'en','core/base/cache','commands.refresh_compiled_views.description','Clear compiled views to make views up to date.','2022-09-22 01:28:08','2022-09-22 01:28:08'),(466,1,'en','core/base/cache','commands.refresh_compiled_views.success_msg','Cache view refreshed','2022-09-22 01:28:08','2022-09-22 01:28:08'),(467,1,'en','core/base/cache','commands.clear_config_cache.title','Clear config cache','2022-09-22 01:28:08','2022-09-22 01:28:08'),(468,1,'en','core/base/cache','commands.clear_config_cache.description','You might need to refresh the config caching when you change something on production environment.','2022-09-22 01:28:08','2022-09-22 01:28:08'),(469,1,'en','core/base/cache','commands.clear_config_cache.success_msg','Config cache cleaned','2022-09-22 01:28:08','2022-09-22 01:28:08'),(470,1,'en','core/base/cache','commands.clear_route_cache.title','Clear route cache','2022-09-22 01:28:08','2022-09-22 01:28:08'),(471,1,'en','core/base/cache','commands.clear_route_cache.description','Clear cache routing.','2022-09-22 01:28:08','2022-09-22 01:28:08'),(472,1,'en','core/base/cache','commands.clear_route_cache.success_msg','The route cache has been cleaned','2022-09-22 01:28:08','2022-09-22 01:28:08'),(473,1,'en','core/base/cache','commands.clear_log.title','Clear log','2022-09-22 01:28:08','2022-09-22 01:28:08'),(474,1,'en','core/base/cache','commands.clear_log.description','Clear system log files','2022-09-22 01:28:08','2022-09-22 01:28:08'),(475,1,'en','core/base/cache','commands.clear_log.success_msg','The system log has been cleaned','2022-09-22 01:28:08','2022-09-22 01:28:08'),(476,1,'en','core/base/enums','statuses.draft','Draft','2022-09-22 01:28:08','2022-09-22 01:28:08'),(477,1,'en','core/base/enums','statuses.pending','Pending','2022-09-22 01:28:08','2022-09-22 01:28:08'),(478,1,'en','core/base/enums','statuses.published','Published','2022-09-22 01:28:08','2022-09-22 01:28:08'),(479,1,'en','core/base/errors','401_title','Permission Denied','2022-09-22 01:28:08','2022-09-22 01:28:08'),(480,1,'en','core/base/errors','401_msg','<li>You have not been granted access to the section by the administrator.</li>\n	                <li>You may have the wrong account type.</li>\n	                <li>You are not authorized to view the requested resource.</li>\n	                <li>Your subscription may have expired.</li>','2022-09-22 01:28:08','2022-09-22 01:28:08'),(481,1,'en','core/base/errors','404_title','Page could not be found','2022-09-22 01:28:08','2022-09-22 01:28:08'),(482,1,'en','core/base/errors','404_msg','<li>The page you requested does not exist.</li>\n	                <li>The link you clicked is no longer.</li>\n	                <li>The page may have moved to a new location.</li>\n	                <li>An error may have occurred.</li>\n	                <li>You are not authorized to view the requested resource.</li>','2022-09-22 01:28:08','2022-09-22 01:28:08'),(483,1,'en','core/base/errors','500_title','Page could not be loaded','2022-09-22 01:28:08','2022-09-22 01:28:08'),(484,1,'en','core/base/errors','500_msg','<li>The page you requested does not exist.</li>\n	                <li>The link you clicked is no longer.</li>\n	                <li>The page may have moved to a new location.</li>\n	                <li>An error may have occurred.</li>\n	                <li>You are not authorized to view the requested resource.</li>','2022-09-22 01:28:08','2022-09-22 01:28:08'),(485,1,'en','core/base/errors','reasons','This may have occurred because of several reasons','2022-09-22 01:28:08','2022-09-22 01:28:08'),(486,1,'en','core/base/errors','try_again','Please try again in a few minutes, or alternatively return to the homepage by <a href=\"http://nest.test/admin\">clicking here</a>.','2022-09-22 01:28:08','2022-09-22 01:28:08'),(487,1,'en','core/base/errors','not_found','Not Found','2022-09-22 01:28:08','2022-09-22 01:28:08'),(488,1,'en','core/base/forms','choose_image','Choose image','2022-09-22 01:28:08','2022-09-22 01:28:08'),(489,1,'en','core/base/forms','actions','Actions','2022-09-22 01:28:08','2022-09-22 01:28:08'),(490,1,'en','core/base/forms','save','Save','2022-09-22 01:28:08','2022-09-22 01:28:08'),(491,1,'en','core/base/forms','save_and_continue','Save & Edit','2022-09-22 01:28:08','2022-09-22 01:28:08'),(492,1,'en','core/base/forms','image','Image','2022-09-22 01:28:08','2022-09-22 01:28:08'),(493,1,'en','core/base/forms','image_placeholder','Insert path of image or click upload button','2022-09-22 01:28:08','2022-09-22 01:28:08'),(494,1,'en','core/base/forms','create','Create','2022-09-22 01:28:08','2022-09-22 01:28:08'),(495,1,'en','core/base/forms','edit','Edit','2022-09-22 01:28:08','2022-09-22 01:28:08'),(496,1,'en','core/base/forms','permalink','Permalink','2022-09-22 01:28:08','2022-09-22 01:28:08'),(497,1,'en','core/base/forms','ok','OK','2022-09-22 01:28:08','2022-09-22 01:28:08'),(498,1,'en','core/base/forms','cancel','Cancel','2022-09-22 01:28:08','2022-09-22 01:28:08'),(499,1,'en','core/base/forms','character_remain','character(s) remain','2022-09-22 01:28:08','2022-09-22 01:28:08'),(500,1,'en','core/base/forms','template','Template','2022-09-22 01:28:08','2022-09-22 01:28:08'),(501,1,'en','core/base/forms','choose_file','Choose file','2022-09-22 01:28:08','2022-09-22 01:28:08'),(502,1,'en','core/base/forms','file','File','2022-09-22 01:28:08','2022-09-22 01:28:08'),(503,1,'en','core/base/forms','content','Content','2022-09-22 01:28:08','2022-09-22 01:28:08'),(504,1,'en','core/base/forms','description','Description','2022-09-22 01:28:08','2022-09-22 01:28:08'),(505,1,'en','core/base/forms','name','Name','2022-09-22 01:28:08','2022-09-22 01:28:08'),(506,1,'en','core/base/forms','slug','Slug','2022-09-22 01:28:08','2022-09-22 01:28:08'),(507,1,'en','core/base/forms','title','Title','2022-09-22 01:28:08','2022-09-22 01:28:08'),(508,1,'en','core/base/forms','value','Value','2022-09-22 01:28:08','2022-09-22 01:28:08'),(509,1,'en','core/base/forms','name_placeholder','Name','2022-09-22 01:28:08','2022-09-22 01:28:08'),(510,1,'en','core/base/forms','alias_placeholder','Alias','2022-09-22 01:28:08','2022-09-22 01:28:08'),(511,1,'en','core/base/forms','description_placeholder','Short description','2022-09-22 01:28:08','2022-09-22 01:28:08'),(512,1,'en','core/base/forms','parent','Parent','2022-09-22 01:28:08','2022-09-22 01:28:08'),(513,1,'en','core/base/forms','icon','Icon','2022-09-22 01:28:08','2022-09-22 01:28:08'),(514,1,'en','core/base/forms','icon_placeholder','Ex: fa fa-home','2022-09-22 01:28:08','2022-09-22 01:28:08'),(515,1,'en','core/base/forms','order_by','Order by','2022-09-22 01:28:08','2022-09-22 01:28:08'),(516,1,'en','core/base/forms','order_by_placeholder','Order by','2022-09-22 01:28:08','2022-09-22 01:28:08'),(517,1,'en','core/base/forms','is_featured','Is featured?','2022-09-22 01:28:08','2022-09-22 01:28:08'),(518,1,'en','core/base/forms','is_default','Is default?','2022-09-22 01:28:08','2022-09-22 01:28:08'),(519,1,'en','core/base/forms','update','Update','2022-09-22 01:28:08','2022-09-22 01:28:08'),(520,1,'en','core/base/forms','publish','Publish','2022-09-22 01:28:08','2022-09-22 01:28:08'),(521,1,'en','core/base/forms','remove_image','Remove image','2022-09-22 01:28:08','2022-09-22 01:28:08'),(522,1,'en','core/base/forms','remove_file','Remove file','2022-09-22 01:28:08','2022-09-22 01:28:08'),(523,1,'en','core/base/forms','order','Order','2022-09-22 01:28:08','2022-09-22 01:28:08'),(524,1,'en','core/base/forms','alias','Alias','2022-09-22 01:28:08','2022-09-22 01:28:08'),(525,1,'en','core/base/forms','basic_information','Basic information','2022-09-22 01:28:08','2022-09-22 01:28:08'),(526,1,'en','core/base/forms','short_code','Shortcode','2022-09-22 01:28:08','2022-09-22 01:28:08'),(527,1,'en','core/base/forms','add_short_code','Add a shortcode','2022-09-22 01:28:08','2022-09-22 01:28:08'),(528,1,'en','core/base/forms','add','Add','2022-09-22 01:28:08','2022-09-22 01:28:08'),(529,1,'en','core/base/forms','link','Link','2022-09-22 01:28:08','2022-09-22 01:28:08'),(530,1,'en','core/base/forms','show_hide_editor','Show/Hide Editor','2022-09-22 01:28:08','2022-09-22 01:28:08'),(531,1,'en','core/base/forms','basic_info_title','Basic information','2022-09-22 01:28:08','2022-09-22 01:28:08'),(532,1,'en','core/base/forms','expand_all','Expand all','2022-09-22 01:28:08','2022-09-22 01:28:08'),(533,1,'en','core/base/forms','collapse_all','Collapse all','2022-09-22 01:28:08','2022-09-22 01:28:08'),(534,1,'en','core/base/forms','view_new_tab','Open in new tab','2022-09-22 01:28:08','2022-09-22 01:28:08'),(535,1,'en','core/base/layouts','platform_admin','Platform Administration','2022-09-22 01:28:08','2022-09-22 01:28:08'),(536,1,'en','core/base/layouts','dashboard','Dashboard','2022-09-22 01:28:08','2022-09-22 01:28:08'),(537,1,'en','core/base/layouts','widgets','Widgets','2022-09-22 01:28:08','2022-09-22 01:28:08'),(538,1,'en','core/base/layouts','plugins','Plugins','2022-09-22 01:28:08','2022-09-22 01:28:08'),(539,1,'en','core/base/layouts','settings','Settings','2022-09-22 01:28:08','2022-09-22 01:28:08'),(540,1,'en','core/base/layouts','setting_general','General','2022-09-22 01:28:08','2022-09-22 01:28:08'),(541,1,'en','core/base/layouts','setting_email','Email','2022-09-22 01:28:08','2022-09-22 01:28:08'),(542,1,'en','core/base/layouts','system_information','System information','2022-09-22 01:28:08','2022-09-22 01:28:08'),(543,1,'en','core/base/layouts','theme','Theme','2022-09-22 01:28:08','2022-09-22 01:28:08'),(544,1,'en','core/base/layouts','copyright','Copyright :year &copy; :company. Version: <span>:version</span>','2022-09-22 01:28:08','2022-09-22 01:28:08'),(545,1,'en','core/base/layouts','profile','Profile','2022-09-22 01:28:08','2022-09-22 01:28:08'),(546,1,'en','core/base/layouts','logout','Logout','2022-09-22 01:28:08','2022-09-22 01:28:08'),(547,1,'en','core/base/layouts','no_search_result','No results found, please try with different keywords.','2022-09-22 01:28:08','2022-09-22 01:28:08'),(548,1,'en','core/base/layouts','home','Home','2022-09-22 01:28:08','2022-09-22 01:28:08'),(549,1,'en','core/base/layouts','search','Search','2022-09-22 01:28:08','2022-09-22 01:28:08'),(550,1,'en','core/base/layouts','add_new','Add new','2022-09-22 01:28:08','2022-09-22 01:28:08'),(551,1,'en','core/base/layouts','n_a','N/A','2022-09-22 01:28:09','2022-09-22 01:28:09'),(552,1,'en','core/base/layouts','page_loaded_time','Page loaded in','2022-09-22 01:28:09','2022-09-22 01:28:09'),(553,1,'en','core/base/layouts','view_website','View website','2022-09-22 01:28:09','2022-09-22 01:28:09'),(554,1,'en','core/base/mail','send-fail','Send email failed','2022-09-22 01:28:09','2022-09-22 01:28:09'),(555,1,'en','core/base/notices','create_success_message','Created successfully','2022-09-22 01:28:09','2022-09-22 01:28:09'),(556,1,'en','core/base/notices','update_success_message','Updated successfully','2022-09-22 01:28:09','2022-09-22 01:28:09'),(557,1,'en','core/base/notices','delete_success_message','Deleted successfully','2022-09-22 01:28:09','2022-09-22 01:28:09'),(558,1,'en','core/base/notices','success_header','Success!','2022-09-22 01:28:09','2022-09-22 01:28:09'),(559,1,'en','core/base/notices','error_header','Error!','2022-09-22 01:28:09','2022-09-22 01:28:09'),(560,1,'en','core/base/notices','no_select','Please select at least one record to perform this action!','2022-09-22 01:28:09','2022-09-22 01:28:09'),(561,1,'en','core/base/notices','processing_request','We are processing your request.','2022-09-22 01:28:09','2022-09-22 01:28:09'),(562,1,'en','core/base/notices','error','Error!','2022-09-22 01:28:09','2022-09-22 01:28:09'),(563,1,'en','core/base/notices','success','Success!','2022-09-22 01:28:09','2022-09-22 01:28:09'),(564,1,'en','core/base/notices','info','Info!','2022-09-22 01:28:09','2022-09-22 01:28:09'),(565,1,'en','core/base/notices','enum.validate_message','The :attribute value you have entered is invalid.','2022-09-22 01:28:09','2022-09-22 01:28:09'),(566,1,'en','core/base/system','no_select','Please select at least one record to take this action!','2022-09-22 01:28:09','2022-09-22 01:28:09'),(567,1,'en','core/base/system','cannot_find_user','Unable to find specified user','2022-09-22 01:28:09','2022-09-22 01:28:09'),(568,1,'en','core/base/system','supper_revoked','Super user access revoked','2022-09-22 01:28:09','2022-09-22 01:28:09'),(569,1,'en','core/base/system','cannot_revoke_yourself','Can not revoke supper user access permission yourself!','2022-09-22 01:28:09','2022-09-22 01:28:09'),(570,1,'en','core/base/system','cant_remove_supper','You don\'t has permission to remove this super user','2022-09-22 01:28:09','2022-09-22 01:28:09'),(571,1,'en','core/base/system','cant_find_user_with_email','Unable to find user with specified email address','2022-09-22 01:28:09','2022-09-22 01:28:09'),(572,1,'en','core/base/system','supper_granted','Super user access granted','2022-09-22 01:28:09','2022-09-22 01:28:09'),(573,1,'en','core/base/system','delete_log_success','Delete log file successfully!','2022-09-22 01:28:09','2022-09-22 01:28:09'),(574,1,'en','core/base/system','get_member_success','Member list retrieved successfully','2022-09-22 01:28:09','2022-09-22 01:28:09'),(575,1,'en','core/base/system','error_occur','The following errors occurred','2022-09-22 01:28:09','2022-09-22 01:28:09'),(576,1,'en','core/base/system','user_management','User Management','2022-09-22 01:28:09','2022-09-22 01:28:09'),(577,1,'en','core/base/system','user_management_description','Manage users.','2022-09-22 01:28:09','2022-09-22 01:28:09'),(578,1,'en','core/base/system','role_and_permission','Roles and Permissions','2022-09-22 01:28:09','2022-09-22 01:28:09'),(579,1,'en','core/base/system','role_and_permission_description','Manage the available roles.','2022-09-22 01:28:09','2022-09-22 01:28:09'),(580,1,'en','core/base/system','user.list_super','List Super Users','2022-09-22 01:28:09','2022-09-22 01:28:09'),(581,1,'en','core/base/system','user.email','Email','2022-09-22 01:28:09','2022-09-22 01:28:09'),(582,1,'en','core/base/system','user.last_login','Last Login','2022-09-22 01:28:09','2022-09-22 01:28:09'),(583,1,'en','core/base/system','user.username','Username','2022-09-22 01:28:09','2022-09-22 01:28:09'),(584,1,'en','core/base/system','user.add_user','Add Super User','2022-09-22 01:28:09','2022-09-22 01:28:09'),(585,1,'en','core/base/system','user.cancel','Cancel','2022-09-22 01:28:09','2022-09-22 01:28:09'),(586,1,'en','core/base/system','user.create','Create','2022-09-22 01:28:09','2022-09-22 01:28:09'),(587,1,'en','core/base/system','options.features','Feature Access Control','2022-09-22 01:28:09','2022-09-22 01:28:09'),(588,1,'en','core/base/system','options.feature_description','Manage the available.','2022-09-22 01:28:09','2022-09-22 01:28:09'),(589,1,'en','core/base/system','options.manage_super','Super User Management','2022-09-22 01:28:09','2022-09-22 01:28:09'),(590,1,'en','core/base/system','options.manage_super_description','Add/remove super users.','2022-09-22 01:28:09','2022-09-22 01:28:09'),(591,1,'en','core/base/system','options.info','System information','2022-09-22 01:28:09','2022-09-22 01:28:09'),(592,1,'en','core/base/system','options.info_description','All information about current system configuration.','2022-09-22 01:28:09','2022-09-22 01:28:09'),(593,1,'en','core/base/system','info.title','System information','2022-09-22 01:28:09','2022-09-22 01:28:09'),(594,1,'en','core/base/system','info.cache','Cache','2022-09-22 01:28:09','2022-09-22 01:28:09'),(595,1,'en','core/base/system','info.locale','Active locale','2022-09-22 01:28:09','2022-09-22 01:28:09'),(596,1,'en','core/base/system','info.environment','Environment','2022-09-22 01:28:09','2022-09-22 01:28:09'),(597,1,'en','core/base/system','disabled_in_demo_mode','You cannot do it in demo mode!','2022-09-22 01:28:09','2022-09-22 01:28:09'),(598,1,'en','core/base/system','report_description','Please share this information for troubleshooting','2022-09-22 01:28:09','2022-09-22 01:28:09'),(599,1,'en','core/base/system','get_system_report','Get System Report','2022-09-22 01:28:09','2022-09-22 01:28:09'),(600,1,'en','core/base/system','system_environment','System Environment','2022-09-22 01:28:09','2022-09-22 01:28:09'),(601,1,'en','core/base/system','framework_version','Framework Version','2022-09-22 01:28:09','2022-09-22 01:28:09'),(602,1,'en','core/base/system','timezone','Timezone','2022-09-22 01:28:09','2022-09-22 01:28:09'),(603,1,'en','core/base/system','debug_mode','Debug Mode','2022-09-22 01:28:09','2022-09-22 01:28:09'),(604,1,'en','core/base/system','storage_dir_writable','Storage Dir Writable','2022-09-22 01:28:09','2022-09-22 01:28:09'),(605,1,'en','core/base/system','cache_dir_writable','Cache Dir Writable','2022-09-22 01:28:09','2022-09-22 01:28:09'),(606,1,'en','core/base/system','app_size','App Size','2022-09-22 01:28:09','2022-09-22 01:28:09'),(607,1,'en','core/base/system','server_environment','Server Environment','2022-09-22 01:28:09','2022-09-22 01:28:09'),(608,1,'en','core/base/system','php_version','PHP Version','2022-09-22 01:28:09','2022-09-22 01:28:09'),(609,1,'en','core/base/system','php_version_error','PHP must be >= :version','2022-09-22 01:28:09','2022-09-22 01:28:09'),(610,1,'en','core/base/system','server_software','Server Software','2022-09-22 01:28:09','2022-09-22 01:28:09'),(611,1,'en','core/base/system','server_os','Server OS','2022-09-22 01:28:09','2022-09-22 01:28:09'),(612,1,'en','core/base/system','database','Database','2022-09-22 01:28:09','2022-09-22 01:28:09'),(613,1,'en','core/base/system','ssl_installed','SSL Installed','2022-09-22 01:28:09','2022-09-22 01:28:09'),(614,1,'en','core/base/system','cache_driver','Cache Driver','2022-09-22 01:28:09','2022-09-22 01:28:09'),(615,1,'en','core/base/system','session_driver','Session Driver','2022-09-22 01:28:09','2022-09-22 01:28:09'),(616,1,'en','core/base/system','queue_connection','Queue Connection','2022-09-22 01:28:09','2022-09-22 01:28:09'),(617,1,'en','core/base/system','mbstring_ext','Mbstring Ext','2022-09-22 01:28:09','2022-09-22 01:28:09'),(618,1,'en','core/base/system','openssl_ext','OpenSSL Ext','2022-09-22 01:28:09','2022-09-22 01:28:09'),(619,1,'en','core/base/system','pdo_ext','PDO Ext','2022-09-22 01:28:09','2022-09-22 01:28:09'),(620,1,'en','core/base/system','curl_ext','CURL Ext','2022-09-22 01:28:09','2022-09-22 01:28:09'),(621,1,'en','core/base/system','exif_ext','Exif Ext','2022-09-22 01:28:09','2022-09-22 01:28:09'),(622,1,'en','core/base/system','file_info_ext','File info Ext','2022-09-22 01:28:09','2022-09-22 01:28:09'),(623,1,'en','core/base/system','tokenizer_ext','Tokenizer Ext','2022-09-22 01:28:09','2022-09-22 01:28:09'),(624,1,'en','core/base/system','extra_stats','Extra Stats','2022-09-22 01:28:09','2022-09-22 01:28:09'),(625,1,'en','core/base/system','installed_packages','Installed packages and their version numbers','2022-09-22 01:28:09','2022-09-22 01:28:09'),(626,1,'en','core/base/system','extra_information','Extra Information','2022-09-22 01:28:09','2022-09-22 01:28:09'),(627,1,'en','core/base/system','copy_report','Copy Report','2022-09-22 01:28:09','2022-09-22 01:28:09'),(628,1,'en','core/base/system','package_name','Package Name','2022-09-22 01:28:09','2022-09-22 01:28:09'),(629,1,'en','core/base/system','dependency_name','Dependency Name','2022-09-22 01:28:09','2022-09-22 01:28:09'),(630,1,'en','core/base/system','version','Version','2022-09-22 01:28:09','2022-09-22 01:28:09'),(631,1,'en','core/base/system','cms_version','CMS Version','2022-09-22 01:28:09','2022-09-22 01:28:09'),(632,1,'en','core/base/system','imagick_or_gd_ext','Imagick/GD Ext','2022-09-22 01:28:09','2022-09-22 01:28:09'),(633,1,'en','core/base/system','updater','System Updater','2022-09-22 01:28:09','2022-09-22 01:28:09'),(634,1,'en','core/base/system','zip','Zip Ext','2022-09-22 01:28:09','2022-09-22 01:28:09'),(635,1,'en','core/base/system','memory_limit','Memory limit','2022-09-22 01:28:10','2022-09-22 01:28:10'),(636,1,'en','core/base/system','max_execution_time','Max execution time (s)','2022-09-22 01:28:10','2022-09-22 01:28:10'),(637,1,'en','core/base/tables','id','ID','2022-09-22 01:28:10','2022-09-22 01:28:10'),(638,1,'en','core/base/tables','name','Name','2022-09-22 01:28:11','2022-09-22 01:28:11'),(639,1,'en','core/base/tables','slug','Slug','2022-09-22 01:28:11','2022-09-22 01:28:11'),(640,1,'en','core/base/tables','title','Title','2022-09-22 01:28:12','2022-09-22 01:28:12'),(641,1,'en','core/base/tables','order_by','Order By','2022-09-22 01:28:12','2022-09-22 01:28:12'),(642,1,'en','core/base/tables','order','Order','2022-09-22 01:28:12','2022-09-22 01:28:12'),(643,1,'en','core/base/tables','status','Status','2022-09-22 01:28:12','2022-09-22 01:28:12'),(644,1,'en','core/base/tables','created_at','Created At','2022-09-22 01:28:12','2022-09-22 01:28:12'),(645,1,'en','core/base/tables','updated_at','Updated At','2022-09-22 01:28:12','2022-09-22 01:28:12'),(646,1,'en','core/base/tables','description','Description','2022-09-22 01:28:12','2022-09-22 01:28:12'),(647,1,'en','core/base/tables','operations','Operations','2022-09-22 01:28:12','2022-09-22 01:28:12'),(648,1,'en','core/base/tables','url','URL','2022-09-22 01:28:12','2022-09-22 01:28:12'),(649,1,'en','core/base/tables','author','Author','2022-09-22 01:28:12','2022-09-22 01:28:12'),(650,1,'en','core/base/tables','notes','Notes','2022-09-22 01:28:12','2022-09-22 01:28:12'),(651,1,'en','core/base/tables','column','Column','2022-09-22 01:28:12','2022-09-22 01:28:12'),(652,1,'en','core/base/tables','origin','Origin','2022-09-22 01:28:12','2022-09-22 01:28:12'),(653,1,'en','core/base/tables','after_change','After changes','2022-09-22 01:28:12','2022-09-22 01:28:12'),(654,1,'en','core/base/tables','views','Views','2022-09-22 01:28:12','2022-09-22 01:28:12'),(655,1,'en','core/base/tables','browser','Browser','2022-09-22 01:28:12','2022-09-22 01:28:12'),(656,1,'en','core/base/tables','session','Session','2022-09-22 01:28:12','2022-09-22 01:28:12'),(657,1,'en','core/base/tables','activated','activated','2022-09-22 01:28:12','2022-09-22 01:28:12'),(658,1,'en','core/base/tables','deactivated','deactivated','2022-09-22 01:28:12','2022-09-22 01:28:12'),(659,1,'en','core/base/tables','is_featured','Is featured','2022-09-22 01:28:12','2022-09-22 01:28:12'),(660,1,'en','core/base/tables','edit','Edit','2022-09-22 01:28:12','2022-09-22 01:28:12'),(661,1,'en','core/base/tables','delete','Delete','2022-09-22 01:28:12','2022-09-22 01:28:12'),(662,1,'en','core/base/tables','restore','Restore','2022-09-22 01:28:12','2022-09-22 01:28:12'),(663,1,'en','core/base/tables','activate','Activate','2022-09-22 01:28:12','2022-09-22 01:28:12'),(664,1,'en','core/base/tables','deactivate','Deactivate','2022-09-22 01:28:12','2022-09-22 01:28:12'),(665,1,'en','core/base/tables','excel','Excel','2022-09-22 01:28:12','2022-09-22 01:28:12'),(666,1,'en','core/base/tables','export','Export','2022-09-22 01:28:12','2022-09-22 01:28:12'),(667,1,'en','core/base/tables','csv','CSV','2022-09-22 01:28:12','2022-09-22 01:28:12'),(668,1,'en','core/base/tables','pdf','PDF','2022-09-22 01:28:12','2022-09-22 01:28:12'),(669,1,'en','core/base/tables','print','Print','2022-09-22 01:28:12','2022-09-22 01:28:12'),(670,1,'en','core/base/tables','reset','Reset','2022-09-22 01:28:12','2022-09-22 01:28:12'),(671,1,'en','core/base/tables','reload','Reload','2022-09-22 01:28:13','2022-09-22 01:28:13'),(672,1,'en','core/base/tables','display','Display','2022-09-22 01:28:13','2022-09-22 01:28:13'),(673,1,'en','core/base/tables','all','All','2022-09-22 01:28:13','2022-09-22 01:28:13'),(674,1,'en','core/base/tables','add_new','Add New','2022-09-22 01:28:13','2022-09-22 01:28:13'),(675,1,'en','core/base/tables','action','Actions','2022-09-22 01:28:13','2022-09-22 01:28:13'),(676,1,'en','core/base/tables','delete_entry','Delete','2022-09-22 01:28:13','2022-09-22 01:28:13'),(677,1,'en','core/base/tables','view','View Detail','2022-09-22 01:28:13','2022-09-22 01:28:13'),(678,1,'en','core/base/tables','save','Save','2022-09-22 01:28:13','2022-09-22 01:28:13'),(679,1,'en','core/base/tables','show_from','Show from','2022-09-22 01:28:13','2022-09-22 01:28:13'),(680,1,'en','core/base/tables','to','to','2022-09-22 01:28:13','2022-09-22 01:28:13'),(681,1,'en','core/base/tables','in','in','2022-09-22 01:28:13','2022-09-22 01:28:13'),(682,1,'en','core/base/tables','records','records','2022-09-22 01:28:13','2022-09-22 01:28:13'),(683,1,'en','core/base/tables','no_data','No data to display','2022-09-22 01:28:13','2022-09-22 01:28:13'),(684,1,'en','core/base/tables','no_record','No record','2022-09-22 01:28:13','2022-09-22 01:28:13'),(685,1,'en','core/base/tables','confirm_delete','Confirm delete','2022-09-22 01:28:13','2022-09-22 01:28:13'),(686,1,'en','core/base/tables','confirm_delete_msg','Do you really want to delete this record?','2022-09-22 01:28:13','2022-09-22 01:28:13'),(687,1,'en','core/base/tables','confirm_delete_many_msg','Do you really want to delete selected record(s)?','2022-09-22 01:28:13','2022-09-22 01:28:13'),(688,1,'en','core/base/tables','cancel','Cancel','2022-09-22 01:28:13','2022-09-22 01:28:13'),(689,1,'en','core/base/tables','template','Template','2022-09-22 01:28:13','2022-09-22 01:28:13'),(690,1,'en','core/base/tables','email','Email','2022-09-22 01:28:13','2022-09-22 01:28:13'),(691,1,'en','core/base/tables','last_login','Last login','2022-09-22 01:28:13','2022-09-22 01:28:13'),(692,1,'en','core/base/tables','shortcode','Shortcode','2022-09-22 01:28:13','2022-09-22 01:28:13'),(693,1,'en','core/base/tables','image','Image','2022-09-22 01:28:13','2022-09-22 01:28:13'),(694,1,'en','core/base/tables','bulk_changes','Bulk changes','2022-09-22 01:28:13','2022-09-22 01:28:13'),(695,1,'en','core/base/tables','submit','Submit','2022-09-22 01:28:13','2022-09-22 01:28:13'),(696,1,'en','core/base/tables','please_select_record','Please select at least one record to perform this action!','2022-09-22 01:28:13','2022-09-22 01:28:13'),(697,1,'en','core/base/tabs','detail','Detail','2022-09-22 01:28:13','2022-09-22 01:28:13'),(698,1,'en','core/base/tabs','file','Files','2022-09-22 01:28:13','2022-09-22 01:28:13'),(699,1,'en','core/base/tabs','record_note','Record Note','2022-09-22 01:28:13','2022-09-22 01:28:13'),(700,1,'en','core/base/tabs','revision','Revision History','2022-09-22 01:28:13','2022-09-22 01:28:13'),(701,1,'vi','core/base/base','yes','Có','2022-09-22 01:28:13','2022-09-22 01:28:13'),(702,1,'vi','core/base/base','no','Không','2022-09-22 01:28:13','2022-09-22 01:28:13'),(703,1,'vi','core/base/base','is_default','Mặc định?','2022-09-22 01:28:13','2022-09-22 01:28:13'),(704,1,'vi','core/base/base','proc_close_disabled_error','Hàm proc_close() đã bị tắt. Vui lòng liên hệ nhà cung cấp hosting để mở hàm này. Hoặc có thể thêm vào .env: CAN_EXECUTE_COMMAND=false để tắt tính năng này.','2022-09-22 01:28:13','2022-09-22 01:28:13'),(705,1,'vi','core/base/base','add_image','Thêm ảnh','2022-09-22 01:28:13','2022-09-22 01:28:13'),(706,1,'vi','core/base/base','change_image','Đổi ảnh','2022-09-22 01:28:13','2022-09-22 01:28:13'),(707,1,'vi','core/base/base','delete_image','Xóa ảnh','2022-09-22 01:28:13','2022-09-22 01:28:13'),(708,1,'vi','core/base/base','email_template.date_time','Ngày giờ hiện tại','2022-09-22 01:28:13','2022-09-22 01:28:13'),(709,1,'vi','core/base/base','email_template.date_year','Năm hiện tại','2022-09-22 01:28:13','2022-09-22 01:28:13'),(710,1,'vi','core/base/base','email_template.footer','Mẫu chân trang email','2022-09-22 01:28:13','2022-09-22 01:28:13'),(711,1,'vi','core/base/base','email_template.header','Mẫu đầu trang email','2022-09-22 01:28:13','2022-09-22 01:28:13'),(712,1,'vi','core/base/base','email_template.site_admin_email','Email quản trị viên','2022-09-22 01:28:13','2022-09-22 01:28:13'),(713,1,'vi','core/base/base','email_template.site_logo','Logo của trang','2022-09-22 01:28:13','2022-09-22 01:28:13'),(714,1,'vi','core/base/base','email_template.site_title','Tiêu đề trang','2022-09-22 01:28:13','2022-09-22 01:28:13'),(715,1,'vi','core/base/base','email_template.site_url','URL trang','2022-09-22 01:28:13','2022-09-22 01:28:13'),(716,1,'vi','core/base/base','image','Hình ảnh','2022-09-22 01:28:13','2022-09-22 01:28:13'),(717,1,'vi','core/base/base','preview_image','Ảnh xem trước','2022-09-22 01:28:13','2022-09-22 01:28:13'),(718,1,'vi','core/base/base','select_image','Chọn ảnh','2022-09-22 01:28:13','2022-09-22 01:28:13'),(719,1,'vi','core/base/base','to_add_more_image','để thêm hình ảnh','2022-09-22 01:28:13','2022-09-22 01:28:13'),(720,1,'vi','core/base/base','using_button','Sử dụng nút','2022-09-22 01:28:13','2022-09-22 01:28:13'),(721,1,'vi','core/base/cache','cache_management','Quản lý bộ nhớ đệm','2022-09-22 01:28:13','2022-09-22 01:28:13'),(722,1,'vi','core/base/cache','cache_commands','Các lệnh xoá bộ nhớ đệm cơ bản','2022-09-22 01:28:13','2022-09-22 01:28:13'),(723,1,'vi','core/base/cache','commands.clear_cms_cache.title','Xóa tất cả bộ đệm hiện có của ứng dụng','2022-09-22 01:28:13','2022-09-22 01:28:13'),(724,1,'vi','core/base/cache','commands.clear_cms_cache.description','Xóa các bộ nhớ đệm của ứng dụng: cơ sở dữ liệu, nội dung tĩnh... Chạy lệnh này khi bạn thử cập nhật dữ liệu nhưng giao diện không thay đổi','2022-09-22 01:28:13','2022-09-22 01:28:13'),(725,1,'vi','core/base/cache','commands.clear_cms_cache.success_msg','Bộ đệm đã được xóa','2022-09-22 01:28:13','2022-09-22 01:28:13'),(726,1,'vi','core/base/cache','commands.refresh_compiled_views.title','Làm mới bộ đệm giao diện','2022-09-22 01:28:13','2022-09-22 01:28:13'),(727,1,'vi','core/base/cache','commands.refresh_compiled_views.description','Làm mới bộ đệm giao diện giúp phần giao diện luôn mới nhất','2022-09-22 01:28:13','2022-09-22 01:28:13'),(728,1,'vi','core/base/cache','commands.refresh_compiled_views.success_msg','Bộ đệm giao diện đã được làm mới','2022-09-22 01:28:13','2022-09-22 01:28:13'),(729,1,'vi','core/base/cache','commands.clear_config_cache.title','Xóa bộ nhớ đệm của phần cấu hình','2022-09-22 01:28:13','2022-09-22 01:28:13'),(730,1,'vi','core/base/cache','commands.clear_config_cache.description','Bạn cần làm mới bộ đệm cấu hình khi bạn tạo ra sự thay đổi nào đó ở môi trường thành phẩm.','2022-09-22 01:28:13','2022-09-22 01:28:13'),(731,1,'vi','core/base/cache','commands.clear_config_cache.success_msg','Bộ đệm cấu hình đã được xóa','2022-09-22 01:28:13','2022-09-22 01:28:13'),(732,1,'vi','core/base/cache','commands.clear_route_cache.title','Xoá cache đường dẫn','2022-09-22 01:28:13','2022-09-22 01:28:13'),(733,1,'vi','core/base/cache','commands.clear_route_cache.description','Cần thực hiện thao tác này khi thấy không xuất hiện đường dẫn mới.','2022-09-22 01:28:13','2022-09-22 01:28:13'),(734,1,'vi','core/base/cache','commands.clear_route_cache.success_msg','Bộ đệm điều hướng đã bị xóa','2022-09-22 01:28:13','2022-09-22 01:28:13'),(735,1,'vi','core/base/cache','commands.clear_log.description','Xoá lịch sử lỗi','2022-09-22 01:28:13','2022-09-22 01:28:13'),(736,1,'vi','core/base/cache','commands.clear_log.success_msg','Lịch sử lỗi đã được làm sạch','2022-09-22 01:28:13','2022-09-22 01:28:13'),(737,1,'vi','core/base/cache','commands.clear_log.title','Xoá lịch sử lỗi','2022-09-22 01:28:13','2022-09-22 01:28:13'),(738,1,'vi','core/base/enums','statuses.draft','Bản nháp','2022-09-22 01:28:13','2022-09-22 01:28:13'),(739,1,'vi','core/base/enums','statuses.pending','Đang chờ xử lý','2022-09-22 01:28:13','2022-09-22 01:28:13'),(740,1,'vi','core/base/enums','statuses.published','Đã xuất bản','2022-09-22 01:28:13','2022-09-22 01:28:13'),(741,1,'vi','core/base/errors','401_title','Bạn không có quyền truy cập trang này','2022-09-22 01:28:13','2022-09-22 01:28:13'),(742,1,'vi','core/base/errors','401_msg','<li>Bạn không được cấp quyền truy cập bởi quản trị viên.</li>\n	                <li>Bạn sử dụng sai loại tài khoản.</li>\n	                <li>Bạn không được cấp quyền để có thể truy cập trang này</li>','2022-09-22 01:28:13','2022-09-22 01:28:13'),(743,1,'vi','core/base/errors','404_title','Không tìm thấy trang yêu cầu','2022-09-22 01:28:13','2022-09-22 01:28:13'),(744,1,'vi','core/base/errors','404_msg','<li>Trang bạn yêu cầu không tồn tại.</li>\n	                <li>Liên kết bạn vừa nhấn không còn được sử dụng.</li>\n	                <li>Trang này có thể đã được chuyển sang vị trí khác.</li>\n	                <li>Có thể có lỗi xảy ra.</li>\n	                <li>Bạn không được cấp quyền để có thể truy cập trang này</li>','2022-09-22 01:28:13','2022-09-22 01:28:13'),(745,1,'vi','core/base/errors','500_title','Không thể tải trang','2022-09-22 01:28:13','2022-09-22 01:28:13'),(746,1,'vi','core/base/errors','500_msg','<li>Trang bạn yêu cầu không tồn tại.</li>\n	                <li>Liên kết bạn vừa nhấn không còn được sử dụng.</li>\n	                <li>Trang này có thể đã được chuyển sang vị trí khác.</li>\n	                <li>Có thể có lỗi xảy ra.</li>\n	                <li>Bạn không được cấp quyền để có thể truy cập trang này</li>','2022-09-22 01:28:13','2022-09-22 01:28:13'),(747,1,'vi','core/base/errors','reasons','Điều này có thể xảy ra vì nhiều lý do.','2022-09-22 01:28:13','2022-09-22 01:28:13'),(748,1,'vi','core/base/errors','try_again','Vui lòng thử lại trong vài phút, hoặc quay trở lại trang chủ bằng cách <a href=\"http://cms.local/admin\"> nhấn vào đây </a>.','2022-09-22 01:28:13','2022-09-22 01:28:13'),(749,1,'vi','core/base/errors','not_found','Không tìm thấy','2022-09-22 01:28:13','2022-09-22 01:28:13'),(750,1,'vi','core/base/forms','choose_image','Chọn ảnh','2022-09-22 01:28:13','2022-09-22 01:28:13'),(751,1,'vi','core/base/forms','actions','Tác vụ','2022-09-22 01:28:13','2022-09-22 01:28:13'),(752,1,'vi','core/base/forms','save','Lưu','2022-09-22 01:28:13','2022-09-22 01:28:13'),(753,1,'vi','core/base/forms','save_and_continue','Lưu & chỉnh sửa','2022-09-22 01:28:13','2022-09-22 01:28:13'),(754,1,'vi','core/base/forms','image','Hình ảnh','2022-09-22 01:28:13','2022-09-22 01:28:13'),(755,1,'vi','core/base/forms','image_placeholder','Chèn đường dẫn hình ảnh hoặc nhấn nút để chọn hình','2022-09-22 01:28:13','2022-09-22 01:28:13'),(756,1,'vi','core/base/forms','create','Tạo mới','2022-09-22 01:28:13','2022-09-22 01:28:13'),(757,1,'vi','core/base/forms','edit','Sửa','2022-09-22 01:28:13','2022-09-22 01:28:13'),(758,1,'vi','core/base/forms','permalink','Đường dẫn','2022-09-22 01:28:13','2022-09-22 01:28:13'),(759,1,'vi','core/base/forms','ok','OK','2022-09-22 01:28:13','2022-09-22 01:28:13'),(760,1,'vi','core/base/forms','cancel','Hủy bỏ','2022-09-22 01:28:13','2022-09-22 01:28:13'),(761,1,'vi','core/base/forms','character_remain','kí tự còn lại','2022-09-22 01:28:13','2022-09-22 01:28:13'),(762,1,'vi','core/base/forms','template','Template','2022-09-22 01:28:13','2022-09-22 01:28:13'),(763,1,'vi','core/base/forms','choose_file','Chọn tập tin','2022-09-22 01:28:13','2022-09-22 01:28:13'),(764,1,'vi','core/base/forms','file','Tập tin','2022-09-22 01:28:13','2022-09-22 01:28:13'),(765,1,'vi','core/base/forms','content','Nội dung','2022-09-22 01:28:13','2022-09-22 01:28:13'),(766,1,'vi','core/base/forms','description','Mô tả','2022-09-22 01:28:13','2022-09-22 01:28:13'),(767,1,'vi','core/base/forms','name','Tên','2022-09-22 01:28:13','2022-09-22 01:28:13'),(768,1,'vi','core/base/forms','name_placeholder','Nhập tên','2022-09-22 01:28:13','2022-09-22 01:28:13'),(769,1,'vi','core/base/forms','description_placeholder','Mô tả ngắn','2022-09-22 01:28:13','2022-09-22 01:28:13'),(770,1,'vi','core/base/forms','parent','Cha','2022-09-22 01:28:13','2022-09-22 01:28:13'),(771,1,'vi','core/base/forms','icon','Biểu tượng','2022-09-22 01:28:13','2022-09-22 01:28:13'),(772,1,'vi','core/base/forms','order_by','Sắp xếp','2022-09-22 01:28:13','2022-09-22 01:28:13'),(773,1,'vi','core/base/forms','order_by_placeholder','Sắp xếp','2022-09-22 01:28:13','2022-09-22 01:28:13'),(774,1,'vi','core/base/forms','slug','Slug','2022-09-22 01:28:13','2022-09-22 01:28:13'),(775,1,'vi','core/base/forms','is_featured','Nổi bật?','2022-09-22 01:28:13','2022-09-22 01:28:13'),(776,1,'vi','core/base/forms','is_default','Mặc định?','2022-09-22 01:28:13','2022-09-22 01:28:13'),(777,1,'vi','core/base/forms','icon_placeholder','Ví dụ: fa fa-home','2022-09-22 01:28:13','2022-09-22 01:28:13'),(778,1,'vi','core/base/forms','update','Cập nhật','2022-09-22 01:28:13','2022-09-22 01:28:13'),(779,1,'vi','core/base/forms','publish','Xuất bản','2022-09-22 01:28:13','2022-09-22 01:28:13'),(780,1,'vi','core/base/forms','remove_image','Xoá ảnh','2022-09-22 01:28:13','2022-09-22 01:28:13'),(781,1,'vi','core/base/forms','add','Thêm','2022-09-22 01:28:13','2022-09-22 01:28:13'),(782,1,'vi','core/base/forms','add_short_code','Thêm shortcode','2022-09-22 01:28:13','2022-09-22 01:28:13'),(783,1,'vi','core/base/forms','alias','Mã thay thế','2022-09-22 01:28:13','2022-09-22 01:28:13'),(784,1,'vi','core/base/forms','alias_placeholder','Mã thay thế','2022-09-22 01:28:13','2022-09-22 01:28:13'),(785,1,'vi','core/base/forms','basic_information','Thông tin cơ bản','2022-09-22 01:28:13','2022-09-22 01:28:13'),(786,1,'vi','core/base/forms','link','Liên kết','2022-09-22 01:28:13','2022-09-22 01:28:13'),(787,1,'vi','core/base/forms','order','Thứ tự','2022-09-22 01:28:13','2022-09-22 01:28:13'),(788,1,'vi','core/base/forms','short_code','Shortcode','2022-09-22 01:28:13','2022-09-22 01:28:13'),(789,1,'vi','core/base/forms','title','Tiêu đề','2022-09-22 01:28:13','2022-09-22 01:28:13'),(790,1,'vi','core/base/forms','value','Giá trị','2022-09-22 01:28:13','2022-09-22 01:28:13'),(791,1,'vi','core/base/forms','show_hide_editor','Ẩn/Hiện trình soạn thảo','2022-09-22 01:28:13','2022-09-22 01:28:13'),(792,1,'vi','core/base/forms','basic_info_title','Thông tin cơ bản','2022-09-22 01:28:13','2022-09-22 01:28:13'),(793,1,'vi','core/base/forms','remove_file','Xóa tập tin','2022-09-22 01:28:13','2022-09-22 01:28:13'),(794,1,'vi','core/base/layouts','platform_admin','Quản trị hệ thống','2022-09-22 01:28:13','2022-09-22 01:28:13'),(795,1,'vi','core/base/layouts','dashboard','Bảng điều khiển','2022-09-22 01:28:14','2022-09-22 01:28:14'),(796,1,'vi','core/base/layouts','widgets','Tiện ích','2022-09-22 01:28:14','2022-09-22 01:28:14'),(797,1,'vi','core/base/layouts','plugins','Tiện ích mở rộng','2022-09-22 01:28:14','2022-09-22 01:28:14'),(798,1,'vi','core/base/layouts','settings','Cài đặt','2022-09-22 01:28:14','2022-09-22 01:28:14'),(799,1,'vi','core/base/layouts','setting_general','Cơ bản','2022-09-22 01:28:14','2022-09-22 01:28:14'),(800,1,'vi','core/base/layouts','system_information','Thông tin hệ thống','2022-09-22 01:28:14','2022-09-22 01:28:14'),(801,1,'vi','core/base/layouts','theme','Giao diện','2022-09-22 01:28:14','2022-09-22 01:28:14'),(802,1,'vi','core/base/layouts','copyright','Bản quyền :year &copy; :company. Phiên bản: <span>:version</span>','2022-09-22 01:28:14','2022-09-22 01:28:14'),(803,1,'vi','core/base/layouts','profile','Thông tin cá nhân','2022-09-22 01:28:14','2022-09-22 01:28:14'),(804,1,'vi','core/base/layouts','logout','Đăng xuất','2022-09-22 01:28:14','2022-09-22 01:28:14'),(805,1,'vi','core/base/layouts','no_search_result','Không có kết quả tìm kiếm, hãy thử lại với từ khóa khác.','2022-09-22 01:28:14','2022-09-22 01:28:14'),(806,1,'vi','core/base/layouts','home','Trang chủ','2022-09-22 01:28:14','2022-09-22 01:28:14'),(807,1,'vi','core/base/layouts','search','Tìm kiếm','2022-09-22 01:28:14','2022-09-22 01:28:14'),(808,1,'vi','core/base/layouts','add_new','Thêm mới','2022-09-22 01:28:14','2022-09-22 01:28:14'),(809,1,'vi','core/base/layouts','n_a','N/A','2022-09-22 01:28:14','2022-09-22 01:28:14'),(810,1,'vi','core/base/layouts','page_loaded_time','Trang tải xong trong','2022-09-22 01:28:14','2022-09-22 01:28:14'),(811,1,'vi','core/base/layouts','view_website','Xem trang ngoài','2022-09-22 01:28:14','2022-09-22 01:28:14'),(812,1,'vi','core/base/layouts','setting_email','Email','2022-09-22 01:28:15','2022-09-22 01:28:15'),(813,1,'vi','core/base/mail','send-fail','Gửi email không thành công','2022-09-22 01:28:15','2022-09-22 01:28:15'),(814,1,'vi','core/base/notices','create_success_message','Tạo thành công','2022-09-22 01:28:15','2022-09-22 01:28:15'),(815,1,'vi','core/base/notices','update_success_message','Cập nhật thành công','2022-09-22 01:28:15','2022-09-22 01:28:15'),(816,1,'vi','core/base/notices','delete_success_message','Xóa thành công','2022-09-22 01:28:15','2022-09-22 01:28:15'),(817,1,'vi','core/base/notices','success_header','Thành công!','2022-09-22 01:28:15','2022-09-22 01:28:15'),(818,1,'vi','core/base/notices','error_header','Lỗi!','2022-09-22 01:28:15','2022-09-22 01:28:15'),(819,1,'vi','core/base/notices','no_select','Chọn ít nhất 1 trường để thực hiện hành động này!','2022-09-22 01:28:15','2022-09-22 01:28:15'),(820,1,'vi','core/base/notices','processing_request','Hệ thống đang xử lý yêu cầu.','2022-09-22 01:28:15','2022-09-22 01:28:15'),(821,1,'vi','core/base/notices','error','Lỗi!','2022-09-22 01:28:15','2022-09-22 01:28:15'),(822,1,'vi','core/base/notices','success','Thành công!','2022-09-22 01:28:15','2022-09-22 01:28:15'),(823,1,'vi','core/base/notices','info','Thông tin!','2022-09-22 01:28:15','2022-09-22 01:28:15'),(824,1,'vi','core/base/notices','enum.validate_message','Giá trị của :attribute không hợp lệ','2022-09-22 01:28:15','2022-09-22 01:28:15'),(825,1,'vi','core/base/system','no_select','Hãy chọn ít nhất 1 trường để thực hiện hành động này!','2022-09-22 01:28:15','2022-09-22 01:28:15'),(826,1,'vi','core/base/system','cannot_find_user','Không thể tải được thông tin người dùng','2022-09-22 01:28:15','2022-09-22 01:28:15'),(827,1,'vi','core/base/system','supper_revoked','Quyền quản trị viên cao nhất đã được gỡ bỏ','2022-09-22 01:28:15','2022-09-22 01:28:15'),(828,1,'vi','core/base/system','cannot_revoke_yourself','Không thể gỡ bỏ quyền quản trị cấp cao của chính bạn!','2022-09-22 01:28:15','2022-09-22 01:28:15'),(829,1,'vi','core/base/system','cant_remove_supper','Bạn không có quyền xóa quản trị viên cấp cao','2022-09-22 01:28:15','2022-09-22 01:28:15'),(830,1,'vi','core/base/system','cant_find_user_with_email','Không thể tìm thấy người dùng với email này','2022-09-22 01:28:15','2022-09-22 01:28:15'),(831,1,'vi','core/base/system','supper_granted','Quyền quản trị cao nhất đã được gán','2022-09-22 01:28:15','2022-09-22 01:28:15'),(832,1,'vi','core/base/system','delete_log_success','Xóa tập tin log thành công!','2022-09-22 01:28:15','2022-09-22 01:28:15'),(833,1,'vi','core/base/system','get_member_success','Hiển thị danh sách thành viên thành công','2022-09-22 01:28:15','2022-09-22 01:28:15'),(834,1,'vi','core/base/system','error_occur','Có lỗi dưới đây','2022-09-22 01:28:15','2022-09-22 01:28:15'),(835,1,'vi','core/base/system','role_and_permission','Phân quyền hệ thống','2022-09-22 01:28:15','2022-09-22 01:28:15'),(836,1,'vi','core/base/system','role_and_permission_description','Quản lý những phân quyền trong hệ thống','2022-09-22 01:28:15','2022-09-22 01:28:15'),(837,1,'vi','core/base/system','user.list_super','Danh sách quản trị viên cấp cao','2022-09-22 01:28:15','2022-09-22 01:28:15'),(838,1,'vi','core/base/system','user.username','Tên đăng nhập','2022-09-22 01:28:15','2022-09-22 01:28:15'),(839,1,'vi','core/base/system','user.email','Email','2022-09-22 01:28:15','2022-09-22 01:28:15'),(840,1,'vi','core/base/system','user.last_login','Đăng nhập lần cuối	','2022-09-22 01:28:15','2022-09-22 01:28:15'),(841,1,'vi','core/base/system','user.add_user','Thêm quản trị viên cấp cao','2022-09-22 01:28:15','2022-09-22 01:28:15'),(842,1,'vi','core/base/system','user.cancel','Hủy bỏ','2022-09-22 01:28:15','2022-09-22 01:28:15'),(843,1,'vi','core/base/system','user.create','Thêm','2022-09-22 01:28:15','2022-09-22 01:28:15'),(844,1,'vi','core/base/system','options.features','Kiểm soát truy cập các tính năng','2022-09-22 01:28:15','2022-09-22 01:28:15'),(845,1,'vi','core/base/system','options.feature_description','Bật/tắt các tính năng.','2022-09-22 01:28:15','2022-09-22 01:28:15'),(846,1,'vi','core/base/system','options.manage_super','Quản lý quản trị viên cấp cao','2022-09-22 01:28:15','2022-09-22 01:28:15'),(847,1,'vi','core/base/system','options.manage_super_description','Thêm/xóa quản trị viên cấp cao','2022-09-22 01:28:15','2022-09-22 01:28:15'),(848,1,'vi','core/base/system','options.info','Thông tin hệ thống','2022-09-22 01:28:15','2022-09-22 01:28:15'),(849,1,'vi','core/base/system','options.info_description','Những thông tin về cấu hình hiện tại của hệ thống.','2022-09-22 01:28:15','2022-09-22 01:28:15'),(850,1,'vi','core/base/system','info.title','Thông tin hệ thống','2022-09-22 01:28:15','2022-09-22 01:28:15'),(851,1,'vi','core/base/system','info.cache','Bộ nhớ đệm','2022-09-22 01:28:15','2022-09-22 01:28:15'),(852,1,'vi','core/base/system','info.environment','Môi trường','2022-09-22 01:28:15','2022-09-22 01:28:15'),(853,1,'vi','core/base/system','info.locale','Ngôn ngữ hệ thống','2022-09-22 01:28:15','2022-09-22 01:28:15'),(854,1,'vi','core/base/system','user_management','Quản lý thành viên','2022-09-22 01:28:15','2022-09-22 01:28:15'),(855,1,'vi','core/base/system','user_management_description','Quản lý người dùng trong hệ thống','2022-09-22 01:28:15','2022-09-22 01:28:15'),(856,1,'vi','core/base/system','app_size','Kích thước ứng dụng','2022-09-22 01:28:15','2022-09-22 01:28:15'),(857,1,'vi','core/base/system','cache_dir_writable','Có thể ghi bộ nhớ đệm','2022-09-22 01:28:15','2022-09-22 01:28:15'),(858,1,'vi','core/base/system','cache_driver','Loại lưu trữ bộ nhớ đệm','2022-09-22 01:28:15','2022-09-22 01:28:15'),(859,1,'vi','core/base/system','copy_report','Sao chép báo cáo','2022-09-22 01:28:15','2022-09-22 01:28:15'),(860,1,'vi','core/base/system','curl_ext','CURL Ext','2022-09-22 01:28:15','2022-09-22 01:28:15'),(861,1,'vi','core/base/system','database','Hệ thống dữ liệu','2022-09-22 01:28:15','2022-09-22 01:28:15'),(862,1,'vi','core/base/system','debug_mode','Chế độ sửa lỗi','2022-09-22 01:28:15','2022-09-22 01:28:15'),(863,1,'vi','core/base/system','dependency_name','Tên gói','2022-09-22 01:28:15','2022-09-22 01:28:15'),(864,1,'vi','core/base/system','exif_ext','Exif Ext','2022-09-22 01:28:15','2022-09-22 01:28:15'),(865,1,'vi','core/base/system','extra_information','Thông tin mở rộng','2022-09-22 01:28:15','2022-09-22 01:28:15'),(866,1,'vi','core/base/system','extra_stats','Thống kê thêm','2022-09-22 01:28:15','2022-09-22 01:28:15'),(867,1,'vi','core/base/system','file_info_ext','File info Ext','2022-09-22 01:28:15','2022-09-22 01:28:15'),(868,1,'vi','core/base/system','framework_version','Phiên bản framework','2022-09-22 01:28:15','2022-09-22 01:28:15'),(869,1,'vi','core/base/system','get_system_report','Lấy thông tin hệ thống','2022-09-22 01:28:15','2022-09-22 01:28:15'),(870,1,'vi','core/base/system','installed_packages','Các gói đã cài đặt và phiên bản','2022-09-22 01:28:15','2022-09-22 01:28:15'),(871,1,'vi','core/base/system','mbstring_ext','Mbstring Ext','2022-09-22 01:28:15','2022-09-22 01:28:15'),(872,1,'vi','core/base/system','openssl_ext','OpenSSL Ext','2022-09-22 01:28:15','2022-09-22 01:28:15'),(873,1,'vi','core/base/system','package_name','Tên gói','2022-09-22 01:28:15','2022-09-22 01:28:15'),(874,1,'vi','core/base/system','pdo_ext','PDO Ext','2022-09-22 01:28:15','2022-09-22 01:28:15'),(875,1,'vi','core/base/system','php_version','Phiên bản PHP','2022-09-22 01:28:15','2022-09-22 01:28:15'),(876,1,'vi','core/base/system','report_description','Vui lòng chia sẻ thông tin này nhằm mục đích điều tra nguyên nhân gây lỗi','2022-09-22 01:28:15','2022-09-22 01:28:15'),(877,1,'vi','core/base/system','server_environment','Môi trường máy chủ','2022-09-22 01:28:15','2022-09-22 01:28:15'),(878,1,'vi','core/base/system','server_os','Hệ điều hành của máy chủ','2022-09-22 01:28:15','2022-09-22 01:28:15'),(879,1,'vi','core/base/system','server_software','Phần mềm','2022-09-22 01:28:15','2022-09-22 01:28:15'),(880,1,'vi','core/base/system','session_driver','Loại lưu trữ phiên làm việc','2022-09-22 01:28:15','2022-09-22 01:28:15'),(881,1,'vi','core/base/system','ssl_installed','Đã cài đặt chứng chỉ SSL','2022-09-22 01:28:15','2022-09-22 01:28:15'),(882,1,'vi','core/base/system','storage_dir_writable','Có thể lưu trữ dữ liệu tạm','2022-09-22 01:28:15','2022-09-22 01:28:15'),(883,1,'vi','core/base/system','system_environment','Môi trường hệ thống','2022-09-22 01:28:15','2022-09-22 01:28:15'),(884,1,'vi','core/base/system','timezone','Múi giờ','2022-09-22 01:28:15','2022-09-22 01:28:15'),(885,1,'vi','core/base/system','tokenizer_ext','Tokenizer Ext','2022-09-22 01:28:15','2022-09-22 01:28:15'),(886,1,'vi','core/base/system','version','Phiên bản','2022-09-22 01:28:15','2022-09-22 01:28:15'),(887,1,'vi','core/base/system','cms_version','Phiên bản CMS','2022-09-22 01:28:15','2022-09-22 01:28:15'),(888,1,'vi','core/base/system','queue_connection','Queue Connection','2022-09-22 01:28:15','2022-09-22 01:28:15'),(889,1,'vi','core/base/system','disabled_in_demo_mode','Bạn không thể thực hiện hành động này ở chế độ demo!','2022-09-22 01:28:15','2022-09-22 01:28:15'),(890,1,'vi','core/base/system','imagick_or_gd_ext','Imagick/GD Ext','2022-09-22 01:28:15','2022-09-22 01:28:15'),(891,1,'vi','core/base/system','php_version_error','Phiên bản PHP phải >= :version','2022-09-22 01:28:15','2022-09-22 01:28:15'),(892,1,'vi','core/base/system','updater','Nâng cấp hệ thống','2022-09-22 01:28:15','2022-09-22 01:28:15'),(893,1,'vi','core/base/tables','id','ID','2022-09-22 01:28:15','2022-09-22 01:28:15'),(894,1,'vi','core/base/tables','name','Tên','2022-09-22 01:28:15','2022-09-22 01:28:15'),(895,1,'vi','core/base/tables','order_by','Thứ tự','2022-09-22 01:28:15','2022-09-22 01:28:15'),(896,1,'vi','core/base/tables','status','Trạng thái','2022-09-22 01:28:15','2022-09-22 01:28:15'),(897,1,'vi','core/base/tables','created_at','Ngày tạo','2022-09-22 01:28:15','2022-09-22 01:28:15'),(898,1,'vi','core/base/tables','updated_at','Ngày cập nhật','2022-09-22 01:28:15','2022-09-22 01:28:15'),(899,1,'vi','core/base/tables','operations','Tác vụ','2022-09-22 01:28:15','2022-09-22 01:28:15'),(900,1,'vi','core/base/tables','url','URL','2022-09-22 01:28:15','2022-09-22 01:28:15'),(901,1,'vi','core/base/tables','author','Người tạo','2022-09-22 01:28:15','2022-09-22 01:28:15'),(902,1,'vi','core/base/tables','column','Cột','2022-09-22 01:28:15','2022-09-22 01:28:15'),(903,1,'vi','core/base/tables','origin','Bản cũ','2022-09-22 01:28:15','2022-09-22 01:28:15'),(904,1,'vi','core/base/tables','after_change','Sau khi thay đổi','2022-09-22 01:28:15','2022-09-22 01:28:15'),(905,1,'vi','core/base/tables','notes','Ghi chú','2022-09-22 01:28:15','2022-09-22 01:28:15'),(906,1,'vi','core/base/tables','activated','kích hoạt','2022-09-22 01:28:15','2022-09-22 01:28:15'),(907,1,'vi','core/base/tables','browser','Trình duyệt','2022-09-22 01:28:15','2022-09-22 01:28:15'),(908,1,'vi','core/base/tables','deactivated','hủy kích hoạt','2022-09-22 01:28:15','2022-09-22 01:28:15'),(909,1,'vi','core/base/tables','description','Mô tả','2022-09-22 01:28:16','2022-09-22 01:28:16'),(910,1,'vi','core/base/tables','session','Phiên','2022-09-22 01:28:16','2022-09-22 01:28:16'),(911,1,'vi','core/base/tables','views','Lượt xem','2022-09-22 01:28:16','2022-09-22 01:28:16'),(912,1,'vi','core/base/tables','restore','Khôi phục','2022-09-22 01:28:16','2022-09-22 01:28:16'),(913,1,'vi','core/base/tables','edit','Sửa','2022-09-22 01:28:16','2022-09-22 01:28:16'),(914,1,'vi','core/base/tables','delete','Xóa','2022-09-22 01:28:16','2022-09-22 01:28:16'),(915,1,'vi','core/base/tables','action','Hành động','2022-09-22 01:28:16','2022-09-22 01:28:16'),(916,1,'vi','core/base/tables','activate','Kích hoạt','2022-09-22 01:28:16','2022-09-22 01:28:16'),(917,1,'vi','core/base/tables','add_new','Thêm mới','2022-09-22 01:28:16','2022-09-22 01:28:16'),(918,1,'vi','core/base/tables','all','Tất cả','2022-09-22 01:28:16','2022-09-22 01:28:16'),(919,1,'vi','core/base/tables','cancel','Hủy bỏ','2022-09-22 01:28:16','2022-09-22 01:28:16'),(920,1,'vi','core/base/tables','confirm_delete','Xác nhận xóa','2022-09-22 01:28:16','2022-09-22 01:28:16'),(921,1,'vi','core/base/tables','confirm_delete_msg','Bạn có chắc chắn muốn xóa bản ghi này?','2022-09-22 01:28:16','2022-09-22 01:28:16'),(922,1,'vi','core/base/tables','csv','CSV','2022-09-22 01:28:16','2022-09-22 01:28:16'),(923,1,'vi','core/base/tables','deactivate','Hủy kích hoạt','2022-09-22 01:28:16','2022-09-22 01:28:16'),(924,1,'vi','core/base/tables','delete_entry','Xóa bản ghi','2022-09-22 01:28:16','2022-09-22 01:28:16'),(925,1,'vi','core/base/tables','display','Hiển thị','2022-09-22 01:28:16','2022-09-22 01:28:16'),(926,1,'vi','core/base/tables','excel','Excel','2022-09-22 01:28:16','2022-09-22 01:28:16'),(927,1,'vi','core/base/tables','export','Xuất bản','2022-09-22 01:28:16','2022-09-22 01:28:16'),(928,1,'vi','core/base/tables','in','trong tổng số','2022-09-22 01:28:16','2022-09-22 01:28:16'),(929,1,'vi','core/base/tables','no_data','Không có dữ liệu để hiển thị','2022-09-22 01:28:16','2022-09-22 01:28:16'),(930,1,'vi','core/base/tables','no_record','Không có dữ liệu','2022-09-22 01:28:16','2022-09-22 01:28:16'),(931,1,'vi','core/base/tables','pdf','PDF','2022-09-22 01:28:16','2022-09-22 01:28:16'),(932,1,'vi','core/base/tables','print','In','2022-09-22 01:28:16','2022-09-22 01:28:16'),(933,1,'vi','core/base/tables','records','bản ghi','2022-09-22 01:28:16','2022-09-22 01:28:16'),(934,1,'vi','core/base/tables','reload','Tải lại','2022-09-22 01:28:16','2022-09-22 01:28:16'),(935,1,'vi','core/base/tables','reset','Làm mới','2022-09-22 01:28:16','2022-09-22 01:28:16'),(936,1,'vi','core/base/tables','save','Lưu','2022-09-22 01:28:16','2022-09-22 01:28:16'),(937,1,'vi','core/base/tables','show_from','Hiển thị từ','2022-09-22 01:28:16','2022-09-22 01:28:16'),(938,1,'vi','core/base/tables','template','Giao diện','2022-09-22 01:28:16','2022-09-22 01:28:16'),(939,1,'vi','core/base/tables','to','đến','2022-09-22 01:28:16','2022-09-22 01:28:16'),(940,1,'vi','core/base/tables','view','Xem chi tiết','2022-09-22 01:28:16','2022-09-22 01:28:16'),(941,1,'vi','core/base/tables','email','Email','2022-09-22 01:28:16','2022-09-22 01:28:16'),(942,1,'vi','core/base/tables','image','Hình ảnh','2022-09-22 01:28:16','2022-09-22 01:28:16'),(943,1,'vi','core/base/tables','is_featured','Nổi bật','2022-09-22 01:28:16','2022-09-22 01:28:16'),(944,1,'vi','core/base/tables','last_login','Lần cuối đăng nhập','2022-09-22 01:28:16','2022-09-22 01:28:16'),(945,1,'vi','core/base/tables','order','Thứ tự','2022-09-22 01:28:16','2022-09-22 01:28:16'),(946,1,'vi','core/base/tables','shortcode','Shortcode','2022-09-22 01:28:16','2022-09-22 01:28:16'),(947,1,'vi','core/base/tables','slug','Slug','2022-09-22 01:28:16','2022-09-22 01:28:16'),(948,1,'vi','core/base/tables','title','Tiêu đề','2022-09-22 01:28:16','2022-09-22 01:28:16'),(949,1,'vi','core/base/tables','bulk_changes','Thay đổi hàng loạt','2022-09-22 01:28:16','2022-09-22 01:28:16'),(950,1,'vi','core/base/tables','confirm_delete_many_msg','Bạn có chắc chắn muốn xóa những bản ghi này?','2022-09-22 01:28:16','2022-09-22 01:28:16'),(951,1,'vi','core/base/tables','submit','Hoàn tất','2022-09-22 01:28:16','2022-09-22 01:28:16'),(952,1,'vi','core/base/tables','please_select_record','Vui lòng chọn ít nhất 1 bản ghi để thực hiện hành động này!','2022-09-22 01:28:16','2022-09-22 01:28:16'),(953,1,'vi','core/base/tabs','detail','Chi tiết','2022-09-22 01:28:16','2022-09-22 01:28:16'),(954,1,'vi','core/base/tabs','file','Tập tin','2022-09-22 01:28:16','2022-09-22 01:28:16'),(955,1,'vi','core/base/tabs','record_note','Ghi chú','2022-09-22 01:28:16','2022-09-22 01:28:16'),(956,1,'vi','core/base/tabs','revision','Lịch sử thay đổi','2022-09-22 01:28:16','2022-09-22 01:28:16'),(957,1,'en','core/dashboard/dashboard','update_position_success','Update widget position successfully!','2022-09-22 01:28:16','2022-09-22 01:28:16'),(958,1,'en','core/dashboard/dashboard','hide_success','Update widget successfully!','2022-09-22 01:28:16','2022-09-22 01:28:16'),(959,1,'en','core/dashboard/dashboard','confirm_hide','Are you sure?','2022-09-22 01:28:16','2022-09-22 01:28:16'),(960,1,'en','core/dashboard/dashboard','hide_message','Do you really want to hide this widget? It will be disappear on Dashboard!','2022-09-22 01:28:16','2022-09-22 01:28:16'),(961,1,'en','core/dashboard/dashboard','confirm_hide_btn','Yes, hide this widget','2022-09-22 01:28:16','2022-09-22 01:28:16'),(962,1,'en','core/dashboard/dashboard','cancel_hide_btn','Cancel','2022-09-22 01:28:16','2022-09-22 01:28:16'),(963,1,'en','core/dashboard/dashboard','collapse_expand','Collapse/Expand','2022-09-22 01:28:16','2022-09-22 01:28:16'),(964,1,'en','core/dashboard/dashboard','hide','Hide','2022-09-22 01:28:16','2022-09-22 01:28:16'),(965,1,'en','core/dashboard/dashboard','reload','Reload','2022-09-22 01:28:16','2022-09-22 01:28:16'),(966,1,'en','core/dashboard/dashboard','save_setting_success','Save widget settings successfully!','2022-09-22 01:28:16','2022-09-22 01:28:16'),(967,1,'en','core/dashboard/dashboard','widget_not_exists','Widget is not exits!','2022-09-22 01:28:16','2022-09-22 01:28:16'),(968,1,'en','core/dashboard/dashboard','manage_widgets','Manage Widgets','2022-09-22 01:28:16','2022-09-22 01:28:16'),(969,1,'en','core/dashboard/dashboard','fullscreen','Full screen','2022-09-22 01:28:16','2022-09-22 01:28:16'),(970,1,'en','core/dashboard/dashboard','title','Dashboard','2022-09-22 01:28:16','2022-09-22 01:28:16'),(971,1,'en','core/dashboard/dashboard','predefined_ranges.today','Today','2022-09-22 01:28:16','2022-09-22 01:28:16'),(972,1,'en','core/dashboard/dashboard','predefined_ranges.yesterday','Yesterday','2022-09-22 01:28:16','2022-09-22 01:28:16'),(973,1,'en','core/dashboard/dashboard','predefined_ranges.this_week','This Week','2022-09-22 01:28:16','2022-09-22 01:28:16'),(974,1,'en','core/dashboard/dashboard','predefined_ranges.last_7_days','Last 7 Days','2022-09-22 01:28:16','2022-09-22 01:28:16'),(975,1,'en','core/dashboard/dashboard','predefined_ranges.this_month','This Month','2022-09-22 01:28:16','2022-09-22 01:28:16'),(976,1,'en','core/dashboard/dashboard','predefined_ranges.last_30_days','Last 30 Days','2022-09-22 01:28:16','2022-09-22 01:28:16'),(977,1,'en','core/dashboard/dashboard','predefined_ranges.this_year','This Year','2022-09-22 01:28:16','2022-09-22 01:28:16'),(978,1,'vi','core/dashboard/dashboard','cancel_hide_btn','Hủy bỏ','2022-09-22 01:28:16','2022-09-22 01:28:16'),(979,1,'vi','core/dashboard/dashboard','collapse_expand','Mở rộng','2022-09-22 01:28:16','2022-09-22 01:28:16'),(980,1,'vi','core/dashboard/dashboard','confirm_hide','Bạn có chắc?','2022-09-22 01:28:16','2022-09-22 01:28:16'),(981,1,'vi','core/dashboard/dashboard','confirm_hide_btn','Vâng, ẩn tiện ích này','2022-09-22 01:28:17','2022-09-22 01:28:17'),(982,1,'vi','core/dashboard/dashboard','hide','Ẩn','2022-09-22 01:28:17','2022-09-22 01:28:17'),(983,1,'vi','core/dashboard/dashboard','hide_message','Bạn có chắc chắn muốn ẩn tiện ích này? Nó sẽ không được hiển thị trên trang chủ nữa!','2022-09-22 01:28:17','2022-09-22 01:28:17'),(984,1,'vi','core/dashboard/dashboard','hide_success','Ẩn tiện ích thành công!','2022-09-22 01:28:17','2022-09-22 01:28:17'),(985,1,'vi','core/dashboard/dashboard','manage_widgets','Quản lý tiện ích','2022-09-22 01:28:17','2022-09-22 01:28:17'),(986,1,'vi','core/dashboard/dashboard','reload','Làm mới','2022-09-22 01:28:17','2022-09-22 01:28:17'),(987,1,'vi','core/dashboard/dashboard','save_setting_success','Lưu tiện ích thành công','2022-09-22 01:28:17','2022-09-22 01:28:17'),(988,1,'vi','core/dashboard/dashboard','update_position_success','Cập nhật vị trí tiện ích thành công!','2022-09-22 01:28:17','2022-09-22 01:28:17'),(989,1,'vi','core/dashboard/dashboard','widget_not_exists','Tiện ích này không tồn tại!','2022-09-22 01:28:17','2022-09-22 01:28:17'),(990,1,'vi','core/dashboard/dashboard','fullscreen','Toàn màn hình','2022-09-22 01:28:17','2022-09-22 01:28:17'),(991,1,'vi','core/dashboard/dashboard','title','Trang quản trị','2022-09-22 01:28:17','2022-09-22 01:28:17'),(992,1,'en','core/media/media','filter','Filter','2022-09-22 01:28:17','2022-09-22 01:28:17'),(993,1,'en','core/media/media','everything','Everything','2022-09-22 01:28:17','2022-09-22 01:28:17'),(994,1,'en','core/media/media','image','Image','2022-09-22 01:28:17','2022-09-22 01:28:17'),(995,1,'en','core/media/media','video','Video','2022-09-22 01:28:17','2022-09-22 01:28:17'),(996,1,'en','core/media/media','document','Document','2022-09-22 01:28:17','2022-09-22 01:28:17'),(997,1,'en','core/media/media','view_in','View in','2022-09-22 01:28:17','2022-09-22 01:28:17'),(998,1,'en','core/media/media','all_media','All media','2022-09-22 01:28:17','2022-09-22 01:28:17'),(999,1,'en','core/media/media','trash','Trash','2022-09-22 01:28:17','2022-09-22 01:28:17'),(1000,1,'en','core/media/media','recent','Recent','2022-09-22 01:28:17','2022-09-22 01:28:17'),(1001,1,'en','core/media/media','favorites','Favorites','2022-09-22 01:28:17','2022-09-22 01:28:17'),(1002,1,'en','core/media/media','upload','Upload','2022-09-22 01:28:17','2022-09-22 01:28:17'),(1003,1,'en','core/media/media','create_folder','Create folder','2022-09-22 01:28:17','2022-09-22 01:28:17'),(1004,1,'en','core/media/media','refresh','Refresh','2022-09-22 01:28:17','2022-09-22 01:28:17'),(1005,1,'en','core/media/media','empty_trash','Empty trash','2022-09-22 01:28:17','2022-09-22 01:28:17'),(1006,1,'en','core/media/media','search_file_and_folder','Search in current folder','2022-09-22 01:28:17','2022-09-22 01:28:17'),(1007,1,'en','core/media/media','sort','Sort','2022-09-22 01:28:17','2022-09-22 01:28:17'),(1008,1,'en','core/media/media','file_name_asc','File name - ASC','2022-09-22 01:28:17','2022-09-22 01:28:17'),(1009,1,'en','core/media/media','file_name_desc','File name - DESC','2022-09-22 01:28:17','2022-09-22 01:28:17'),(1010,1,'en','core/media/media','uploaded_date_asc','Uploaded date - ASC','2022-09-22 01:28:17','2022-09-22 01:28:17'),(1011,1,'en','core/media/media','uploaded_date_desc','Uploaded date - DESC','2022-09-22 01:28:17','2022-09-22 01:28:17'),(1012,1,'en','core/media/media','size_asc','Size - ASC','2022-09-22 01:28:17','2022-09-22 01:28:17'),(1013,1,'en','core/media/media','size_desc','Size - DESC','2022-09-22 01:28:17','2022-09-22 01:28:17'),(1014,1,'en','core/media/media','actions','Actions','2022-09-22 01:28:17','2022-09-22 01:28:17'),(1015,1,'en','core/media/media','nothing_is_selected','Nothing is selected','2022-09-22 01:28:17','2022-09-22 01:28:17'),(1016,1,'en','core/media/media','insert','Insert','2022-09-22 01:28:17','2022-09-22 01:28:17'),(1017,1,'en','core/media/media','folder_name','Folder name','2022-09-22 01:28:17','2022-09-22 01:28:17'),(1018,1,'en','core/media/media','create','Create','2022-09-22 01:28:17','2022-09-22 01:28:17'),(1019,1,'en','core/media/media','rename','Rename','2022-09-22 01:28:17','2022-09-22 01:28:17'),(1020,1,'en','core/media/media','close','Close','2022-09-22 01:28:17','2022-09-22 01:28:17'),(1021,1,'en','core/media/media','save_changes','Save changes','2022-09-22 01:28:17','2022-09-22 01:28:17'),(1022,1,'en','core/media/media','move_to_trash','Move items to trash','2022-09-22 01:28:17','2022-09-22 01:28:17'),(1023,1,'en','core/media/media','confirm_trash','Are you sure you want to move these items to trash?','2022-09-22 01:28:17','2022-09-22 01:28:17'),(1024,1,'en','core/media/media','confirm','Confirm','2022-09-22 01:28:17','2022-09-22 01:28:17'),(1025,1,'en','core/media/media','confirm_delete','Delete item(s)','2022-09-22 01:28:17','2022-09-22 01:28:17'),(1026,1,'en','core/media/media','confirm_delete_description','Your request cannot rollback. Are you sure you wanna delete these items?','2022-09-22 01:28:17','2022-09-22 01:28:17'),(1027,1,'en','core/media/media','empty_trash_title','Empty trash','2022-09-22 01:28:17','2022-09-22 01:28:17'),(1028,1,'en','core/media/media','empty_trash_description','Your request cannot rollback. Are you sure you wanna remove all items in trash?','2022-09-22 01:28:17','2022-09-22 01:28:17'),(1029,1,'en','core/media/media','up_level','Up one level','2022-09-22 01:28:17','2022-09-22 01:28:17'),(1030,1,'en','core/media/media','upload_progress','Upload progress','2022-09-22 01:28:17','2022-09-22 01:28:17'),(1031,1,'en','core/media/media','folder_created','Folder is created successfully!','2022-09-22 01:28:17','2022-09-22 01:28:17'),(1032,1,'en','core/media/media','gallery','Media gallery','2022-09-22 01:28:17','2022-09-22 01:28:17'),(1033,1,'en','core/media/media','trash_error','Error when delete selected item(s)','2022-09-22 01:28:17','2022-09-22 01:28:17'),(1034,1,'en','core/media/media','trash_success','Moved selected item(s) to trash successfully!','2022-09-22 01:28:17','2022-09-22 01:28:17'),(1035,1,'en','core/media/media','restore_error','Error when restore selected item(s)','2022-09-22 01:28:17','2022-09-22 01:28:17'),(1036,1,'en','core/media/media','restore_success','Restore selected item(s) successfully!','2022-09-22 01:28:17','2022-09-22 01:28:17'),(1037,1,'en','core/media/media','copy_success','Copied selected item(s) successfully!','2022-09-22 01:28:17','2022-09-22 01:28:17'),(1038,1,'en','core/media/media','delete_success','Deleted selected item(s) successfully!','2022-09-22 01:28:17','2022-09-22 01:28:17'),(1039,1,'en','core/media/media','favorite_success','Favorite selected item(s) successfully!','2022-09-22 01:28:17','2022-09-22 01:28:17'),(1040,1,'en','core/media/media','remove_favorite_success','Remove selected item(s) from favorites successfully!','2022-09-22 01:28:17','2022-09-22 01:28:17'),(1041,1,'en','core/media/media','rename_error','Error when rename item(s)','2022-09-22 01:28:17','2022-09-22 01:28:17'),(1042,1,'en','core/media/media','rename_success','Rename selected item(s) successfully!','2022-09-22 01:28:17','2022-09-22 01:28:17'),(1043,1,'en','core/media/media','empty_trash_success','Empty trash successfully!','2022-09-22 01:28:17','2022-09-22 01:28:17'),(1044,1,'en','core/media/media','invalid_action','Invalid action!','2022-09-22 01:28:17','2022-09-22 01:28:17'),(1045,1,'en','core/media/media','file_not_exists','File is not exists!','2022-09-22 01:28:17','2022-09-22 01:28:17'),(1046,1,'en','core/media/media','download_file_error','Error when downloading files!','2022-09-22 01:28:17','2022-09-22 01:28:17'),(1047,1,'en','core/media/media','missing_zip_archive_extension','Please enable ZipArchive extension to download file!','2022-09-22 01:28:17','2022-09-22 01:28:17'),(1048,1,'en','core/media/media','can_not_download_file','Can not download this file!','2022-09-22 01:28:17','2022-09-22 01:28:17'),(1049,1,'en','core/media/media','invalid_request','Invalid request!','2022-09-22 01:28:17','2022-09-22 01:28:17'),(1050,1,'en','core/media/media','add_success','Add item successfully!','2022-09-22 01:28:17','2022-09-22 01:28:17'),(1051,1,'en','core/media/media','file_too_big','File too big. Max file upload is :size bytes','2022-09-22 01:28:17','2022-09-22 01:28:17'),(1052,1,'en','core/media/media','can_not_detect_file_type','File type is not allowed or can not detect file type!','2022-09-22 01:28:17','2022-09-22 01:28:17'),(1053,1,'en','core/media/media','upload_failed','The file is NOT uploaded completely. The server allows max upload file size is :size . Please check your file size OR try to upload again in case of having network errors','2022-09-22 01:28:17','2022-09-22 01:28:17'),(1054,1,'en','core/media/media','menu_name','Media','2022-09-22 01:28:17','2022-09-22 01:28:17'),(1055,1,'en','core/media/media','add','Add media','2022-09-22 01:28:17','2022-09-22 01:28:17'),(1056,1,'en','core/media/media','javascript.name','Name','2022-09-22 01:28:17','2022-09-22 01:28:17'),(1057,1,'en','core/media/media','javascript.url','URL','2022-09-22 01:28:17','2022-09-22 01:28:17'),(1058,1,'en','core/media/media','javascript.full_url','Full URL','2022-09-22 01:28:17','2022-09-22 01:28:17'),(1059,1,'en','core/media/media','javascript.size','Size','2022-09-22 01:28:17','2022-09-22 01:28:17'),(1060,1,'en','core/media/media','javascript.mime_type','Type','2022-09-22 01:28:17','2022-09-22 01:28:17'),(1061,1,'en','core/media/media','javascript.created_at','Uploaded at','2022-09-22 01:28:17','2022-09-22 01:28:17'),(1062,1,'en','core/media/media','javascript.updated_at','Modified at','2022-09-22 01:28:17','2022-09-22 01:28:17'),(1063,1,'en','core/media/media','javascript.nothing_selected','Nothing is selected','2022-09-22 01:28:17','2022-09-22 01:28:17'),(1064,1,'en','core/media/media','javascript.visit_link','Open link','2022-09-22 01:28:17','2022-09-22 01:28:17'),(1065,1,'en','core/media/media','javascript.no_item.all_media.icon','fas fa-cloud-upload-alt','2022-09-22 01:28:17','2022-09-22 01:28:17'),(1066,1,'en','core/media/media','javascript.no_item.all_media.title','Drop files and folders here','2022-09-22 01:28:17','2022-09-22 01:28:17'),(1067,1,'en','core/media/media','javascript.no_item.all_media.message','Or use the upload button above','2022-09-22 01:28:17','2022-09-22 01:28:17'),(1068,1,'en','core/media/media','javascript.no_item.trash.icon','fas fa-trash-alt','2022-09-22 01:28:17','2022-09-22 01:28:17'),(1069,1,'en','core/media/media','javascript.no_item.trash.title','There is nothing in your trash currently','2022-09-22 01:28:17','2022-09-22 01:28:17'),(1070,1,'en','core/media/media','javascript.no_item.trash.message','Delete files to move them to trash automatically. Delete files from trash to remove them permanently','2022-09-22 01:28:17','2022-09-22 01:28:17'),(1071,1,'en','core/media/media','javascript.no_item.favorites.icon','fas fa-star','2022-09-22 01:28:17','2022-09-22 01:28:17'),(1072,1,'en','core/media/media','javascript.no_item.favorites.title','You have not added anything to your favorites yet','2022-09-22 01:28:17','2022-09-22 01:28:17'),(1073,1,'en','core/media/media','javascript.no_item.favorites.message','Add files to favorites to easily find them later','2022-09-22 01:28:17','2022-09-22 01:28:17'),(1074,1,'en','core/media/media','javascript.no_item.recent.icon','far fa-clock','2022-09-22 01:28:17','2022-09-22 01:28:17'),(1075,1,'en','core/media/media','javascript.no_item.recent.title','You did not opened anything yet','2022-09-22 01:28:17','2022-09-22 01:28:17'),(1076,1,'en','core/media/media','javascript.no_item.recent.message','All recent files that you opened will be appeared here','2022-09-22 01:28:17','2022-09-22 01:28:17'),(1077,1,'en','core/media/media','javascript.no_item.default.icon','fas fa-sync','2022-09-22 01:28:17','2022-09-22 01:28:17'),(1078,1,'en','core/media/media','javascript.no_item.default.title','No items','2022-09-22 01:28:17','2022-09-22 01:28:17'),(1079,1,'en','core/media/media','javascript.no_item.default.message','This directory has no item','2022-09-22 01:28:17','2022-09-22 01:28:17'),(1080,1,'en','core/media/media','javascript.clipboard.success','These file links has been copied to clipboard','2022-09-22 01:28:17','2022-09-22 01:28:17'),(1081,1,'en','core/media/media','javascript.message.error_header','Error','2022-09-22 01:28:17','2022-09-22 01:28:17'),(1082,1,'en','core/media/media','javascript.message.success_header','Success','2022-09-22 01:28:17','2022-09-22 01:28:17'),(1083,1,'en','core/media/media','javascript.download.error','No files selected or cannot download these files','2022-09-22 01:28:17','2022-09-22 01:28:17'),(1084,1,'en','core/media/media','javascript.actions_list.basic.preview','Preview','2022-09-22 01:28:17','2022-09-22 01:28:17'),(1085,1,'en','core/media/media','javascript.actions_list.file.copy_link','Copy link','2022-09-22 01:28:17','2022-09-22 01:28:17'),(1086,1,'en','core/media/media','javascript.actions_list.file.rename','Rename','2022-09-22 01:28:17','2022-09-22 01:28:17'),(1087,1,'en','core/media/media','javascript.actions_list.file.make_copy','Make a copy','2022-09-22 01:28:17','2022-09-22 01:28:17'),(1088,1,'en','core/media/media','javascript.actions_list.user.favorite','Add to favorite','2022-09-22 01:28:17','2022-09-22 01:28:17'),(1089,1,'en','core/media/media','javascript.actions_list.user.remove_favorite','Remove favorite','2022-09-22 01:28:17','2022-09-22 01:28:17'),(1090,1,'en','core/media/media','javascript.actions_list.other.download','Download','2022-09-22 01:28:17','2022-09-22 01:28:17'),(1091,1,'en','core/media/media','javascript.actions_list.other.trash','Move to trash','2022-09-22 01:28:17','2022-09-22 01:28:17'),(1092,1,'en','core/media/media','javascript.actions_list.other.delete','Delete permanently','2022-09-22 01:28:17','2022-09-22 01:28:17'),(1093,1,'en','core/media/media','javascript.actions_list.other.restore','Restore','2022-09-22 01:28:17','2022-09-22 01:28:17'),(1094,1,'en','core/media/media','javascript.change_image','Change image','2022-09-22 01:28:17','2022-09-22 01:28:17'),(1095,1,'en','core/media/media','javascript.delete_image','Delete image','2022-09-22 01:28:17','2022-09-22 01:28:17'),(1096,1,'en','core/media/media','javascript.choose_image','Choose image','2022-09-22 01:28:17','2022-09-22 01:28:17'),(1097,1,'en','core/media/media','javascript.preview_image','Preview image','2022-09-22 01:28:17','2022-09-22 01:28:17'),(1098,1,'en','core/media/media','name_invalid','The folder name has invalid character(s).','2022-09-22 01:28:17','2022-09-22 01:28:17'),(1099,1,'en','core/media/media','url_invalid','Please provide a valid URL','2022-09-22 01:28:17','2022-09-22 01:28:17'),(1100,1,'en','core/media/media','path_invalid','Please provide a valid path','2022-09-22 01:28:17','2022-09-22 01:28:17'),(1101,1,'en','core/media/media','download_link','Download','2022-09-22 01:28:17','2022-09-22 01:28:17'),(1102,1,'en','core/media/media','url','URL','2022-09-22 01:28:17','2022-09-22 01:28:17'),(1103,1,'en','core/media/media','download_explain','Enter one URL per line.','2022-09-22 01:28:17','2022-09-22 01:28:17'),(1104,1,'en','core/media/media','downloading','Downloading...','2022-09-22 01:28:17','2022-09-22 01:28:17'),(1105,1,'vi','core/media/media','filter','Lọc','2022-09-22 01:28:17','2022-09-22 01:28:17'),(1106,1,'vi','core/media/media','everything','Tất cả','2022-09-22 01:28:17','2022-09-22 01:28:17'),(1107,1,'vi','core/media/media','image','Hình ảnh','2022-09-22 01:28:17','2022-09-22 01:28:17'),(1108,1,'vi','core/media/media','video','Phim','2022-09-22 01:28:17','2022-09-22 01:28:17'),(1109,1,'vi','core/media/media','document','Tài liệu','2022-09-22 01:28:17','2022-09-22 01:28:17'),(1110,1,'vi','core/media/media','view_in','Chế độ xem','2022-09-22 01:28:17','2022-09-22 01:28:17'),(1111,1,'vi','core/media/media','all_media','Tất cả tập tin','2022-09-22 01:28:17','2022-09-22 01:28:17'),(1112,1,'vi','core/media/media','trash','Thùng rác','2022-09-22 01:28:17','2022-09-22 01:28:17'),(1113,1,'vi','core/media/media','recent','Gần đây','2022-09-22 01:28:17','2022-09-22 01:28:17'),(1114,1,'vi','core/media/media','favorites','Được gắn dấu sao','2022-09-22 01:28:17','2022-09-22 01:28:17'),(1115,1,'vi','core/media/media','upload','Tải lên','2022-09-22 01:28:17','2022-09-22 01:28:17'),(1116,1,'vi','core/media/media','create_folder','Tạo thư mục','2022-09-22 01:28:17','2022-09-22 01:28:17'),(1117,1,'vi','core/media/media','refresh','Làm mới','2022-09-22 01:28:17','2022-09-22 01:28:17'),(1118,1,'vi','core/media/media','empty_trash','Dọn thùng rác','2022-09-22 01:28:17','2022-09-22 01:28:17'),(1119,1,'vi','core/media/media','search_file_and_folder','Tìm kiếm tập tin và thư mục','2022-09-22 01:28:17','2022-09-22 01:28:17'),(1120,1,'vi','core/media/media','sort','Sắp xếp','2022-09-22 01:28:17','2022-09-22 01:28:17'),(1121,1,'vi','core/media/media','file_name_asc','Tên tập tin - ASC','2022-09-22 01:28:17','2022-09-22 01:28:17'),(1122,1,'vi','core/media/media','file_name_desc','Tên tập tin - DESC','2022-09-22 01:28:17','2022-09-22 01:28:17'),(1123,1,'vi','core/media/media','uploaded_date_asc','Ngày tải lên - ASC','2022-09-22 01:28:18','2022-09-22 01:28:18'),(1124,1,'vi','core/media/media','uploaded_date_desc','Ngày tải lên - DESC','2022-09-22 01:28:18','2022-09-22 01:28:18'),(1125,1,'vi','core/media/media','size_asc','Kích thước - ASC','2022-09-22 01:28:18','2022-09-22 01:28:18'),(1126,1,'vi','core/media/media','size_desc','Kích thước - DESC','2022-09-22 01:28:18','2022-09-22 01:28:18'),(1127,1,'vi','core/media/media','actions','Hành động','2022-09-22 01:28:18','2022-09-22 01:28:18'),(1128,1,'vi','core/media/media','nothing_is_selected','Không có tập tin nào được chọn','2022-09-22 01:28:18','2022-09-22 01:28:18'),(1129,1,'vi','core/media/media','insert','Chèn','2022-09-22 01:28:18','2022-09-22 01:28:18'),(1130,1,'vi','core/media/media','folder_name','Tên thư mục','2022-09-22 01:28:18','2022-09-22 01:28:18'),(1131,1,'vi','core/media/media','create','Tạo','2022-09-22 01:28:18','2022-09-22 01:28:18'),(1132,1,'vi','core/media/media','rename','Đổi tên','2022-09-22 01:28:18','2022-09-22 01:28:18'),(1133,1,'vi','core/media/media','close','Đóng','2022-09-22 01:28:18','2022-09-22 01:28:18'),(1134,1,'vi','core/media/media','save_changes','Lưu thay đổi','2022-09-22 01:28:18','2022-09-22 01:28:18'),(1135,1,'vi','core/media/media','move_to_trash','Đưa vào thùng rác','2022-09-22 01:28:18','2022-09-22 01:28:18'),(1136,1,'vi','core/media/media','confirm_trash','Bạn có chắc chắn muốn bỏ những tập tin này vào thùng rác?','2022-09-22 01:28:18','2022-09-22 01:28:18'),(1137,1,'vi','core/media/media','confirm','Xác nhận','2022-09-22 01:28:18','2022-09-22 01:28:18'),(1138,1,'vi','core/media/media','confirm_delete','Xóa tập tin','2022-09-22 01:28:18','2022-09-22 01:28:18'),(1139,1,'vi','core/media/media','confirm_delete_description','Hành động này không thể khôi phục. Bạn có chắc chắn muốn xóa các tập tin này?','2022-09-22 01:28:18','2022-09-22 01:28:18'),(1140,1,'vi','core/media/media','empty_trash_title','Dọn sạch thùng rác','2022-09-22 01:28:18','2022-09-22 01:28:18'),(1141,1,'vi','core/media/media','empty_trash_description','Hành động này không thể khôi phục. Bạn có chắc chắn muốn dọn sạch thùng rác?','2022-09-22 01:28:18','2022-09-22 01:28:18'),(1142,1,'vi','core/media/media','up_level','Quay lại một cấp','2022-09-22 01:28:18','2022-09-22 01:28:18'),(1143,1,'vi','core/media/media','upload_progress','Tiến trình tải lên','2022-09-22 01:28:18','2022-09-22 01:28:18'),(1144,1,'vi','core/media/media','folder_created','Tạo thư mục thành công!','2022-09-22 01:28:18','2022-09-22 01:28:18'),(1145,1,'vi','core/media/media','gallery','Thư viện tập tin','2022-09-22 01:28:18','2022-09-22 01:28:18'),(1146,1,'vi','core/media/media','trash_error','Có lỗi khi xóa tập tin/thư mục','2022-09-22 01:28:18','2022-09-22 01:28:18'),(1147,1,'vi','core/media/media','trash_success','Xóa tập tin/thư mục thành công!','2022-09-22 01:28:18','2022-09-22 01:28:18'),(1148,1,'vi','core/media/media','restore_error','Có lỗi trong quá trình khôi phục','2022-09-22 01:28:18','2022-09-22 01:28:18'),(1149,1,'vi','core/media/media','restore_success','Khôi phục thành công!','2022-09-22 01:28:18','2022-09-22 01:28:18'),(1150,1,'vi','core/media/media','copy_success','Sao chép thành công!','2022-09-22 01:28:18','2022-09-22 01:28:18'),(1151,1,'vi','core/media/media','delete_success','Xóa thành công!','2022-09-22 01:28:18','2022-09-22 01:28:18'),(1152,1,'vi','core/media/media','favorite_success','Thêm dấu sao thành công!','2022-09-22 01:28:18','2022-09-22 01:28:18'),(1153,1,'vi','core/media/media','remove_favorite_success','Bỏ dấu sao thành công!','2022-09-22 01:28:18','2022-09-22 01:28:18'),(1154,1,'vi','core/media/media','rename_error','Có lỗi trong quá trình đổi tên','2022-09-22 01:28:18','2022-09-22 01:28:18'),(1155,1,'vi','core/media/media','rename_success','Đổi tên thành công!','2022-09-22 01:28:18','2022-09-22 01:28:18'),(1156,1,'vi','core/media/media','invalid_action','Hành động không hợp lệ!','2022-09-22 01:28:18','2022-09-22 01:28:18'),(1157,1,'vi','core/media/media','file_not_exists','Tập tin không tồn tại!','2022-09-22 01:28:18','2022-09-22 01:28:18'),(1158,1,'vi','core/media/media','download_file_error','Có lỗi trong quá trình tải xuống tập tin!','2022-09-22 01:28:18','2022-09-22 01:28:18'),(1159,1,'vi','core/media/media','missing_zip_archive_extension','Hãy bật ZipArchive extension để tải tập tin!','2022-09-22 01:28:18','2022-09-22 01:28:18'),(1160,1,'vi','core/media/media','can_not_download_file','Không thể tải tập tin!','2022-09-22 01:28:18','2022-09-22 01:28:18'),(1161,1,'vi','core/media/media','invalid_request','Yêu cầu không hợp lệ!','2022-09-22 01:28:18','2022-09-22 01:28:18'),(1162,1,'vi','core/media/media','add_success','Thêm thành công!','2022-09-22 01:28:18','2022-09-22 01:28:18'),(1163,1,'vi','core/media/media','file_too_big','Tập tin quá lớn. Giới hạn tải lên là :size bytes','2022-09-22 01:28:18','2022-09-22 01:28:18'),(1164,1,'vi','core/media/media','can_not_detect_file_type','Loại tập tin không hợp lệ hoặc không thể xác định loại tập tin!','2022-09-22 01:28:18','2022-09-22 01:28:18'),(1165,1,'vi','core/media/media','upload_failed','The file is NOT uploaded completely. The server allows max upload file size is :size . Please check your file size OR try to upload again in case of having network errors','2022-09-22 01:28:18','2022-09-22 01:28:18'),(1166,1,'vi','core/media/media','menu_name','Quản lý tập tin','2022-09-22 01:28:18','2022-09-22 01:28:18'),(1167,1,'vi','core/media/media','add','Thêm tập tin','2022-09-22 01:28:18','2022-09-22 01:28:18'),(1168,1,'vi','core/media/media','javascript.name','Tên','2022-09-22 01:28:18','2022-09-22 01:28:18'),(1169,1,'vi','core/media/media','javascript.url','Đường dẫn','2022-09-22 01:28:18','2022-09-22 01:28:18'),(1170,1,'vi','core/media/media','javascript.full_url','Đường dẫn tuyệt đối','2022-09-22 01:28:18','2022-09-22 01:28:18'),(1171,1,'vi','core/media/media','javascript.size','Kích thước','2022-09-22 01:28:18','2022-09-22 01:28:18'),(1172,1,'vi','core/media/media','javascript.mime_type','Loại','2022-09-22 01:28:18','2022-09-22 01:28:18'),(1173,1,'vi','core/media/media','javascript.created_at','Được tải lên lúc','2022-09-22 01:28:18','2022-09-22 01:28:18'),(1174,1,'vi','core/media/media','javascript.updated_at','Được chỉnh sửa lúc','2022-09-22 01:28:18','2022-09-22 01:28:18'),(1175,1,'vi','core/media/media','javascript.nothing_selected','Bạn chưa chọn tập tin nào','2022-09-22 01:28:18','2022-09-22 01:28:18'),(1176,1,'vi','core/media/media','javascript.visit_link','Mở liên kết','2022-09-22 01:28:18','2022-09-22 01:28:18'),(1177,1,'vi','core/media/media','javascript.no_item.all_media.icon','fas fa-cloud-upload-alt','2022-09-22 01:28:18','2022-09-22 01:28:18'),(1178,1,'vi','core/media/media','javascript.no_item.all_media.title','Bạn có thể kéo thả tập tin vào đây để tải lên','2022-09-22 01:28:18','2022-09-22 01:28:18'),(1179,1,'vi','core/media/media','javascript.no_item.all_media.message','Hoặc có thể bấm nút Tải lên ở phía trên','2022-09-22 01:28:18','2022-09-22 01:28:18'),(1180,1,'vi','core/media/media','javascript.no_item.trash.icon','fas fa-trash-alt','2022-09-22 01:28:18','2022-09-22 01:28:18'),(1181,1,'vi','core/media/media','javascript.no_item.trash.title','Hiện tại không có tập tin nào trong thùng rác','2022-09-22 01:28:18','2022-09-22 01:28:18'),(1182,1,'vi','core/media/media','javascript.no_item.trash.message','Xóa tập tin sẽ đem tập tin lưu vào thùng rác. Xóa tập tin trong thùng rác sẽ xóa vĩnh viễn.','2022-09-22 01:28:18','2022-09-22 01:28:18'),(1183,1,'vi','core/media/media','javascript.no_item.favorites.icon','fas fa-star','2022-09-22 01:28:18','2022-09-22 01:28:18'),(1184,1,'vi','core/media/media','javascript.no_item.favorites.title','Bạn chưa đặt tập tin nào vào mục yêu thích','2022-09-22 01:28:18','2022-09-22 01:28:18'),(1185,1,'vi','core/media/media','javascript.no_item.favorites.message','Thêm tập tin vào mục yêu thích để tìm kiếm chúng dễ dàng sau này.','2022-09-22 01:28:18','2022-09-22 01:28:18'),(1186,1,'vi','core/media/media','javascript.no_item.recent.icon','far fa-clock','2022-09-22 01:28:18','2022-09-22 01:28:18'),(1187,1,'vi','core/media/media','javascript.no_item.recent.title','Bạn chưa mở tập tin nào.','2022-09-22 01:28:18','2022-09-22 01:28:18'),(1188,1,'vi','core/media/media','javascript.no_item.recent.message','Mục này hiển thị các tập tin bạn đã xem gần đây.','2022-09-22 01:28:18','2022-09-22 01:28:18'),(1189,1,'vi','core/media/media','javascript.no_item.default.icon','fas fa-sync','2022-09-22 01:28:18','2022-09-22 01:28:18'),(1190,1,'vi','core/media/media','javascript.no_item.default.title','Thư mục trống','2022-09-22 01:28:18','2022-09-22 01:28:18'),(1191,1,'vi','core/media/media','javascript.no_item.default.message','Thư mục này chưa có tập tin nào','2022-09-22 01:28:18','2022-09-22 01:28:18'),(1192,1,'vi','core/media/media','javascript.clipboard.success','Đường dẫn của các tập tin đã được sao chép vào clipboard','2022-09-22 01:28:18','2022-09-22 01:28:18'),(1193,1,'vi','core/media/media','javascript.message.error_header','Lỗi','2022-09-22 01:28:18','2022-09-22 01:28:18'),(1194,1,'vi','core/media/media','javascript.message.success_header','Thành công','2022-09-22 01:28:18','2022-09-22 01:28:18'),(1195,1,'vi','core/media/media','javascript.download.error','Bạn chưa chọn tập tin nào hoặc tập tin này không cho phép tải về','2022-09-22 01:28:18','2022-09-22 01:28:18'),(1196,1,'vi','core/media/media','javascript.actions_list.basic.preview','Xem trước','2022-09-22 01:28:18','2022-09-22 01:28:18'),(1197,1,'vi','core/media/media','javascript.actions_list.file.copy_link','Sao chép đường dẫn','2022-09-22 01:28:18','2022-09-22 01:28:18'),(1198,1,'vi','core/media/media','javascript.actions_list.file.rename','Đổi tên','2022-09-22 01:28:18','2022-09-22 01:28:18'),(1199,1,'vi','core/media/media','javascript.actions_list.file.make_copy','Nhân bản','2022-09-22 01:28:18','2022-09-22 01:28:18'),(1200,1,'vi','core/media/media','javascript.actions_list.user.favorite','Yêu thích','2022-09-22 01:28:18','2022-09-22 01:28:18'),(1201,1,'vi','core/media/media','javascript.actions_list.user.remove_favorite','Xóa khỏi mục yêu thích','2022-09-22 01:28:18','2022-09-22 01:28:18'),(1202,1,'vi','core/media/media','javascript.actions_list.other.download','Tải xuống','2022-09-22 01:28:18','2022-09-22 01:28:18'),(1203,1,'vi','core/media/media','javascript.actions_list.other.trash','Chuyển vào thùng rác','2022-09-22 01:28:18','2022-09-22 01:28:18'),(1204,1,'vi','core/media/media','javascript.actions_list.other.delete','Xóa hoàn toàn','2022-09-22 01:28:18','2022-09-22 01:28:18'),(1205,1,'vi','core/media/media','javascript.actions_list.other.restore','Khôi phục','2022-09-22 01:28:18','2022-09-22 01:28:18'),(1206,1,'vi','core/media/media','empty_trash_success','Dọn sạch thùng rác thành công','2022-09-22 01:28:18','2022-09-22 01:28:18'),(1207,1,'vi','core/media/media','name_invalid','Tên thư mục chứa ký tự không hợp lệ','2022-09-22 01:28:18','2022-09-22 01:28:18'),(1208,1,'vi','core/media/media','path_invalid','Vui lòng cung cấp 1 đường dẫn hợp lệ','2022-09-22 01:28:18','2022-09-22 01:28:18'),(1209,1,'vi','core/media/media','url_invalid','Vui lòng cung cấp 1 đường dẫn hợp lệ','2022-09-22 01:28:18','2022-09-22 01:28:18'),(1210,1,'vi','core/media/media','download_explain','Mỗi URL trên 1 dòng','2022-09-22 01:28:18','2022-09-22 01:28:18'),(1211,1,'vi','core/media/media','download_link','Tải xuống','2022-09-22 01:28:18','2022-09-22 01:28:18'),(1212,1,'vi','core/media/media','downloading','Đang tải xuống','2022-09-22 01:28:18','2022-09-22 01:28:18'),(1213,1,'en','core/setting/setting','title','Settings','2022-09-22 01:28:18','2022-09-22 01:28:18'),(1214,1,'en','core/setting/setting','email_setting_title','Email settings','2022-09-22 01:28:18','2022-09-22 01:28:18'),(1215,1,'en','core/setting/setting','general.theme','Theme','2022-09-22 01:28:18','2022-09-22 01:28:18'),(1216,1,'en','core/setting/setting','general.description','Setting site information','2022-09-22 01:28:18','2022-09-22 01:28:18'),(1217,1,'en','core/setting/setting','general.title','General','2022-09-22 01:28:18','2022-09-22 01:28:18'),(1218,1,'en','core/setting/setting','general.general_block','General Information','2022-09-22 01:28:19','2022-09-22 01:28:19'),(1219,1,'en','core/setting/setting','general.rich_editor','Rich Editor','2022-09-22 01:28:19','2022-09-22 01:28:19'),(1220,1,'en','core/setting/setting','general.site_title','Site title','2022-09-22 01:28:19','2022-09-22 01:28:19'),(1221,1,'en','core/setting/setting','general.admin_email','Admin Email','2022-09-22 01:28:19','2022-09-22 01:28:19'),(1222,1,'en','core/setting/setting','general.seo_block','SEO Configuration','2022-09-22 01:28:19','2022-09-22 01:28:19'),(1223,1,'en','core/setting/setting','general.seo_title','SEO Title','2022-09-22 01:28:19','2022-09-22 01:28:19'),(1224,1,'en','core/setting/setting','general.seo_description','SEO Description','2022-09-22 01:28:19','2022-09-22 01:28:19'),(1225,1,'en','core/setting/setting','general.webmaster_tools_block','Google Webmaster Tools','2022-09-22 01:28:19','2022-09-22 01:28:19'),(1226,1,'en','core/setting/setting','general.google_site_verification','Google site verification','2022-09-22 01:28:19','2022-09-22 01:28:19'),(1227,1,'en','core/setting/setting','general.placeholder.site_title','Site Title (maximum 120 characters)','2022-09-22 01:28:19','2022-09-22 01:28:19'),(1228,1,'en','core/setting/setting','general.placeholder.admin_email','Admin Email','2022-09-22 01:28:19','2022-09-22 01:28:19'),(1229,1,'en','core/setting/setting','general.placeholder.seo_title','SEO Title (maximum 120 characters)','2022-09-22 01:28:19','2022-09-22 01:28:19'),(1230,1,'en','core/setting/setting','general.placeholder.seo_description','SEO Description (maximum 120 characters)','2022-09-22 01:28:19','2022-09-22 01:28:19'),(1231,1,'en','core/setting/setting','general.placeholder.google_analytics','Google Analytics','2022-09-22 01:28:19','2022-09-22 01:28:19'),(1232,1,'en','core/setting/setting','general.placeholder.google_site_verification','Google Site Verification','2022-09-22 01:28:19','2022-09-22 01:28:19'),(1233,1,'en','core/setting/setting','general.cache_admin_menu','Cache admin menu?','2022-09-22 01:28:19','2022-09-22 01:28:19'),(1234,1,'en','core/setting/setting','general.enable_send_error_reporting_via_email','Enable to send error reporting via email?','2022-09-22 01:28:19','2022-09-22 01:28:19'),(1235,1,'en','core/setting/setting','general.time_zone','Timezone','2022-09-22 01:28:19','2022-09-22 01:28:19'),(1236,1,'en','core/setting/setting','general.default_admin_theme','Default admin theme','2022-09-22 01:28:19','2022-09-22 01:28:19'),(1237,1,'en','core/setting/setting','general.enable_change_admin_theme','Enable change admin theme?','2022-09-22 01:28:19','2022-09-22 01:28:19'),(1238,1,'en','core/setting/setting','general.enable','Enable','2022-09-22 01:28:19','2022-09-22 01:28:19'),(1239,1,'en','core/setting/setting','general.disable','Disable','2022-09-22 01:28:19','2022-09-22 01:28:19'),(1240,1,'en','core/setting/setting','general.enable_cache','Enable cache?','2022-09-22 01:28:19','2022-09-22 01:28:19'),(1241,1,'en','core/setting/setting','general.cache_time','Cache time (minutes)','2022-09-22 01:28:19','2022-09-22 01:28:19'),(1242,1,'en','core/setting/setting','general.enable_cache_site_map','Enable cache site map?','2022-09-22 01:28:19','2022-09-22 01:28:19'),(1243,1,'en','core/setting/setting','general.cache_time_site_map','Cache Time Site map (minutes)','2022-09-22 01:28:19','2022-09-22 01:28:19'),(1244,1,'en','core/setting/setting','general.admin_logo','Admin logo','2022-09-22 01:28:19','2022-09-22 01:28:19'),(1245,1,'en','core/setting/setting','general.admin_favicon','Admin favicon','2022-09-22 01:28:19','2022-09-22 01:28:19'),(1246,1,'en','core/setting/setting','general.admin_title','Admin title','2022-09-22 01:28:19','2022-09-22 01:28:19'),(1247,1,'en','core/setting/setting','general.admin_title_placeholder','Title show to tab of browser','2022-09-22 01:28:19','2022-09-22 01:28:19'),(1248,1,'en','core/setting/setting','general.cache_block','Cache','2022-09-22 01:28:19','2022-09-22 01:28:19'),(1249,1,'en','core/setting/setting','general.admin_appearance_title','Admin appearance','2022-09-22 01:28:19','2022-09-22 01:28:19'),(1250,1,'en','core/setting/setting','general.admin_appearance_description','Setting admin appearance such as editor, language...','2022-09-22 01:28:19','2022-09-22 01:28:19'),(1251,1,'en','core/setting/setting','general.seo_block_description','Setting site title, site meta description, site keyword for optimize SEO','2022-09-22 01:28:19','2022-09-22 01:28:19'),(1252,1,'en','core/setting/setting','general.webmaster_tools_description','Google Webmaster Tools (GWT) is free software that helps you manage the technical side of your website','2022-09-22 01:28:19','2022-09-22 01:28:19'),(1253,1,'en','core/setting/setting','general.cache_description','Config cache for system for optimize speed','2022-09-22 01:28:19','2022-09-22 01:28:19'),(1254,1,'en','core/setting/setting','general.yes','Yes','2022-09-22 01:28:19','2022-09-22 01:28:19'),(1255,1,'en','core/setting/setting','general.no','No','2022-09-22 01:28:19','2022-09-22 01:28:19'),(1256,1,'en','core/setting/setting','general.show_on_front','Your homepage displays','2022-09-22 01:28:19','2022-09-22 01:28:19'),(1257,1,'en','core/setting/setting','general.select','— Select —','2022-09-22 01:28:19','2022-09-22 01:28:19'),(1258,1,'en','core/setting/setting','general.show_site_name','Show site name after page title, separate with \"-\"?','2022-09-22 01:28:19','2022-09-22 01:28:19'),(1259,1,'en','core/setting/setting','general.locale','Site language','2022-09-22 01:28:19','2022-09-22 01:28:19'),(1260,1,'en','core/setting/setting','general.locale_direction','Front site language direction','2022-09-22 01:28:19','2022-09-22 01:28:19'),(1261,1,'en','core/setting/setting','general.admin_locale_direction','Admin language direction','2022-09-22 01:28:19','2022-09-22 01:28:19'),(1262,1,'en','core/setting/setting','general.admin_login_screen_backgrounds','Login screen backgrounds (~1366x768)','2022-09-22 01:28:19','2022-09-22 01:28:19'),(1263,1,'en','core/setting/setting','email.subject','Subject','2022-09-22 01:28:19','2022-09-22 01:28:19'),(1264,1,'en','core/setting/setting','email.content','Content','2022-09-22 01:28:19','2022-09-22 01:28:19'),(1265,1,'en','core/setting/setting','email.title','Setting for email template','2022-09-22 01:28:19','2022-09-22 01:28:19'),(1266,1,'en','core/setting/setting','email.description','Email template using HTML & system variables.','2022-09-22 01:28:19','2022-09-22 01:28:19'),(1267,1,'en','core/setting/setting','email.reset_to_default','Reset to default','2022-09-22 01:28:19','2022-09-22 01:28:19'),(1268,1,'en','core/setting/setting','email.back','Back to settings','2022-09-22 01:28:19','2022-09-22 01:28:19'),(1269,1,'en','core/setting/setting','email.reset_success','Reset back to default successfully','2022-09-22 01:28:19','2022-09-22 01:28:19'),(1270,1,'en','core/setting/setting','email.confirm_reset','Confirm reset email template?','2022-09-22 01:28:19','2022-09-22 01:28:19'),(1271,1,'en','core/setting/setting','email.confirm_message','Do you really want to reset this email template to default?','2022-09-22 01:28:19','2022-09-22 01:28:19'),(1272,1,'en','core/setting/setting','email.continue','Continue','2022-09-22 01:28:19','2022-09-22 01:28:19'),(1273,1,'en','core/setting/setting','email.sender_name','Sender name','2022-09-22 01:28:19','2022-09-22 01:28:19'),(1274,1,'en','core/setting/setting','email.sender_name_placeholder','Name','2022-09-22 01:28:19','2022-09-22 01:28:19'),(1275,1,'en','core/setting/setting','email.sender_email','Sender email','2022-09-22 01:28:19','2022-09-22 01:28:19'),(1276,1,'en','core/setting/setting','email.mailer','Mailer','2022-09-22 01:28:19','2022-09-22 01:28:19'),(1277,1,'en','core/setting/setting','email.port','Port','2022-09-22 01:28:19','2022-09-22 01:28:19'),(1278,1,'en','core/setting/setting','email.port_placeholder','Ex: 587','2022-09-22 01:28:19','2022-09-22 01:28:19'),(1279,1,'en','core/setting/setting','email.host','Host','2022-09-22 01:28:19','2022-09-22 01:28:19'),(1280,1,'en','core/setting/setting','email.host_placeholder','Ex: smtp.gmail.com','2022-09-22 01:28:19','2022-09-22 01:28:19'),(1281,1,'en','core/setting/setting','email.username','Username','2022-09-22 01:28:19','2022-09-22 01:28:19'),(1282,1,'en','core/setting/setting','email.username_placeholder','Username to login to mail server','2022-09-22 01:28:19','2022-09-22 01:28:19'),(1283,1,'en','core/setting/setting','email.password','Password','2022-09-22 01:28:19','2022-09-22 01:28:19'),(1284,1,'en','core/setting/setting','email.password_placeholder','Password to login to mail server','2022-09-22 01:28:19','2022-09-22 01:28:19'),(1285,1,'en','core/setting/setting','email.encryption','Encryption','2022-09-22 01:28:19','2022-09-22 01:28:19'),(1286,1,'en','core/setting/setting','email.mail_gun_domain','Domain','2022-09-22 01:28:19','2022-09-22 01:28:19'),(1287,1,'en','core/setting/setting','email.mail_gun_domain_placeholder','Domain','2022-09-22 01:28:19','2022-09-22 01:28:19'),(1288,1,'en','core/setting/setting','email.mail_gun_secret','Secret','2022-09-22 01:28:19','2022-09-22 01:28:19'),(1289,1,'en','core/setting/setting','email.mail_gun_secret_placeholder','Secret','2022-09-22 01:28:19','2022-09-22 01:28:19'),(1290,1,'en','core/setting/setting','email.mail_gun_endpoint','Endpoint','2022-09-22 01:28:19','2022-09-22 01:28:19'),(1291,1,'en','core/setting/setting','email.mail_gun_endpoint_placeholder','Endpoint','2022-09-22 01:28:19','2022-09-22 01:28:19'),(1292,1,'en','core/setting/setting','email.log_channel','Log channel','2022-09-22 01:28:19','2022-09-22 01:28:19'),(1293,1,'en','core/setting/setting','email.sendmail_path','Sendmail Path','2022-09-22 01:28:19','2022-09-22 01:28:19'),(1294,1,'en','core/setting/setting','email.encryption_placeholder','Encryption: ssl or tls','2022-09-22 01:28:19','2022-09-22 01:28:19'),(1295,1,'en','core/setting/setting','email.ses_key','Key','2022-09-22 01:28:19','2022-09-22 01:28:19'),(1296,1,'en','core/setting/setting','email.ses_key_placeholder','Key','2022-09-22 01:28:19','2022-09-22 01:28:19'),(1297,1,'en','core/setting/setting','email.ses_secret','Secret','2022-09-22 01:28:19','2022-09-22 01:28:19'),(1298,1,'en','core/setting/setting','email.ses_secret_placeholder','Secret','2022-09-22 01:28:19','2022-09-22 01:28:19'),(1299,1,'en','core/setting/setting','email.ses_region','Region','2022-09-22 01:28:20','2022-09-22 01:28:20'),(1300,1,'en','core/setting/setting','email.ses_region_placeholder','Region','2022-09-22 01:28:20','2022-09-22 01:28:20'),(1301,1,'en','core/setting/setting','email.postmark_token','Token','2022-09-22 01:28:20','2022-09-22 01:28:20'),(1302,1,'en','core/setting/setting','email.postmark_token_placeholder','Token','2022-09-22 01:28:20','2022-09-22 01:28:20'),(1303,1,'en','core/setting/setting','email.template_title','Email templates','2022-09-22 01:28:20','2022-09-22 01:28:20'),(1304,1,'en','core/setting/setting','email.template_description','Base templates for all emails','2022-09-22 01:28:20','2022-09-22 01:28:20'),(1305,1,'en','core/setting/setting','email.template_header','Email template header','2022-09-22 01:28:20','2022-09-22 01:28:20'),(1306,1,'en','core/setting/setting','email.template_header_description','Template for header of emails','2022-09-22 01:28:20','2022-09-22 01:28:20'),(1307,1,'en','core/setting/setting','email.template_footer','Email template footer','2022-09-22 01:28:20','2022-09-22 01:28:20'),(1308,1,'en','core/setting/setting','email.template_footer_description','Template for footer of emails','2022-09-22 01:28:20','2022-09-22 01:28:20'),(1309,1,'en','core/setting/setting','email.default','Default','2022-09-22 01:28:20','2022-09-22 01:28:20'),(1310,1,'en','core/setting/setting','email.using_queue_to_send_mail','Using queue job to send emails (Must to setup Queue first https://laravel.com/docs/queues#supervisor-configuration)','2022-09-22 01:28:20','2022-09-22 01:28:20'),(1311,1,'en','core/setting/setting','media.title','Media','2022-09-22 01:28:20','2022-09-22 01:28:20'),(1312,1,'en','core/setting/setting','media.driver','Driver','2022-09-22 01:28:20','2022-09-22 01:28:20'),(1313,1,'en','core/setting/setting','media.description','Settings for media','2022-09-22 01:28:20','2022-09-22 01:28:20'),(1314,1,'en','core/setting/setting','media.aws_access_key_id','AWS Access Key ID','2022-09-22 01:28:20','2022-09-22 01:28:20'),(1315,1,'en','core/setting/setting','media.aws_secret_key','AWS Secret Key','2022-09-22 01:28:20','2022-09-22 01:28:20'),(1316,1,'en','core/setting/setting','media.aws_default_region','AWS Default Region','2022-09-22 01:28:20','2022-09-22 01:28:20'),(1317,1,'en','core/setting/setting','media.aws_bucket','AWS Bucket','2022-09-22 01:28:20','2022-09-22 01:28:20'),(1318,1,'en','core/setting/setting','media.aws_url','AWS URL','2022-09-22 01:28:20','2022-09-22 01:28:20'),(1319,1,'en','core/setting/setting','media.aws_endpoint','AWS Endpoint (Optional)','2022-09-22 01:28:20','2022-09-22 01:28:20'),(1320,1,'en','core/setting/setting','media.do_spaces_access_key_id','DO Spaces Access Key ID','2022-09-22 01:28:20','2022-09-22 01:28:20'),(1321,1,'en','core/setting/setting','media.do_spaces_secret_key','DO Spaces Secret Key','2022-09-22 01:28:20','2022-09-22 01:28:20'),(1322,1,'en','core/setting/setting','media.do_spaces_default_region','DO Spaces Default Region','2022-09-22 01:28:20','2022-09-22 01:28:20'),(1323,1,'en','core/setting/setting','media.do_spaces_bucket','DO Spaces Bucket','2022-09-22 01:28:20','2022-09-22 01:28:20'),(1324,1,'en','core/setting/setting','media.do_spaces_endpoint','DO Spaces Endpoint','2022-09-22 01:28:20','2022-09-22 01:28:20'),(1325,1,'en','core/setting/setting','media.do_spaces_cdn_enabled','Is DO Spaces CDN enabled?','2022-09-22 01:28:20','2022-09-22 01:28:20'),(1326,1,'en','core/setting/setting','media.media_do_spaces_cdn_custom_domain','Do Spaces CDN custom domain','2022-09-22 01:28:20','2022-09-22 01:28:20'),(1327,1,'en','core/setting/setting','media.media_do_spaces_cdn_custom_domain_placeholder','https://your-custom-domain.com','2022-09-22 01:28:20','2022-09-22 01:28:20'),(1328,1,'en','core/setting/setting','media.wasabi_access_key_id','Wasabi Access Key ID','2022-09-22 01:28:20','2022-09-22 01:28:20'),(1329,1,'en','core/setting/setting','media.wasabi_secret_key','Wasabi Secret Key','2022-09-22 01:28:20','2022-09-22 01:28:20'),(1330,1,'en','core/setting/setting','media.wasabi_default_region','Wasabi Default Region','2022-09-22 01:28:20','2022-09-22 01:28:20'),(1331,1,'en','core/setting/setting','media.wasabi_bucket','Wasabi Bucket','2022-09-22 01:28:20','2022-09-22 01:28:20'),(1332,1,'en','core/setting/setting','media.wasabi_root','Wasabi Root','2022-09-22 01:28:20','2022-09-22 01:28:20'),(1333,1,'en','core/setting/setting','media.default_placeholder_image','Default placeholder image','2022-09-22 01:28:20','2022-09-22 01:28:20'),(1334,1,'en','core/setting/setting','media.enable_chunk','Enable chunk size upload?','2022-09-22 01:28:20','2022-09-22 01:28:20'),(1335,1,'en','core/setting/setting','media.chunk_size','Chunk size (Bytes)','2022-09-22 01:28:20','2022-09-22 01:28:20'),(1336,1,'en','core/setting/setting','media.chunk_size_placeholder','Default: 1048576 ~ 1MB','2022-09-22 01:28:20','2022-09-22 01:28:20'),(1337,1,'en','core/setting/setting','media.max_file_size','Chunk max file size (MB)','2022-09-22 01:28:20','2022-09-22 01:28:20'),(1338,1,'en','core/setting/setting','media.max_file_size_placeholder','Default: 1048576 ~ 1GB','2022-09-22 01:28:20','2022-09-22 01:28:20'),(1339,1,'en','core/setting/setting','media.enable_watermark','Enable watermark?','2022-09-22 01:28:20','2022-09-22 01:28:20'),(1340,1,'en','core/setting/setting','media.watermark_source','Watermark image','2022-09-22 01:28:20','2022-09-22 01:28:20'),(1341,1,'en','core/setting/setting','media.watermark_size','Size of watermark (%)','2022-09-22 01:28:20','2022-09-22 01:28:20'),(1342,1,'en','core/setting/setting','media.watermark_size_placeholder','Default: 10 (%)','2022-09-22 01:28:20','2022-09-22 01:28:20'),(1343,1,'en','core/setting/setting','media.watermark_opacity','Watermark Opacity (%)','2022-09-22 01:28:20','2022-09-22 01:28:20'),(1344,1,'en','core/setting/setting','media.watermark_opacity_placeholder','Default: 70 (%)','2022-09-22 01:28:20','2022-09-22 01:28:20'),(1345,1,'en','core/setting/setting','media.watermark_position','Watermark position','2022-09-22 01:28:20','2022-09-22 01:28:20'),(1346,1,'en','core/setting/setting','media.watermark_position_x','Watermark position X','2022-09-22 01:28:20','2022-09-22 01:28:20'),(1347,1,'en','core/setting/setting','media.watermark_position_y','Watermark position Y','2022-09-22 01:28:20','2022-09-22 01:28:20'),(1348,1,'en','core/setting/setting','media.watermark_position_top_left','Top left','2022-09-22 01:28:20','2022-09-22 01:28:20'),(1349,1,'en','core/setting/setting','media.watermark_position_top_right','Top right','2022-09-22 01:28:20','2022-09-22 01:28:20'),(1350,1,'en','core/setting/setting','media.watermark_position_bottom_left','Bottom left','2022-09-22 01:28:20','2022-09-22 01:28:20'),(1351,1,'en','core/setting/setting','media.watermark_position_bottom_right','Bottom right','2022-09-22 01:28:20','2022-09-22 01:28:20'),(1352,1,'en','core/setting/setting','media.watermark_position_center','Center','2022-09-22 01:28:20','2022-09-22 01:28:20'),(1353,1,'en','core/setting/setting','media.turn_off_automatic_url_translation_into_latin','Turn off automatic URL translation into Latin?','2022-09-22 01:28:20','2022-09-22 01:28:20'),(1354,1,'en','core/setting/setting','media.bunnycdn_hostname','Hostname','2022-09-22 01:28:20','2022-09-22 01:28:20'),(1355,1,'en','core/setting/setting','media.bunnycdn_zone','Zone Name (The name of your storage zone)','2022-09-22 01:28:20','2022-09-22 01:28:20'),(1356,1,'en','core/setting/setting','media.bunnycdn_key','FTP & API Access Password (The storage zone API Access Password)','2022-09-22 01:28:20','2022-09-22 01:28:20'),(1357,1,'en','core/setting/setting','media.bunnycdn_region','Region (The storage zone region)','2022-09-22 01:28:20','2022-09-22 01:28:20'),(1358,1,'en','core/setting/setting','media.optional','Optional','2022-09-22 01:28:20','2022-09-22 01:28:20'),(1359,1,'en','core/setting/setting','media.sizes','Media thumbnails sizes','2022-09-22 01:28:20','2022-09-22 01:28:20'),(1360,1,'en','core/setting/setting','media.media_sizes_helper','Set width or height to 0 if you just want to crop by width or height. Need to click on \"Generate thumbnails\" to apply changes.','2022-09-22 01:28:20','2022-09-22 01:28:20'),(1361,1,'en','core/setting/setting','media.width','Width','2022-09-22 01:28:20','2022-09-22 01:28:20'),(1362,1,'en','core/setting/setting','media.height','Height','2022-09-22 01:28:20','2022-09-22 01:28:20'),(1363,1,'en','core/setting/setting','media.default_size_value','Default: :size','2022-09-22 01:28:20','2022-09-22 01:28:20'),(1364,1,'en','core/setting/setting','media.all','All','2022-09-22 01:28:20','2022-09-22 01:28:20'),(1365,1,'en','core/setting/setting','media.media_folders_can_add_watermark','Add watermark for images in folders:','2022-09-22 01:28:20','2022-09-22 01:28:20'),(1366,1,'en','core/setting/setting','license.purchase_code','Purchase code','2022-09-22 01:28:20','2022-09-22 01:28:20'),(1367,1,'en','core/setting/setting','license.buyer','Buyer','2022-09-22 01:28:20','2022-09-22 01:28:20'),(1368,1,'en','core/setting/setting','field_type_not_exists','This field type does not exist','2022-09-22 01:28:20','2022-09-22 01:28:20'),(1369,1,'en','core/setting/setting','save_settings','Save settings','2022-09-22 01:28:20','2022-09-22 01:28:20'),(1370,1,'en','core/setting/setting','template','Template','2022-09-22 01:28:20','2022-09-22 01:28:20'),(1371,1,'en','core/setting/setting','description','Description','2022-09-22 01:28:20','2022-09-22 01:28:20'),(1372,1,'en','core/setting/setting','enable','Enable','2022-09-22 01:28:20','2022-09-22 01:28:20'),(1373,1,'en','core/setting/setting','send','Send','2022-09-22 01:28:20','2022-09-22 01:28:20'),(1374,1,'en','core/setting/setting','test_email_description','To send test email, please make sure you are updated configuration to send mail!','2022-09-22 01:28:20','2022-09-22 01:28:20'),(1375,1,'en','core/setting/setting','test_email_input_placeholder','Enter the email which you want to send test email.','2022-09-22 01:28:20','2022-09-22 01:28:20'),(1376,1,'en','core/setting/setting','test_email_modal_title','Send a test email','2022-09-22 01:28:20','2022-09-22 01:28:20'),(1377,1,'en','core/setting/setting','test_send_mail','Send test mail','2022-09-22 01:28:20','2022-09-22 01:28:20'),(1378,1,'en','core/setting/setting','test_email_send_success','Send email successfully!','2022-09-22 01:28:21','2022-09-22 01:28:21'),(1379,1,'en','core/setting/setting','locale_direction_ltr','Left to Right','2022-09-22 01:28:21','2022-09-22 01:28:21'),(1380,1,'en','core/setting/setting','locale_direction_rtl','Right to Left','2022-09-22 01:28:21','2022-09-22 01:28:21'),(1381,1,'en','core/setting/setting','saving','Saving...','2022-09-22 01:28:21','2022-09-22 01:28:21'),(1382,1,'en','core/setting/setting','emails_warning','You can add up to :count emails','2022-09-22 01:28:21','2022-09-22 01:28:21'),(1383,1,'en','core/setting/setting','email_add_more','Add more','2022-09-22 01:28:21','2022-09-22 01:28:21'),(1384,1,'en','core/setting/setting','generate','Generate','2022-09-22 01:28:21','2022-09-22 01:28:21'),(1385,1,'en','core/setting/setting','generate_thumbnails','Generate thumbnails','2022-09-22 01:28:21','2022-09-22 01:28:21'),(1386,1,'en','core/setting/setting','generate_thumbnails_success','Generate thumbnails successfully. :count files are generated!','2022-09-22 01:28:21','2022-09-22 01:28:21'),(1387,1,'en','core/setting/setting','generate_thumbnails_error','We are unable to regenerate thumbnail for these files :count files!','2022-09-22 01:28:21','2022-09-22 01:28:21'),(1388,1,'en','core/setting/setting','generate_thumbnails_description','Are you sure you want to re-generate thumbnails for all images? It will take time so please DO NOT leave this page, wait until it is finished.','2022-09-22 01:28:21','2022-09-22 01:28:21'),(1389,1,'en','core/setting/setting','enable_chunk_description','Chunk size upload is used to upload large file size.','2022-09-22 01:28:21','2022-09-22 01:28:21'),(1390,1,'en','core/setting/setting','watermark_description','WARNING: Watermark is just added to new uploaded images, it won\'t be added to existing images. Disable watermark won\'t remove watermark from existing images.','2022-09-22 01:28:21','2022-09-22 01:28:21'),(1391,1,'vi','core/setting/setting','title','Cài đặt','2022-09-22 01:28:21','2022-09-22 01:28:21'),(1392,1,'vi','core/setting/setting','general.theme','Giao diện','2022-09-22 01:28:21','2022-09-22 01:28:21'),(1393,1,'vi','core/setting/setting','general.description','Cấu hình những thông tin cài đặt website.','2022-09-22 01:28:21','2022-09-22 01:28:21'),(1394,1,'vi','core/setting/setting','general.title','Thông tin chung','2022-09-22 01:28:21','2022-09-22 01:28:21'),(1395,1,'vi','core/setting/setting','general.general_block','Thông tin chung','2022-09-22 01:28:21','2022-09-22 01:28:21'),(1396,1,'vi','core/setting/setting','general.site_title','Tên trang','2022-09-22 01:28:21','2022-09-22 01:28:21'),(1397,1,'vi','core/setting/setting','general.admin_email','Email quản trị viên','2022-09-22 01:28:21','2022-09-22 01:28:21'),(1398,1,'vi','core/setting/setting','general.seo_block','Cấu hình SEO','2022-09-22 01:28:21','2022-09-22 01:28:21'),(1399,1,'vi','core/setting/setting','general.seo_title','Tiêu đề SEO','2022-09-22 01:28:21','2022-09-22 01:28:21'),(1400,1,'vi','core/setting/setting','general.seo_description','Mô tả SEO','2022-09-22 01:28:21','2022-09-22 01:28:21'),(1401,1,'vi','core/setting/setting','general.webmaster_tools_block','Google Webmaster Tools','2022-09-22 01:28:21','2022-09-22 01:28:21'),(1402,1,'vi','core/setting/setting','general.google_site_verification','Google site verification','2022-09-22 01:28:21','2022-09-22 01:28:21'),(1403,1,'vi','core/setting/setting','general.placeholder.site_title','Tên trang (tối đa 120 kí tự)','2022-09-22 01:28:21','2022-09-22 01:28:21'),(1404,1,'vi','core/setting/setting','general.placeholder.admin_email','Admin Email','2022-09-22 01:28:21','2022-09-22 01:28:21'),(1405,1,'vi','core/setting/setting','general.placeholder.google_analytics','Ví dụ: UA-42767940-2','2022-09-22 01:28:21','2022-09-22 01:28:21'),(1406,1,'vi','core/setting/setting','general.placeholder.google_site_verification','Mã xác nhận trang web dùng cho Google Webmaster Tool','2022-09-22 01:28:21','2022-09-22 01:28:21'),(1407,1,'vi','core/setting/setting','general.placeholder.seo_title','Tiêu đề SEO (tối đa 120 kí tự)','2022-09-22 01:28:21','2022-09-22 01:28:21'),(1408,1,'vi','core/setting/setting','general.placeholder.seo_description','Mô tả SEO (tối đa 120 kí tự)','2022-09-22 01:28:21','2022-09-22 01:28:21'),(1409,1,'vi','core/setting/setting','general.enable_change_admin_theme','Cho phép thay đổi giao diện quản trị?','2022-09-22 01:28:21','2022-09-22 01:28:21'),(1410,1,'vi','core/setting/setting','general.enable','Bật','2022-09-22 01:28:21','2022-09-22 01:28:21'),(1411,1,'vi','core/setting/setting','general.disable','Tắt','2022-09-22 01:28:21','2022-09-22 01:28:21'),(1412,1,'vi','core/setting/setting','general.enable_cache','Bật bộ nhớ đệm?','2022-09-22 01:28:21','2022-09-22 01:28:21'),(1413,1,'vi','core/setting/setting','general.cache_time','Thời gian lưu bộ nhớ đệm (phút)','2022-09-22 01:28:21','2022-09-22 01:28:21'),(1414,1,'vi','core/setting/setting','general.cache_time_site_map','Thời gian lưu sơ đồ trang trong bộ nhớ đệm','2022-09-22 01:28:21','2022-09-22 01:28:21'),(1415,1,'vi','core/setting/setting','general.admin_logo','Logo trang quản trị','2022-09-22 01:28:21','2022-09-22 01:28:21'),(1416,1,'vi','core/setting/setting','general.admin_title','Tiêu đề trang quản trị','2022-09-22 01:28:21','2022-09-22 01:28:21'),(1417,1,'vi','core/setting/setting','general.admin_title_placeholder','Tiêu đề hiển thị trên thẻ trình duyệt','2022-09-22 01:28:21','2022-09-22 01:28:21'),(1418,1,'vi','core/setting/setting','general.rich_editor','Bộ soạn thảo văn bản','2022-09-22 01:28:21','2022-09-22 01:28:21'),(1419,1,'vi','core/setting/setting','general.cache_block','Bộ nhớ đệm','2022-09-22 01:28:21','2022-09-22 01:28:21'),(1420,1,'vi','core/setting/setting','general.yes','Bật','2022-09-22 01:28:21','2022-09-22 01:28:21'),(1421,1,'vi','core/setting/setting','general.no','Tắt','2022-09-22 01:28:21','2022-09-22 01:28:21'),(1422,1,'vi','core/setting/setting','general.locale','Ngôn ngữ','2022-09-22 01:28:21','2022-09-22 01:28:21'),(1423,1,'vi','core/setting/setting','general.admin_appearance_description','Setting admin appearance such as editor, language...','2022-09-22 01:28:21','2022-09-22 01:28:21'),(1424,1,'vi','core/setting/setting','general.admin_appearance_title','Admin appearance','2022-09-22 01:28:21','2022-09-22 01:28:21'),(1425,1,'vi','core/setting/setting','general.admin_login_screen_backgrounds','Login screen backgrounds (~1366x768)','2022-09-22 01:28:21','2022-09-22 01:28:21'),(1426,1,'vi','core/setting/setting','general.admin_favicon','Admin favicon','2022-09-22 01:28:21','2022-09-22 01:28:21'),(1427,1,'vi','core/setting/setting','general.cache_admin_menu','Cache admin menu?','2022-09-22 01:28:21','2022-09-22 01:28:21'),(1428,1,'vi','core/setting/setting','general.cache_description','Config cache for system for optimize speed','2022-09-22 01:28:21','2022-09-22 01:28:21'),(1429,1,'vi','core/setting/setting','general.default_admin_theme','Default admin theme','2022-09-22 01:28:21','2022-09-22 01:28:21'),(1430,1,'vi','core/setting/setting','general.enable_send_error_reporting_via_email','Enable to send error reporting via email?','2022-09-22 01:28:21','2022-09-22 01:28:21'),(1431,1,'vi','core/setting/setting','general.locale_direction','Hướng chữ viết','2022-09-22 01:28:21','2022-09-22 01:28:21'),(1432,1,'vi','core/setting/setting','general.select','-- Lựa chọn --','2022-09-22 01:28:21','2022-09-22 01:28:21'),(1433,1,'vi','core/setting/setting','general.seo_block_description','Setting site title, site meta description, site keyword for optimize SEO','2022-09-22 01:28:21','2022-09-22 01:28:21'),(1434,1,'vi','core/setting/setting','general.show_on_front','Thiết lập trang chủ','2022-09-22 01:28:21','2022-09-22 01:28:21'),(1435,1,'vi','core/setting/setting','general.show_site_name','Hiển thị tên trang web sau tiêu đề trang, tách biệt bằng \"-\"?','2022-09-22 01:28:21','2022-09-22 01:28:21'),(1436,1,'vi','core/setting/setting','general.time_zone','Múi giờ','2022-09-22 01:28:21','2022-09-22 01:28:21'),(1437,1,'vi','core/setting/setting','general.webmaster_tools_description','Công cụ quản trị trang web của Google (GWT) là phần mềm miễn phí giúp bạn quản lý khía cạnh kỹ thuật của trang web của mình','2022-09-22 01:28:21','2022-09-22 01:28:21'),(1438,1,'vi','core/setting/setting','email.subject','Tiêu đề','2022-09-22 01:28:21','2022-09-22 01:28:21'),(1439,1,'vi','core/setting/setting','email.content','Nội dung','2022-09-22 01:28:21','2022-09-22 01:28:21'),(1440,1,'vi','core/setting/setting','email.title','Cấu hình email template','2022-09-22 01:28:21','2022-09-22 01:28:21'),(1441,1,'vi','core/setting/setting','email.description','Cấu trúc file template sử dụng HTML và các biến trong hệ thống.','2022-09-22 01:28:21','2022-09-22 01:28:21'),(1442,1,'vi','core/setting/setting','email.reset_to_default','Khôi phục về mặc định','2022-09-22 01:28:21','2022-09-22 01:28:21'),(1443,1,'vi','core/setting/setting','email.back','Trở lại trang cài đặt','2022-09-22 01:28:21','2022-09-22 01:28:21'),(1444,1,'vi','core/setting/setting','email.reset_success','Khôi phục mặc định thành công','2022-09-22 01:28:21','2022-09-22 01:28:21'),(1445,1,'vi','core/setting/setting','email.confirm_reset','Xác nhận khôi phục mặc định?','2022-09-22 01:28:21','2022-09-22 01:28:21'),(1446,1,'vi','core/setting/setting','email.confirm_message','Bạn có chắc chắn muốn khôi phục về bản mặc định?','2022-09-22 01:28:21','2022-09-22 01:28:21'),(1447,1,'vi','core/setting/setting','email.continue','Tiếp tục','2022-09-22 01:28:21','2022-09-22 01:28:21'),(1448,1,'vi','core/setting/setting','email.sender_name','Tên người gửi','2022-09-22 01:28:21','2022-09-22 01:28:21'),(1449,1,'vi','core/setting/setting','email.sender_name_placeholder','Tên','2022-09-22 01:28:21','2022-09-22 01:28:21'),(1450,1,'vi','core/setting/setting','email.sender_email','Email của người gửi','2022-09-22 01:28:21','2022-09-22 01:28:21'),(1451,1,'vi','core/setting/setting','email.mailer','Loại','2022-09-22 01:28:21','2022-09-22 01:28:21'),(1452,1,'vi','core/setting/setting','email.port','Cổng','2022-09-22 01:28:21','2022-09-22 01:28:21'),(1453,1,'vi','core/setting/setting','email.port_placeholder','Ví dụ: 587','2022-09-22 01:28:21','2022-09-22 01:28:21'),(1454,1,'vi','core/setting/setting','email.host','Máy chủ','2022-09-22 01:28:21','2022-09-22 01:28:21'),(1455,1,'vi','core/setting/setting','email.host_placeholder','Ví dụ: smtp.gmail.com','2022-09-22 01:28:21','2022-09-22 01:28:21'),(1456,1,'vi','core/setting/setting','email.username','Tên đăng nhập','2022-09-22 01:28:21','2022-09-22 01:28:21'),(1457,1,'vi','core/setting/setting','email.username_placeholder','Tên đăng nhập vào máy chủ mail','2022-09-22 01:28:21','2022-09-22 01:28:21'),(1458,1,'vi','core/setting/setting','email.password','Mật khẩu','2022-09-22 01:28:21','2022-09-22 01:28:21'),(1459,1,'vi','core/setting/setting','email.password_placeholder','Mật khẩu đăng nhập vào máy chủ mail','2022-09-22 01:28:21','2022-09-22 01:28:21'),(1460,1,'vi','core/setting/setting','email.encryption','Mã hoá','2022-09-22 01:28:21','2022-09-22 01:28:21'),(1461,1,'vi','core/setting/setting','email.mail_gun_domain','Tên miền','2022-09-22 01:28:21','2022-09-22 01:28:21'),(1462,1,'vi','core/setting/setting','email.mail_gun_domain_placeholder','Tên miền','2022-09-22 01:28:21','2022-09-22 01:28:21'),(1463,1,'vi','core/setting/setting','email.mail_gun_secret','Chuỗi bí mật','2022-09-22 01:28:21','2022-09-22 01:28:21'),(1464,1,'vi','core/setting/setting','email.mail_gun_secret_placeholder','Chuỗi bí mật','2022-09-22 01:28:21','2022-09-22 01:28:21'),(1465,1,'vi','core/setting/setting','email.template_title','Mẫu giao diện email','2022-09-22 01:28:21','2022-09-22 01:28:21'),(1466,1,'vi','core/setting/setting','email.template_description','Giao diện mặc định cho tất cả email','2022-09-22 01:28:21','2022-09-22 01:28:21'),(1467,1,'vi','core/setting/setting','email.template_header','Mẫu cho phần trên của email','2022-09-22 01:28:21','2022-09-22 01:28:21'),(1468,1,'vi','core/setting/setting','email.template_header_description','Phần trên của tất cả email','2022-09-22 01:28:21','2022-09-22 01:28:21'),(1469,1,'vi','core/setting/setting','email.template_footer','Mẫu cho phần dưới của email','2022-09-22 01:28:21','2022-09-22 01:28:21'),(1470,1,'vi','core/setting/setting','email.template_footer_description','Phần dưới của tất cả email','2022-09-22 01:28:21','2022-09-22 01:28:21'),(1471,1,'vi','core/setting/setting','email.default','Mặc định','2022-09-22 01:28:21','2022-09-22 01:28:21'),(1472,1,'vi','core/setting/setting','email.mail_gun_endpoint','Endpoint','2022-09-22 01:28:21','2022-09-22 01:28:21'),(1473,1,'vi','core/setting/setting','email.mail_gun_endpoint_placeholder','Endpoint','2022-09-22 01:28:21','2022-09-22 01:28:21'),(1474,1,'vi','core/setting/setting','email.postmark_token','Token','2022-09-22 01:28:21','2022-09-22 01:28:21'),(1475,1,'vi','core/setting/setting','email.postmark_token_placeholder','Token','2022-09-22 01:28:22','2022-09-22 01:28:22'),(1476,1,'vi','core/setting/setting','email.encryption_placeholder','Kiểu mã hóa: ssl hoặc tls','2022-09-22 01:28:22','2022-09-22 01:28:22'),(1477,1,'vi','core/setting/setting','email.log_channel','Phương thức log','2022-09-22 01:28:22','2022-09-22 01:28:22'),(1478,1,'vi','core/setting/setting','email.sendmail_path','Sendmail Path','2022-09-22 01:28:22','2022-09-22 01:28:22'),(1479,1,'vi','core/setting/setting','email.ses_key','Key','2022-09-22 01:28:22','2022-09-22 01:28:22'),(1480,1,'vi','core/setting/setting','email.ses_key_placeholder','Key','2022-09-22 01:28:22','2022-09-22 01:28:22'),(1481,1,'vi','core/setting/setting','email.ses_region','Region','2022-09-22 01:28:22','2022-09-22 01:28:22'),(1482,1,'vi','core/setting/setting','email.ses_region_placeholder','Region','2022-09-22 01:28:22','2022-09-22 01:28:22'),(1483,1,'vi','core/setting/setting','email.ses_secret','Secret','2022-09-22 01:28:22','2022-09-22 01:28:22'),(1484,1,'vi','core/setting/setting','email.ses_secret_placeholder','Secret','2022-09-22 01:28:22','2022-09-22 01:28:22'),(1485,1,'vi','core/setting/setting','email.using_queue_to_send_mail','Sử dụng job queue để gửi email (Trước tiên phải thiết lập Queue https://laravel.com/docs/queues#supervisor-configuration)','2022-09-22 01:28:22','2022-09-22 01:28:22'),(1486,1,'vi','core/setting/setting','save_settings','Lưu cài đặt','2022-09-22 01:28:22','2022-09-22 01:28:22'),(1487,1,'vi','core/setting/setting','template','Mẫu','2022-09-22 01:28:22','2022-09-22 01:28:22'),(1488,1,'vi','core/setting/setting','description','Mô tả','2022-09-22 01:28:22','2022-09-22 01:28:22'),(1489,1,'vi','core/setting/setting','enable','Bật','2022-09-22 01:28:22','2022-09-22 01:28:22'),(1490,1,'vi','core/setting/setting','test_send_mail','Gửi thử nghiệm','2022-09-22 01:28:22','2022-09-22 01:28:22'),(1491,1,'vi','core/setting/setting','email_setting_title','Cấu hình email','2022-09-22 01:28:22','2022-09-22 01:28:22'),(1492,1,'vi','core/setting/setting','field_type_not_exists','Loại field này không được hỗ trợ','2022-09-22 01:28:22','2022-09-22 01:28:22'),(1493,1,'vi','core/setting/setting','test_email_description','Để gửi email thử nghiệm, hãy đảm bảo rằng bạn đã cập nhật cấu hình để gửi thư!','2022-09-22 01:28:22','2022-09-22 01:28:22'),(1494,1,'vi','core/setting/setting','test_email_input_placeholder','Nhập email mà bạn muốn gửi email thử nghiệm.','2022-09-22 01:28:22','2022-09-22 01:28:22'),(1495,1,'vi','core/setting/setting','test_email_modal_title','Gửi một email thử nghiệm','2022-09-22 01:28:22','2022-09-22 01:28:22'),(1496,1,'vi','core/setting/setting','test_email_send_success','Gửi email thành công!','2022-09-22 01:28:22','2022-09-22 01:28:22'),(1497,1,'vi','core/setting/setting','send','Gửi','2022-09-22 01:28:22','2022-09-22 01:28:22'),(1498,1,'vi','core/setting/setting','license.buyer','Tên đăng nhập','2022-09-22 01:28:22','2022-09-22 01:28:22'),(1499,1,'vi','core/setting/setting','license.purchase_code','Purchase code','2022-09-22 01:28:22','2022-09-22 01:28:22'),(1500,1,'vi','core/setting/setting','locale_direction_ltr','Trái sang phải','2022-09-22 01:28:22','2022-09-22 01:28:22'),(1501,1,'vi','core/setting/setting','locale_direction_rtl','Phải sang trái','2022-09-22 01:28:22','2022-09-22 01:28:22'),(1502,1,'vi','core/setting/setting','media.aws_access_key_id','AWS Access Key ID','2022-09-22 01:28:22','2022-09-22 01:28:22'),(1503,1,'vi','core/setting/setting','media.aws_bucket','AWS Bucket','2022-09-22 01:28:22','2022-09-22 01:28:22'),(1504,1,'vi','core/setting/setting','media.aws_default_region','AWS Default Region','2022-09-22 01:28:22','2022-09-22 01:28:22'),(1505,1,'vi','core/setting/setting','media.aws_url','AWS URL','2022-09-22 01:28:22','2022-09-22 01:28:22'),(1506,1,'vi','core/setting/setting','media.aws_secret_key','AWS Secret Key','2022-09-22 01:28:22','2022-09-22 01:28:22'),(1507,1,'vi','core/setting/setting','media.chunk_size','Chunk size (Bytes)','2022-09-22 01:28:22','2022-09-22 01:28:22'),(1508,1,'vi','core/setting/setting','media.chunk_size_placeholder','Mặc định: 1048576 ~ 1MB','2022-09-22 01:28:22','2022-09-22 01:28:22'),(1509,1,'vi','core/setting/setting','media.do_spaces_access_key_id','DO Spaces Access Key ID','2022-09-22 01:28:22','2022-09-22 01:28:22'),(1510,1,'vi','core/setting/setting','media.description','Cài đặt cho media','2022-09-22 01:28:22','2022-09-22 01:28:22'),(1511,1,'vi','core/setting/setting','media.do_spaces_bucket','DO Spaces Bucket','2022-09-22 01:28:22','2022-09-22 01:28:22'),(1512,1,'vi','core/setting/setting','media.do_spaces_cdn_enabled','Bật DO Spaces CDN?','2022-09-22 01:28:22','2022-09-22 01:28:22'),(1513,1,'vi','core/setting/setting','media.do_spaces_default_region','DO Spaces Default Region','2022-09-22 01:28:22','2022-09-22 01:28:22'),(1514,1,'vi','core/setting/setting','media.do_spaces_endpoint','DO Spaces Endpoint','2022-09-22 01:28:22','2022-09-22 01:28:22'),(1515,1,'vi','core/setting/setting','media.do_spaces_secret_key','DO Spaces Secret Key','2022-09-22 01:28:22','2022-09-22 01:28:22'),(1516,1,'vi','core/setting/setting','media.driver','Driver','2022-09-22 01:28:22','2022-09-22 01:28:22'),(1517,1,'vi','core/setting/setting','media.enable_chunk','Bật chunk size upload?','2022-09-22 01:28:22','2022-09-22 01:28:22'),(1518,1,'vi','core/setting/setting','media.enable_watermark','Bật watermark?','2022-09-22 01:28:22','2022-09-22 01:28:22'),(1519,1,'vi','core/setting/setting','media.max_file_size','Chunk max file size (MB)','2022-09-22 01:28:22','2022-09-22 01:28:22'),(1520,1,'vi','core/setting/setting','media.max_file_size_placeholder','Mặc định: 1048576 ~ 1GB','2022-09-22 01:28:22','2022-09-22 01:28:22'),(1521,1,'vi','core/setting/setting','media.media_do_spaces_cdn_custom_domain','Do Spaces CDN custom domain','2022-09-22 01:28:22','2022-09-22 01:28:22'),(1522,1,'vi','core/setting/setting','media.media_do_spaces_cdn_custom_domain_placeholder','https://ten-mien-cua-ban.com','2022-09-22 01:28:22','2022-09-22 01:28:22'),(1523,1,'vi','core/setting/setting','media.title','Media','2022-09-22 01:28:22','2022-09-22 01:28:22'),(1524,1,'vi','core/setting/setting','media.watermark_opacity','Watermark Opacity (%)','2022-09-22 01:28:22','2022-09-22 01:28:22'),(1525,1,'vi','core/setting/setting','media.watermark_opacity_placeholder','Mặc định: 70 (%)','2022-09-22 01:28:22','2022-09-22 01:28:22'),(1526,1,'vi','core/setting/setting','media.watermark_position','Vị trí watermark','2022-09-22 01:28:22','2022-09-22 01:28:22'),(1527,1,'vi','core/setting/setting','media.watermark_position_bottom_left','Bên trái dưới cùng','2022-09-22 01:28:22','2022-09-22 01:28:22'),(1528,1,'vi','core/setting/setting','media.watermark_position_bottom_right','Bên phải dưới cùng','2022-09-22 01:28:22','2022-09-22 01:28:22'),(1529,1,'vi','core/setting/setting','media.watermark_position_center','Chính giữa','2022-09-22 01:28:22','2022-09-22 01:28:22'),(1530,1,'vi','core/setting/setting','media.watermark_position_top_left','Bên trái trên cùng','2022-09-22 01:28:22','2022-09-22 01:28:22'),(1531,1,'vi','core/setting/setting','media.watermark_position_top_right','Bên phải trên cùng','2022-09-22 01:28:22','2022-09-22 01:28:22'),(1532,1,'vi','core/setting/setting','media.watermark_position_x','Watermark position X','2022-09-22 01:28:22','2022-09-22 01:28:22'),(1533,1,'vi','core/setting/setting','media.watermark_position_y','Watermark position Y','2022-09-22 01:28:22','2022-09-22 01:28:22'),(1534,1,'vi','core/setting/setting','media.watermark_size','Kích thước của watermark (%)','2022-09-22 01:28:22','2022-09-22 01:28:22'),(1535,1,'vi','core/setting/setting','media.watermark_size_placeholder','Mặc định: 10 (%)','2022-09-22 01:28:22','2022-09-22 01:28:22'),(1536,1,'vi','core/setting/setting','media.watermark_source','Hình ảnh watermark','2022-09-22 01:28:22','2022-09-22 01:28:22'),(1537,1,'en','core/table/general','operations','Operations','2022-09-22 01:28:22','2022-09-22 01:28:22'),(1538,1,'en','core/table/general','loading_data','Loading data from server','2022-09-22 01:28:22','2022-09-22 01:28:22'),(1539,1,'en','core/table/general','display','Display','2022-09-22 01:28:22','2022-09-22 01:28:22'),(1540,1,'en','core/table/general','all','All','2022-09-22 01:28:22','2022-09-22 01:28:22'),(1541,1,'en','core/table/general','edit_entry','Edit','2022-09-22 01:28:22','2022-09-22 01:28:22'),(1542,1,'en','core/table/general','delete_entry','Delete','2022-09-22 01:28:22','2022-09-22 01:28:22'),(1543,1,'en','core/table/general','show_from','Showing from','2022-09-22 01:28:22','2022-09-22 01:28:22'),(1544,1,'en','core/table/general','to','to','2022-09-22 01:28:22','2022-09-22 01:28:22'),(1545,1,'en','core/table/general','in','in','2022-09-22 01:28:22','2022-09-22 01:28:22'),(1546,1,'en','core/table/general','records','records','2022-09-22 01:28:22','2022-09-22 01:28:22'),(1547,1,'en','core/table/general','no_data','No data to display','2022-09-22 01:28:22','2022-09-22 01:28:22'),(1548,1,'en','core/table/general','no_record','No record','2022-09-22 01:28:22','2022-09-22 01:28:22'),(1549,1,'en','core/table/general','loading','Loading data from server','2022-09-22 01:28:22','2022-09-22 01:28:22'),(1550,1,'en','core/table/general','confirm_delete','Confirm delete','2022-09-22 01:28:23','2022-09-22 01:28:23'),(1551,1,'en','core/table/general','confirm_delete_msg','Do you really want to delete this record?','2022-09-22 01:28:23','2022-09-22 01:28:23'),(1552,1,'en','core/table/general','cancel','Cancel','2022-09-22 01:28:23','2022-09-22 01:28:23'),(1553,1,'en','core/table/general','delete','Delete','2022-09-22 01:28:23','2022-09-22 01:28:23'),(1554,1,'en','core/table/general','close','Close','2022-09-22 01:28:23','2022-09-22 01:28:23'),(1555,1,'en','core/table/general','contains','Contains','2022-09-22 01:28:23','2022-09-22 01:28:23'),(1556,1,'en','core/table/general','is_equal_to','Is equal to','2022-09-22 01:28:23','2022-09-22 01:28:23'),(1557,1,'en','core/table/general','greater_than','Greater than','2022-09-22 01:28:23','2022-09-22 01:28:23'),(1558,1,'en','core/table/general','less_than','Less than','2022-09-22 01:28:23','2022-09-22 01:28:23'),(1559,1,'en','core/table/general','value','Value','2022-09-22 01:28:23','2022-09-22 01:28:23'),(1560,1,'en','core/table/general','select_field','Select field','2022-09-22 01:28:23','2022-09-22 01:28:23'),(1561,1,'en','core/table/general','reset','Reset','2022-09-22 01:28:23','2022-09-22 01:28:23'),(1562,1,'en','core/table/general','add_additional_filter','Add additional filter','2022-09-22 01:28:23','2022-09-22 01:28:23'),(1563,1,'en','core/table/general','apply','Apply','2022-09-22 01:28:23','2022-09-22 01:28:23'),(1564,1,'en','core/table/general','filters','Filters','2022-09-22 01:28:23','2022-09-22 01:28:23'),(1565,1,'en','core/table/general','bulk_change','Bulk changes','2022-09-22 01:28:23','2022-09-22 01:28:23'),(1566,1,'en','core/table/general','select_option','Select option','2022-09-22 01:28:23','2022-09-22 01:28:23'),(1567,1,'en','core/table/general','bulk_actions','Bulk Actions','2022-09-22 01:28:23','2022-09-22 01:28:23'),(1568,1,'en','core/table/general','save_bulk_change_success','Update data for selected record(s) successfully!','2022-09-22 01:28:23','2022-09-22 01:28:23'),(1569,1,'en','core/table/general','please_select_record','Please select at least one record to perform this action!','2022-09-22 01:28:23','2022-09-22 01:28:23'),(1570,1,'en','core/table/general','filtered','(filtered from _MAX_ total records)','2022-09-22 01:28:23','2022-09-22 01:28:23'),(1571,1,'en','core/table/general','search','Search...','2022-09-22 01:28:23','2022-09-22 01:28:23'),(1572,1,'en','core/table/table','operations','Operations','2022-09-22 01:28:23','2022-09-22 01:28:23'),(1573,1,'en','core/table/table','loading_data','Loading data from server','2022-09-22 01:28:23','2022-09-22 01:28:23'),(1574,1,'en','core/table/table','display','Display','2022-09-22 01:28:23','2022-09-22 01:28:23'),(1575,1,'en','core/table/table','all','All','2022-09-22 01:28:23','2022-09-22 01:28:23'),(1576,1,'en','core/table/table','edit_entry','Edit','2022-09-22 01:28:23','2022-09-22 01:28:23'),(1577,1,'en','core/table/table','delete_entry','Delete','2022-09-22 01:28:23','2022-09-22 01:28:23'),(1578,1,'en','core/table/table','show_from','Showing from','2022-09-22 01:28:23','2022-09-22 01:28:23'),(1579,1,'en','core/table/table','to','to','2022-09-22 01:28:23','2022-09-22 01:28:23'),(1580,1,'en','core/table/table','in','in','2022-09-22 01:28:23','2022-09-22 01:28:23'),(1581,1,'en','core/table/table','records','records','2022-09-22 01:28:23','2022-09-22 01:28:23'),(1582,1,'en','core/table/table','no_data','No data to display','2022-09-22 01:28:23','2022-09-22 01:28:23'),(1583,1,'en','core/table/table','no_record','No record','2022-09-22 01:28:23','2022-09-22 01:28:23'),(1584,1,'en','core/table/table','loading','Loading data from server','2022-09-22 01:28:23','2022-09-22 01:28:23'),(1585,1,'en','core/table/table','confirm_delete','Confirm delete','2022-09-22 01:28:23','2022-09-22 01:28:23'),(1586,1,'en','core/table/table','confirm_delete_msg','Do you really want to delete this record?','2022-09-22 01:28:23','2022-09-22 01:28:23'),(1587,1,'en','core/table/table','cancel','Cancel','2022-09-22 01:28:23','2022-09-22 01:28:23'),(1588,1,'en','core/table/table','delete','Delete','2022-09-22 01:28:23','2022-09-22 01:28:23'),(1589,1,'en','core/table/table','close','Close','2022-09-22 01:28:23','2022-09-22 01:28:23'),(1590,1,'en','core/table/table','contains','Contains','2022-09-22 01:28:23','2022-09-22 01:28:23'),(1591,1,'en','core/table/table','is_equal_to','Is equal to','2022-09-22 01:28:23','2022-09-22 01:28:23'),(1592,1,'en','core/table/table','greater_than','Greater than','2022-09-22 01:28:23','2022-09-22 01:28:23'),(1593,1,'en','core/table/table','less_than','Less than','2022-09-22 01:28:23','2022-09-22 01:28:23'),(1594,1,'en','core/table/table','value','Value','2022-09-22 01:28:23','2022-09-22 01:28:23'),(1595,1,'en','core/table/table','select_field','Select field','2022-09-22 01:28:23','2022-09-22 01:28:23'),(1596,1,'en','core/table/table','reset','Reset','2022-09-22 01:28:23','2022-09-22 01:28:23'),(1597,1,'en','core/table/table','add_additional_filter','Add additional filter','2022-09-22 01:28:23','2022-09-22 01:28:23'),(1598,1,'en','core/table/table','apply','Apply','2022-09-22 01:28:23','2022-09-22 01:28:23'),(1599,1,'en','core/table/table','filters','Filters','2022-09-22 01:28:23','2022-09-22 01:28:23'),(1600,1,'en','core/table/table','bulk_change','Bulk changes','2022-09-22 01:28:23','2022-09-22 01:28:23'),(1601,1,'en','core/table/table','select_option','Select option','2022-09-22 01:28:23','2022-09-22 01:28:23'),(1602,1,'en','core/table/table','bulk_actions','Bulk Actions','2022-09-22 01:28:23','2022-09-22 01:28:23'),(1603,1,'en','core/table/table','save_bulk_change_success','Update data for selected record(s) successfully!','2022-09-22 01:28:23','2022-09-22 01:28:23'),(1604,1,'en','core/table/table','please_select_record','Please select at least one record to perform this action!','2022-09-22 01:28:23','2022-09-22 01:28:23'),(1605,1,'en','core/table/table','filtered','(filtered from _MAX_ total records)','2022-09-22 01:28:23','2022-09-22 01:28:23'),(1606,1,'en','core/table/table','search','Search...','2022-09-22 01:28:23','2022-09-22 01:28:23'),(1607,1,'vi','core/table/general','operations','Hành động','2022-09-22 01:28:23','2022-09-22 01:28:23'),(1608,1,'vi','core/table/general','loading_data','Đang tải dữ liệu từ hệ thống','2022-09-22 01:28:23','2022-09-22 01:28:23'),(1609,1,'vi','core/table/general','display','Hiển thị','2022-09-22 01:28:23','2022-09-22 01:28:23'),(1610,1,'vi','core/table/general','all','Tất cả','2022-09-22 01:28:23','2022-09-22 01:28:23'),(1611,1,'vi','core/table/general','edit_entry','Sửa','2022-09-22 01:28:23','2022-09-22 01:28:23'),(1612,1,'vi','core/table/general','delete_entry','Xoá','2022-09-22 01:28:23','2022-09-22 01:28:23'),(1613,1,'vi','core/table/general','show_from','Hiển thị từ','2022-09-22 01:28:23','2022-09-22 01:28:23'),(1614,1,'vi','core/table/general','to','đến','2022-09-22 01:28:23','2022-09-22 01:28:23'),(1615,1,'vi','core/table/general','in','trong tổng số','2022-09-22 01:28:23','2022-09-22 01:28:23'),(1616,1,'vi','core/table/general','records','bản ghi','2022-09-22 01:28:23','2022-09-22 01:28:23'),(1617,1,'vi','core/table/general','no_data','Không có dữ liệu để hiển thị','2022-09-22 01:28:23','2022-09-22 01:28:23'),(1618,1,'vi','core/table/general','no_record','không có bản ghi nào','2022-09-22 01:28:23','2022-09-22 01:28:23'),(1619,1,'vi','core/table/general','loading','Đang tải dữ liệu từ hệ thống','2022-09-22 01:28:23','2022-09-22 01:28:23'),(1620,1,'vi','core/table/general','confirm_delete','Xác nhận xoá','2022-09-22 01:28:23','2022-09-22 01:28:23'),(1621,1,'vi','core/table/general','confirm_delete_msg','Bạn có chắc chắn muốn xoá bản ghi này?','2022-09-22 01:28:23','2022-09-22 01:28:23'),(1622,1,'vi','core/table/general','cancel','Huỷ bỏ','2022-09-22 01:28:23','2022-09-22 01:28:23'),(1623,1,'vi','core/table/general','delete','Xoá','2022-09-22 01:28:23','2022-09-22 01:28:23'),(1624,1,'vi','core/table/general','close','Đóng','2022-09-22 01:28:23','2022-09-22 01:28:23'),(1625,1,'vi','core/table/general','is_equal_to','Bằng với','2022-09-22 01:28:23','2022-09-22 01:28:23'),(1626,1,'vi','core/table/general','greater_than','Lớn hơn','2022-09-22 01:28:23','2022-09-22 01:28:23'),(1627,1,'vi','core/table/general','less_than','Nhỏ hơn','2022-09-22 01:28:23','2022-09-22 01:28:23'),(1628,1,'vi','core/table/general','value','Giá trị','2022-09-22 01:28:23','2022-09-22 01:28:23'),(1629,1,'vi','core/table/general','select_field','Chọn trường','2022-09-22 01:28:23','2022-09-22 01:28:23'),(1630,1,'vi','core/table/general','reset','Làm mới','2022-09-22 01:28:23','2022-09-22 01:28:23'),(1631,1,'vi','core/table/general','add_additional_filter','Thêm bộ lọc','2022-09-22 01:28:23','2022-09-22 01:28:23'),(1632,1,'vi','core/table/general','apply','Áp dụng','2022-09-22 01:28:23','2022-09-22 01:28:23'),(1633,1,'vi','core/table/general','select_option','Lựa chọn','2022-09-22 01:28:23','2022-09-22 01:28:23'),(1634,1,'vi','core/table/general','filters','Lọc dữ liệu','2022-09-22 01:28:23','2022-09-22 01:28:23'),(1635,1,'vi','core/table/general','bulk_change','Thay đổi hàng loạt','2022-09-22 01:28:23','2022-09-22 01:28:23'),(1636,1,'vi','core/table/general','bulk_actions','Hành động','2022-09-22 01:28:23','2022-09-22 01:28:23'),(1637,1,'vi','core/table/general','contains','Bao gồm','2022-09-22 01:28:23','2022-09-22 01:28:23'),(1638,1,'vi','core/table/general','filtered','(đã được lọc từ _MAX_ bản ghi)','2022-09-22 01:28:23','2022-09-22 01:28:23'),(1639,1,'vi','core/table/table','operations','Hành động','2022-09-22 01:28:23','2022-09-22 01:28:23'),(1640,1,'vi','core/table/table','loading_data','Đang tải dữ liệu từ hệ thống','2022-09-22 01:28:23','2022-09-22 01:28:23'),(1641,1,'vi','core/table/table','display','Hiển thị','2022-09-22 01:28:23','2022-09-22 01:28:23'),(1642,1,'vi','core/table/table','all','Tất cả','2022-09-22 01:28:23','2022-09-22 01:28:23'),(1643,1,'vi','core/table/table','edit_entry','Sửa','2022-09-22 01:28:23','2022-09-22 01:28:23'),(1644,1,'vi','core/table/table','delete_entry','Xoá','2022-09-22 01:28:23','2022-09-22 01:28:23'),(1645,1,'vi','core/table/table','show_from','Hiển thị từ','2022-09-22 01:28:23','2022-09-22 01:28:23'),(1646,1,'vi','core/table/table','to','đến','2022-09-22 01:28:23','2022-09-22 01:28:23'),(1647,1,'vi','core/table/table','in','trong tổng số','2022-09-22 01:28:23','2022-09-22 01:28:23'),(1648,1,'vi','core/table/table','records','bản ghi','2022-09-22 01:28:23','2022-09-22 01:28:23'),(1649,1,'vi','core/table/table','no_data','Không có dữ liệu để hiển thị','2022-09-22 01:28:23','2022-09-22 01:28:23'),(1650,1,'vi','core/table/table','no_record','không có bản ghi nào','2022-09-22 01:28:23','2022-09-22 01:28:23'),(1651,1,'vi','core/table/table','loading','Đang tải dữ liệu từ hệ thống','2022-09-22 01:28:23','2022-09-22 01:28:23'),(1652,1,'vi','core/table/table','confirm_delete','Xác nhận xoá','2022-09-22 01:28:23','2022-09-22 01:28:23'),(1653,1,'vi','core/table/table','confirm_delete_msg','Bạn có chắc chắn muốn xoá bản ghi này?','2022-09-22 01:28:23','2022-09-22 01:28:23'),(1654,1,'vi','core/table/table','cancel','Huỷ bỏ','2022-09-22 01:28:23','2022-09-22 01:28:23'),(1655,1,'vi','core/table/table','delete','Xoá','2022-09-22 01:28:23','2022-09-22 01:28:23'),(1656,1,'vi','core/table/table','close','Đóng','2022-09-22 01:28:23','2022-09-22 01:28:23'),(1657,1,'vi','core/table/table','is_equal_to','Bằng với','2022-09-22 01:28:23','2022-09-22 01:28:23'),(1658,1,'vi','core/table/table','greater_than','Lớn hơn','2022-09-22 01:28:23','2022-09-22 01:28:23'),(1659,1,'vi','core/table/table','less_than','Nhỏ hơn','2022-09-22 01:28:23','2022-09-22 01:28:23'),(1660,1,'vi','core/table/table','value','Giá trị','2022-09-22 01:28:23','2022-09-22 01:28:23'),(1661,1,'vi','core/table/table','select_field','Chọn trường','2022-09-22 01:28:23','2022-09-22 01:28:23'),(1662,1,'vi','core/table/table','reset','Làm mới','2022-09-22 01:28:23','2022-09-22 01:28:23'),(1663,1,'vi','core/table/table','add_additional_filter','Thêm bộ lọc','2022-09-22 01:28:23','2022-09-22 01:28:23'),(1664,1,'vi','core/table/table','apply','Áp dụng','2022-09-22 01:28:23','2022-09-22 01:28:23'),(1665,1,'vi','core/table/table','select_option','Lựa chọn','2022-09-22 01:28:23','2022-09-22 01:28:23'),(1666,1,'vi','core/table/table','filters','Lọc dữ liệu','2022-09-22 01:28:23','2022-09-22 01:28:23'),(1667,1,'vi','core/table/table','bulk_change','Thay đổi hàng loạt','2022-09-22 01:28:23','2022-09-22 01:28:23'),(1668,1,'vi','core/table/table','bulk_actions','Hành động','2022-09-22 01:28:23','2022-09-22 01:28:23'),(1669,1,'vi','core/table/table','contains','Bao gồm','2022-09-22 01:28:23','2022-09-22 01:28:23'),(1670,1,'vi','core/table/table','filtered','(đã được lọc từ _MAX_ bản ghi)','2022-09-22 01:28:23','2022-09-22 01:28:23'),(1671,1,'vi','core/table/table','please_select_record','Vui lòng chọn ít nhất 1 bản ghi để thực hiện hành động này!','2022-09-22 01:28:23','2022-09-22 01:28:23'),(1672,1,'vi','core/table/table','save_bulk_change_success','Cập nhật dữ liệu cho các bản ghi thành công!','2022-09-22 01:28:23','2022-09-22 01:28:23'),(1673,1,'vi','core/table/table','search','Tìm kiếm...','2022-09-22 01:28:23','2022-09-22 01:28:23'),(1674,1,'en','packages/api/api','settings','API Settings','2022-09-22 01:28:23','2022-09-22 01:28:23'),(1675,1,'en','packages/api/api','save_settings','Save settings','2022-09-22 01:28:23','2022-09-22 01:28:23'),(1676,1,'en','packages/api/api','setting_title','API settings','2022-09-22 01:28:23','2022-09-22 01:28:23'),(1677,1,'en','packages/api/api','setting_description','Settings for API','2022-09-22 01:28:23','2022-09-22 01:28:23'),(1678,1,'en','packages/api/api','api_enabled','API enabled?','2022-09-22 01:28:23','2022-09-22 01:28:23'),(1679,1,'en','packages/menu/menu','name','Menus','2022-09-22 01:28:23','2022-09-22 01:28:23'),(1680,1,'en','packages/menu/menu','key_name','Menu name (key: :key)','2022-09-22 01:28:23','2022-09-22 01:28:23'),(1681,1,'en','packages/menu/menu','basic_info','Basic information','2022-09-22 01:28:23','2022-09-22 01:28:23'),(1682,1,'en','packages/menu/menu','add_to_menu','Add to menu','2022-09-22 01:28:23','2022-09-22 01:28:23'),(1683,1,'en','packages/menu/menu','custom_link','Custom link','2022-09-22 01:28:23','2022-09-22 01:28:23'),(1684,1,'en','packages/menu/menu','add_link','Add link','2022-09-22 01:28:23','2022-09-22 01:28:23'),(1685,1,'en','packages/menu/menu','structure','Menu structure','2022-09-22 01:28:23','2022-09-22 01:28:23'),(1686,1,'en','packages/menu/menu','remove','Remove','2022-09-22 01:28:23','2022-09-22 01:28:23'),(1687,1,'en','packages/menu/menu','cancel','Cancel','2022-09-22 01:28:23','2022-09-22 01:28:23'),(1688,1,'en','packages/menu/menu','title','Title','2022-09-22 01:28:23','2022-09-22 01:28:23'),(1689,1,'en','packages/menu/menu','icon','Icon','2022-09-22 01:28:24','2022-09-22 01:28:24'),(1690,1,'en','packages/menu/menu','url','URL','2022-09-22 01:28:24','2022-09-22 01:28:24'),(1691,1,'en','packages/menu/menu','target','Target','2022-09-22 01:28:24','2022-09-22 01:28:24'),(1692,1,'en','packages/menu/menu','css_class','CSS class','2022-09-22 01:28:24','2022-09-22 01:28:24'),(1693,1,'en','packages/menu/menu','self_open_link','Open link directly','2022-09-22 01:28:24','2022-09-22 01:28:24'),(1694,1,'en','packages/menu/menu','blank_open_link','Open link in new tab','2022-09-22 01:28:24','2022-09-22 01:28:24'),(1695,1,'en','packages/menu/menu','create','Create menu','2022-09-22 01:28:24','2022-09-22 01:28:24'),(1696,1,'en','packages/menu/menu','edit','Edit menu','2022-09-22 01:28:24','2022-09-22 01:28:24'),(1697,1,'en','packages/menu/menu','menu_settings','Menu settings','2022-09-22 01:28:24','2022-09-22 01:28:24'),(1698,1,'en','packages/menu/menu','display_location','Display location','2022-09-22 01:28:24','2022-09-22 01:28:24'),(1699,1,'en','packages/menu/menu','title_placeholder','Title','2022-09-22 01:28:24','2022-09-22 01:28:24'),(1700,1,'en','packages/menu/menu','icon_placeholder','Icon','2022-09-22 01:28:24','2022-09-22 01:28:24'),(1701,1,'en','packages/menu/menu','url_placeholder','URL','2022-09-22 01:28:24','2022-09-22 01:28:24'),(1702,1,'en','packages/menu/menu','css_class_placeholder','CSS class','2022-09-22 01:28:24','2022-09-22 01:28:24'),(1703,1,'en','packages/menu/menu','menu_id','Menu ID','2022-09-22 01:28:24','2022-09-22 01:28:24'),(1704,1,'vi','packages/menu/menu','name','Trình đơn','2022-09-22 01:28:24','2022-09-22 01:28:24'),(1705,1,'vi','packages/menu/menu','cancel','Hủy bỏ','2022-09-22 01:28:24','2022-09-22 01:28:24'),(1706,1,'vi','packages/menu/menu','add_link','Thêm liên kết','2022-09-22 01:28:24','2022-09-22 01:28:24'),(1707,1,'vi','packages/menu/menu','add_to_menu','Thêm vào trình đơn','2022-09-22 01:28:24','2022-09-22 01:28:24'),(1708,1,'vi','packages/menu/menu','basic_info','Thông tin cơ bản','2022-09-22 01:28:24','2022-09-22 01:28:24'),(1709,1,'vi','packages/menu/menu','blank_open_link','Mở liên kết trong tab mới','2022-09-22 01:28:24','2022-09-22 01:28:24'),(1710,1,'vi','packages/menu/menu','css_class','CSS class','2022-09-22 01:28:24','2022-09-22 01:28:24'),(1711,1,'vi','packages/menu/menu','custom_link','Liên kết tùy chọn','2022-09-22 01:28:24','2022-09-22 01:28:24'),(1712,1,'vi','packages/menu/menu','icon','Biểu tượng','2022-09-22 01:28:24','2022-09-22 01:28:24'),(1713,1,'vi','packages/menu/menu','key_name','Tên menu (key::key)','2022-09-22 01:28:24','2022-09-22 01:28:24'),(1714,1,'vi','packages/menu/menu','remove','Xóa','2022-09-22 01:28:24','2022-09-22 01:28:24'),(1715,1,'vi','packages/menu/menu','self_open_link','Mở liên kết trong tab hiện tại','2022-09-22 01:28:24','2022-09-22 01:28:24'),(1716,1,'vi','packages/menu/menu','structure','Cấu trúc trình đơn','2022-09-22 01:28:24','2022-09-22 01:28:24'),(1717,1,'vi','packages/menu/menu','target','Target','2022-09-22 01:28:24','2022-09-22 01:28:24'),(1718,1,'vi','packages/menu/menu','title','Tiêu đề','2022-09-22 01:28:24','2022-09-22 01:28:24'),(1719,1,'vi','packages/menu/menu','url','URL','2022-09-22 01:28:24','2022-09-22 01:28:24'),(1720,1,'vi','packages/menu/menu','create','Tạo trình đơn','2022-09-22 01:28:24','2022-09-22 01:28:24'),(1721,1,'vi','packages/menu/menu','edit','Sửa trình đơn','2022-09-22 01:28:24','2022-09-22 01:28:24'),(1722,1,'vi','packages/menu/menu','display_location','Vị trí hiển thị','2022-09-22 01:28:24','2022-09-22 01:28:24'),(1723,1,'vi','packages/menu/menu','menu_settings','Cấu hình menu','2022-09-22 01:28:24','2022-09-22 01:28:24'),(1724,1,'en','packages/optimize/optimize','settings.title','Optimize page speed','2022-09-22 01:28:24','2022-09-22 01:28:24'),(1725,1,'en','packages/optimize/optimize','settings.description','Minify HTML output, inline CSS, remove comments...','2022-09-22 01:28:24','2022-09-22 01:28:24'),(1726,1,'en','packages/optimize/optimize','settings.enable','Enable optimize page speed?','2022-09-22 01:28:24','2022-09-22 01:28:24'),(1727,1,'en','packages/optimize/optimize','collapse_white_space','Collapse white space','2022-09-22 01:28:24','2022-09-22 01:28:24'),(1728,1,'en','packages/optimize/optimize','collapse_white_space_description','This filter reduces bytes transmitted in an HTML file by removing unnecessary whitespace.','2022-09-22 01:28:24','2022-09-22 01:28:24'),(1729,1,'en','packages/optimize/optimize','elide_attributes','Elide attributes','2022-09-22 01:28:24','2022-09-22 01:28:24'),(1730,1,'en','packages/optimize/optimize','elide_attributes_description','This filter reduces the transfer size of HTML files by removing attributes from tags when the specified value is equal to the default value for that attribute. This can save a modest number of bytes, and may make the document more compressible by canonicalizing the affected tags.','2022-09-22 01:28:24','2022-09-22 01:28:24'),(1731,1,'en','packages/optimize/optimize','inline_css','Inline CSS','2022-09-22 01:28:24','2022-09-22 01:28:24'),(1732,1,'en','packages/optimize/optimize','inline_css_description','This filter transforms the inline \"style\" attribute of tags into classes by moving the CSS to the header.','2022-09-22 01:28:24','2022-09-22 01:28:24'),(1733,1,'en','packages/optimize/optimize','insert_dns_prefetch','Insert DNS prefetch','2022-09-22 01:28:24','2022-09-22 01:28:24'),(1734,1,'en','packages/optimize/optimize','insert_dns_prefetch_description','This filter injects tags in the HEAD to enable the browser to do DNS prefetching.','2022-09-22 01:28:24','2022-09-22 01:28:24'),(1735,1,'en','packages/optimize/optimize','remove_comments','Remove comments','2022-09-22 01:28:24','2022-09-22 01:28:24'),(1736,1,'en','packages/optimize/optimize','remove_comments_description','This filter eliminates HTML, JS and CSS comments. The filter reduces the transfer size of HTML files by removing the comments. Depending on the HTML file, this filter can significantly reduce the number of bytes transmitted on the network.','2022-09-22 01:28:24','2022-09-22 01:28:24'),(1737,1,'en','packages/optimize/optimize','trim_urls','Trim URLs','2022-09-22 01:28:24','2022-09-22 01:28:24'),(1738,1,'en','packages/optimize/optimize','trim_urls_description','This filter trims URLs by resolving them by making them relative to the base URL for the page.','2022-09-22 01:28:24','2022-09-22 01:28:24'),(1739,1,'en','packages/optimize/optimize','remove_quotes','Remove quotes','2022-09-22 01:28:24','2022-09-22 01:28:24'),(1740,1,'en','packages/optimize/optimize','remove_quotes_description','This filter eliminates unnecessary quotation marks from HTML attributes. While required by the various HTML specifications, browsers permit their omission when the value of an attribute is composed of a certain subset of characters (alphanumerics and some punctuation characters).','2022-09-22 01:28:24','2022-09-22 01:28:24'),(1741,1,'en','packages/optimize/optimize','defer_javascript','Defer javascript','2022-09-22 01:28:24','2022-09-22 01:28:24'),(1742,1,'en','packages/optimize/optimize','defer_javascript_description','Defers the execution of javascript in the HTML. If necessary cancel deferring in some script, use data-pagespeed-no-defer as script attribute to cancel deferring.','2022-09-22 01:28:24','2022-09-22 01:28:24'),(1743,1,'en','packages/page/pages','create','Create new page','2022-09-22 01:28:24','2022-09-22 01:28:24'),(1744,1,'en','packages/page/pages','edit','Edit page','2022-09-22 01:28:24','2022-09-22 01:28:24'),(1745,1,'en','packages/page/pages','form.name','Name','2022-09-22 01:28:24','2022-09-22 01:28:24'),(1746,1,'en','packages/page/pages','form.name_placeholder','Page\'s name (Maximum 120 characters)','2022-09-22 01:28:24','2022-09-22 01:28:24'),(1747,1,'en','packages/page/pages','form.content','Content','2022-09-22 01:28:24','2022-09-22 01:28:24'),(1748,1,'en','packages/page/pages','form.note','Note content','2022-09-22 01:28:24','2022-09-22 01:28:24'),(1749,1,'en','packages/page/pages','notices.no_select','Please select at least one record to take this action!','2022-09-22 01:28:24','2022-09-22 01:28:24'),(1750,1,'en','packages/page/pages','notices.update_success_message','Update successfully','2022-09-22 01:28:24','2022-09-22 01:28:24'),(1751,1,'en','packages/page/pages','cannot_delete','Page could not be deleted','2022-09-22 01:28:24','2022-09-22 01:28:24'),(1752,1,'en','packages/page/pages','deleted','Page deleted','2022-09-22 01:28:24','2022-09-22 01:28:24'),(1753,1,'en','packages/page/pages','pages','Pages','2022-09-22 01:28:24','2022-09-22 01:28:24'),(1754,1,'en','packages/page/pages','menu','Pages','2022-09-22 01:28:24','2022-09-22 01:28:24'),(1755,1,'en','packages/page/pages','menu_name','Pages','2022-09-22 01:28:24','2022-09-22 01:28:24'),(1756,1,'en','packages/page/pages','edit_this_page','Edit this page','2022-09-22 01:28:24','2022-09-22 01:28:24'),(1757,1,'en','packages/page/pages','total_pages','Total pages','2022-09-22 01:28:24','2022-09-22 01:28:24'),(1758,1,'en','packages/page/pages','settings.show_on_front','Your homepage displays','2022-09-22 01:28:24','2022-09-22 01:28:24'),(1759,1,'en','packages/page/pages','settings.select','— Select —','2022-09-22 01:28:24','2022-09-22 01:28:24'),(1760,1,'en','packages/page/pages','front_page','Front Page','2022-09-22 01:28:24','2022-09-22 01:28:24'),(1761,1,'vi','packages/page/pages','create','Thêm trang','2022-09-22 01:28:24','2022-09-22 01:28:24'),(1762,1,'vi','packages/page/pages','edit','Sửa trang','2022-09-22 01:28:24','2022-09-22 01:28:24'),(1763,1,'vi','packages/page/pages','form.name','Tiêu đề trang','2022-09-22 01:28:24','2022-09-22 01:28:24'),(1764,1,'vi','packages/page/pages','form.note','Nội dung ghi chú','2022-09-22 01:28:24','2022-09-22 01:28:24'),(1765,1,'vi','packages/page/pages','form.name_placeholder','Tên trang (tối đa 120 kí tự)','2022-09-22 01:28:24','2022-09-22 01:28:24'),(1766,1,'vi','packages/page/pages','form.content','Nội dung','2022-09-22 01:28:24','2022-09-22 01:28:24'),(1767,1,'vi','packages/page/pages','notices.no_select','Chọn ít nhất 1 trang để thực hiện hành động này!','2022-09-22 01:28:24','2022-09-22 01:28:24'),(1768,1,'vi','packages/page/pages','notices.update_success_message','Cập nhật thành công','2022-09-22 01:28:24','2022-09-22 01:28:24'),(1769,1,'vi','packages/page/pages','deleted','Xóa trang thành công','2022-09-22 01:28:24','2022-09-22 01:28:24'),(1770,1,'vi','packages/page/pages','cannot_delete','Không thể xóa trang','2022-09-22 01:28:24','2022-09-22 01:28:24'),(1771,1,'vi','packages/page/pages','menu','Trang','2022-09-22 01:28:24','2022-09-22 01:28:24'),(1772,1,'vi','packages/page/pages','menu_name','Trang','2022-09-22 01:28:24','2022-09-22 01:28:24'),(1773,1,'vi','packages/page/pages','edit_this_page','Sửa trang này','2022-09-22 01:28:24','2022-09-22 01:28:24'),(1774,1,'vi','packages/page/pages','pages','Trang','2022-09-22 01:28:24','2022-09-22 01:28:24'),(1775,1,'vi','packages/page/pages','front_page','Trang chủ','2022-09-22 01:28:24','2022-09-22 01:28:24'),(1776,1,'vi','packages/page/pages','settings.select','-- Lựa chọn --','2022-09-22 01:28:24','2022-09-22 01:28:24'),(1777,1,'vi','packages/page/pages','settings.show_on_front','Lựa chọn trang chủ','2022-09-22 01:28:24','2022-09-22 01:28:24'),(1778,1,'vi','packages/page/pages','total_pages','Tổng số trang','2022-09-22 01:28:24','2022-09-22 01:28:24'),(1779,1,'en','packages/plugin-management/plugin','enabled','Enabled','2022-09-22 01:28:24','2022-09-22 01:28:24'),(1780,1,'en','packages/plugin-management/plugin','deactivated','Deactivated','2022-09-22 01:28:24','2022-09-22 01:28:24'),(1781,1,'en','packages/plugin-management/plugin','activated','Activated','2022-09-22 01:28:25','2022-09-22 01:28:25'),(1782,1,'en','packages/plugin-management/plugin','activate','Activate','2022-09-22 01:28:25','2022-09-22 01:28:25'),(1783,1,'en','packages/plugin-management/plugin','deactivate','Deactivate','2022-09-22 01:28:25','2022-09-22 01:28:25'),(1784,1,'en','packages/plugin-management/plugin','author','By','2022-09-22 01:28:25','2022-09-22 01:28:25'),(1785,1,'en','packages/plugin-management/plugin','update_plugin_status_success','Update plugin successfully','2022-09-22 01:28:25','2022-09-22 01:28:25'),(1786,1,'en','packages/plugin-management/plugin','plugins','Plugins','2022-09-22 01:28:25','2022-09-22 01:28:25'),(1787,1,'en','packages/plugin-management/plugin','missing_required_plugins','Please activate plugin(s): :plugins before activate this plugin!','2022-09-22 01:28:25','2022-09-22 01:28:25'),(1788,1,'en','packages/plugin-management/plugin','remove','Remove','2022-09-22 01:28:25','2022-09-22 01:28:25'),(1789,1,'en','packages/plugin-management/plugin','remove_plugin_success','Remove plugin successfully!','2022-09-22 01:28:25','2022-09-22 01:28:25'),(1790,1,'en','packages/plugin-management/plugin','remove_plugin','Remove plugin','2022-09-22 01:28:25','2022-09-22 01:28:25'),(1791,1,'en','packages/plugin-management/plugin','remove_plugin_confirm_message','Do you really want to remove this plugin?','2022-09-22 01:28:25','2022-09-22 01:28:25'),(1792,1,'en','packages/plugin-management/plugin','remove_plugin_confirm_yes','Yes, remove it!','2022-09-22 01:28:25','2022-09-22 01:28:25'),(1793,1,'en','packages/plugin-management/plugin','total_plugins','Total plugins','2022-09-22 01:28:25','2022-09-22 01:28:25'),(1794,1,'en','packages/plugin-management/plugin','invalid_plugin','This plugin is not a valid plugin, please check it again!','2022-09-22 01:28:25','2022-09-22 01:28:25'),(1795,1,'en','packages/plugin-management/plugin','version','Version','2022-09-22 01:28:25','2022-09-22 01:28:25'),(1796,1,'en','packages/plugin-management/plugin','invalid_json','Invalid plugin.json!','2022-09-22 01:28:25','2022-09-22 01:28:25'),(1797,1,'en','packages/plugin-management/plugin','activate_success','Activate plugin successfully!','2022-09-22 01:28:25','2022-09-22 01:28:25'),(1798,1,'en','packages/plugin-management/plugin','activated_already','This plugin is activated already!','2022-09-22 01:28:25','2022-09-22 01:28:25'),(1799,1,'en','packages/plugin-management/plugin','plugin_not_exist','This plugin is not exists.','2022-09-22 01:28:25','2022-09-22 01:28:25'),(1800,1,'en','packages/plugin-management/plugin','missing_json_file','Missing file plugin.json!','2022-09-22 01:28:25','2022-09-22 01:28:25'),(1801,1,'en','packages/plugin-management/plugin','plugin_invalid','Plugin is valid!','2022-09-22 01:28:25','2022-09-22 01:28:25'),(1802,1,'en','packages/plugin-management/plugin','published_assets_success','Publish assets for plugin :name successfully!','2022-09-22 01:28:25','2022-09-22 01:28:25'),(1803,1,'en','packages/plugin-management/plugin','plugin_removed','Plugin has been removed!','2022-09-22 01:28:25','2022-09-22 01:28:25'),(1804,1,'en','packages/plugin-management/plugin','deactivated_success','Deactivate plugin successfully!','2022-09-22 01:28:25','2022-09-22 01:28:25'),(1805,1,'en','packages/plugin-management/plugin','deactivated_already','This plugin is deactivated already!','2022-09-22 01:28:25','2022-09-22 01:28:25'),(1806,1,'en','packages/plugin-management/plugin','folder_is_not_writeable','Cannot write files! Folder :name is not writable. Please chmod to make it writable!','2022-09-22 01:28:25','2022-09-22 01:28:25'),(1807,1,'en','packages/plugin-management/plugin','plugin_is_not_ready','Plugin :name is not ready to use','2022-09-22 01:28:25','2022-09-22 01:28:25'),(1808,1,'vi','packages/plugin-management/plugin','activate','Kích hoạt','2022-09-22 01:28:25','2022-09-22 01:28:25'),(1809,1,'vi','packages/plugin-management/plugin','author','Tác giả','2022-09-22 01:28:25','2022-09-22 01:28:25'),(1810,1,'vi','packages/plugin-management/plugin','version','Phiên bản','2022-09-22 01:28:25','2022-09-22 01:28:25'),(1811,1,'vi','packages/plugin-management/plugin','activated','Đã kích hoạt','2022-09-22 01:28:25','2022-09-22 01:28:25'),(1812,1,'vi','packages/plugin-management/plugin','deactivate','Hủy kích hoạt','2022-09-22 01:28:25','2022-09-22 01:28:25'),(1813,1,'vi','packages/plugin-management/plugin','deactivated','Đã vô hiệu','2022-09-22 01:28:25','2022-09-22 01:28:25'),(1814,1,'vi','packages/plugin-management/plugin','enabled','Kích hoạt','2022-09-22 01:28:25','2022-09-22 01:28:25'),(1815,1,'vi','packages/plugin-management/plugin','invalid_plugin','Gói mở rộng không hợp lệ','2022-09-22 01:28:25','2022-09-22 01:28:25'),(1816,1,'vi','packages/plugin-management/plugin','update_plugin_status_success','Cập nhật trạng thái gói mở rộng thành công','2022-09-22 01:28:25','2022-09-22 01:28:25'),(1817,1,'vi','packages/plugin-management/plugin','missing_required_plugins','Vui lòng kích hoạt các gói mở rộng :plugins trước khi kích hoạt gói này','2022-09-22 01:28:25','2022-09-22 01:28:25'),(1818,1,'vi','packages/plugin-management/plugin','plugins','Gói mở rộng','2022-09-22 01:28:25','2022-09-22 01:28:25'),(1819,1,'vi','packages/plugin-management/plugin','remove','Xoá','2022-09-22 01:28:25','2022-09-22 01:28:25'),(1820,1,'vi','packages/plugin-management/plugin','remove_plugin_success','Xoá thành công!','2022-09-22 01:28:25','2022-09-22 01:28:25'),(1821,1,'vi','packages/plugin-management/plugin','remove_plugin','Xoá gói mở rộng','2022-09-22 01:28:25','2022-09-22 01:28:25'),(1822,1,'vi','packages/plugin-management/plugin','remove_plugin_confirm_message','Bạn có chắc chắn muốn xoá plugin này?','2022-09-22 01:28:25','2022-09-22 01:28:25'),(1823,1,'vi','packages/plugin-management/plugin','remove_plugin_confirm_yes','Có, xoá!','2022-09-22 01:28:25','2022-09-22 01:28:25'),(1824,1,'vi','packages/plugin-management/plugin','total_plugins','Tất cả plugins','2022-09-22 01:28:25','2022-09-22 01:28:25'),(1825,1,'vi','packages/plugin-management/plugin','activate_success','Kích hoạt thành công!','2022-09-22 01:28:25','2022-09-22 01:28:25'),(1826,1,'vi','packages/plugin-management/plugin','activated_already','Gói mở rộng này đã được kích hoạt rồi!','2022-09-22 01:28:25','2022-09-22 01:28:25'),(1827,1,'vi','packages/plugin-management/plugin','deactivated_already','Gói mở rộng này đã được hủy kích hoạt rồi!','2022-09-22 01:28:25','2022-09-22 01:28:25'),(1828,1,'vi','packages/plugin-management/plugin','deactivated_success','Hủy kích hoạt thành công!','2022-09-22 01:28:25','2022-09-22 01:28:25'),(1829,1,'vi','packages/plugin-management/plugin','invalid_json','Sai cấu hình plugin.json!','2022-09-22 01:28:25','2022-09-22 01:28:25'),(1830,1,'vi','packages/plugin-management/plugin','missing_json_file','Thiếu tập tin cấu hình plugin.json!','2022-09-22 01:28:25','2022-09-22 01:28:25'),(1831,1,'vi','packages/plugin-management/plugin','plugin_invalid','Gói mở rộng không hợp lệ!','2022-09-22 01:28:25','2022-09-22 01:28:25'),(1832,1,'vi','packages/plugin-management/plugin','plugin_not_exist','Gói mở rộng không tồn tại','2022-09-22 01:28:25','2022-09-22 01:28:25'),(1833,1,'vi','packages/plugin-management/plugin','plugin_removed','Gói mở rộng đã bị xóa!','2022-09-22 01:28:25','2022-09-22 01:28:25'),(1834,1,'vi','packages/plugin-management/plugin','published_assets_success','Xuất bản assets cho gói mở rộng thành công!','2022-09-22 01:28:25','2022-09-22 01:28:25'),(1835,1,'en','packages/seo-helper/seo-helper','meta_box_header','Search Engine Optimize','2022-09-22 01:28:25','2022-09-22 01:28:25'),(1836,1,'en','packages/seo-helper/seo-helper','edit_seo_meta','Edit SEO meta','2022-09-22 01:28:25','2022-09-22 01:28:25'),(1837,1,'en','packages/seo-helper/seo-helper','default_description','Setup meta title & description to make your site easy to discovered on search engines such as Google','2022-09-22 01:28:25','2022-09-22 01:28:25'),(1838,1,'en','packages/seo-helper/seo-helper','seo_title','SEO Title','2022-09-22 01:28:25','2022-09-22 01:28:25'),(1839,1,'en','packages/seo-helper/seo-helper','seo_description','SEO description','2022-09-22 01:28:25','2022-09-22 01:28:25'),(1840,1,'vi','packages/seo-helper/seo-helper','meta_box_header','Tối ưu hoá bộ máy tìm kiếm (SEO)','2022-09-22 01:28:25','2022-09-22 01:28:25'),(1841,1,'vi','packages/seo-helper/seo-helper','edit_seo_meta','Chỉnh sửa SEO','2022-09-22 01:28:25','2022-09-22 01:28:25'),(1842,1,'vi','packages/seo-helper/seo-helper','default_description','Thiết lập các thẻ mô tả giúp người dùng dễ dàng tìm thấy trên công cụ tìm kiếm như Google.','2022-09-22 01:28:25','2022-09-22 01:28:25'),(1843,1,'vi','packages/seo-helper/seo-helper','seo_title','Tiêu đề trang','2022-09-22 01:28:25','2022-09-22 01:28:25'),(1844,1,'vi','packages/seo-helper/seo-helper','seo_description','Mô tả trang','2022-09-22 01:28:25','2022-09-22 01:28:25'),(1845,1,'en','packages/slug/slug','permalink_settings','Permalink','2022-09-22 01:28:25','2022-09-22 01:28:25'),(1846,1,'en','packages/slug/slug','settings.title','Permalink settings','2022-09-22 01:28:25','2022-09-22 01:28:25'),(1847,1,'en','packages/slug/slug','settings.description','Manage permalink for all modules.','2022-09-22 01:28:25','2022-09-22 01:28:25'),(1848,1,'en','packages/slug/slug','settings.preview','Preview','2022-09-22 01:28:25','2022-09-22 01:28:25'),(1849,1,'en','packages/slug/slug','settings.turn_off_automatic_url_translation_into_latin','Turn off automatic URL translation into Latin?','2022-09-22 01:28:25','2022-09-22 01:28:25'),(1850,1,'en','packages/slug/slug','preview','Preview','2022-09-22 01:28:25','2022-09-22 01:28:25'),(1851,1,'en','packages/slug/slug','prefix_for','Prefix for :name','2022-09-22 01:28:25','2022-09-22 01:28:25'),(1852,1,'vi','packages/slug/slug','permalink_settings','Liên kết cố định','2022-09-22 01:28:25','2022-09-22 01:28:25'),(1853,1,'vi','packages/slug/slug','preview','Xem trước','2022-09-22 01:28:25','2022-09-22 01:28:25'),(1854,1,'vi','packages/slug/slug','settings.description','Quản lý liên kết cố định cho các module.','2022-09-22 01:28:25','2022-09-22 01:28:25'),(1855,1,'vi','packages/slug/slug','settings.preview','Xem trước','2022-09-22 01:28:25','2022-09-22 01:28:25'),(1856,1,'vi','packages/slug/slug','settings.title','Cài đặt liên kết cố định','2022-09-22 01:28:25','2022-09-22 01:28:25'),(1857,1,'en','packages/theme/theme','name','Themes','2022-09-22 01:28:25','2022-09-22 01:28:25'),(1858,1,'en','packages/theme/theme','theme','Theme','2022-09-22 01:28:25','2022-09-22 01:28:25'),(1859,1,'en','packages/theme/theme','author','Author','2022-09-22 01:28:25','2022-09-22 01:28:25'),(1860,1,'en','packages/theme/theme','version','Version','2022-09-22 01:28:25','2022-09-22 01:28:25'),(1861,1,'en','packages/theme/theme','description','Description','2022-09-22 01:28:25','2022-09-22 01:28:25'),(1862,1,'en','packages/theme/theme','active_success','Activate theme :name successfully!','2022-09-22 01:28:25','2022-09-22 01:28:25'),(1863,1,'en','packages/theme/theme','active','Active','2022-09-22 01:28:25','2022-09-22 01:28:25'),(1864,1,'en','packages/theme/theme','activated','Activated','2022-09-22 01:28:25','2022-09-22 01:28:25'),(1865,1,'en','packages/theme/theme','appearance','Appearance','2022-09-22 01:28:25','2022-09-22 01:28:25'),(1866,1,'en','packages/theme/theme','theme_options','Theme options','2022-09-22 01:28:25','2022-09-22 01:28:25'),(1867,1,'en','packages/theme/theme','save_changes','Save Changes','2022-09-22 01:28:25','2022-09-22 01:28:25'),(1868,1,'en','packages/theme/theme','developer_mode','Developer Mode Enabled','2022-09-22 01:28:25','2022-09-22 01:28:25'),(1869,1,'en','packages/theme/theme','custom_css','Custom CSS','2022-09-22 01:28:25','2022-09-22 01:28:25'),(1870,1,'en','packages/theme/theme','custom_js','Custom JS','2022-09-22 01:28:25','2022-09-22 01:28:25'),(1871,1,'en','packages/theme/theme','custom_header_js','Header JS','2022-09-22 01:28:25','2022-09-22 01:28:25'),(1872,1,'en','packages/theme/theme','custom_header_js_placeholder','JS in header of page, wrap it inside &#x3C;script&#x3E;&#x3C;/script&#x3E;','2022-09-22 01:28:25','2022-09-22 01:28:25'),(1873,1,'en','packages/theme/theme','custom_body_js','Body JS','2022-09-22 01:28:25','2022-09-22 01:28:25'),(1874,1,'en','packages/theme/theme','custom_body_js_placeholder','JS in body of page, wrap it inside &#x3C;script&#x3E;&#x3C;/script&#x3E;','2022-09-22 01:28:25','2022-09-22 01:28:25'),(1875,1,'en','packages/theme/theme','custom_footer_js','Footer JS','2022-09-22 01:28:25','2022-09-22 01:28:25'),(1876,1,'en','packages/theme/theme','custom_footer_js_placeholder','JS in footer of page, wrap it inside &#x3C;script&#x3E;&#x3C;/script&#x3E;','2022-09-22 01:28:25','2022-09-22 01:28:25'),(1877,1,'en','packages/theme/theme','custom_html','Custom HTML','2022-09-22 01:28:25','2022-09-22 01:28:25'),(1878,1,'en','packages/theme/theme','custom_header_html','Header HTML','2022-09-22 01:28:25','2022-09-22 01:28:25'),(1879,1,'en','packages/theme/theme','custom_header_html_placeholder','HTML in header of page, no special tags: script, style, iframe...','2022-09-22 01:28:25','2022-09-22 01:28:25'),(1880,1,'en','packages/theme/theme','custom_body_html','Body HTML','2022-09-22 01:28:25','2022-09-22 01:28:25'),(1881,1,'en','packages/theme/theme','custom_body_html_placeholder','HTML in body of page, no special tags: script, style, iframe...','2022-09-22 01:28:25','2022-09-22 01:28:25'),(1882,1,'en','packages/theme/theme','custom_footer_html','Footer HTML','2022-09-22 01:28:25','2022-09-22 01:28:25'),(1883,1,'en','packages/theme/theme','custom_footer_html_placeholder','HTML in footer of page, no special tags: script, style, iframe...','2022-09-22 01:28:25','2022-09-22 01:28:25'),(1884,1,'en','packages/theme/theme','remove_theme_success','Remove theme successfully!','2022-09-22 01:28:25','2022-09-22 01:28:25'),(1885,1,'en','packages/theme/theme','theme_is_not_existed','This theme is not existed!','2022-09-22 01:28:25','2022-09-22 01:28:25'),(1886,1,'en','packages/theme/theme','remove','Remove','2022-09-22 01:28:25','2022-09-22 01:28:25'),(1887,1,'en','packages/theme/theme','remove_theme','Remove theme','2022-09-22 01:28:25','2022-09-22 01:28:25'),(1888,1,'en','packages/theme/theme','remove_theme_confirm_message','Do you really want to remove this theme?','2022-09-22 01:28:25','2022-09-22 01:28:25'),(1889,1,'en','packages/theme/theme','remove_theme_confirm_yes','Yes, remove it!','2022-09-22 01:28:25','2022-09-22 01:28:25'),(1890,1,'en','packages/theme/theme','total_themes','Total themes','2022-09-22 01:28:25','2022-09-22 01:28:25'),(1891,1,'en','packages/theme/theme','show_admin_bar','Show admin bar (When admin logged in, still show admin bar in website)?','2022-09-22 01:28:25','2022-09-22 01:28:25'),(1892,1,'en','packages/theme/theme','settings.title','Theme','2022-09-22 01:28:25','2022-09-22 01:28:25'),(1893,1,'en','packages/theme/theme','settings.description','Setting for theme','2022-09-22 01:28:25','2022-09-22 01:28:25'),(1894,1,'en','packages/theme/theme','settings.redirect_404_to_homepage','Redirect all not found requests to homepage?','2022-09-22 01:28:25','2022-09-22 01:28:25'),(1895,1,'en','packages/theme/theme','add_new','Add new','2022-09-22 01:28:25','2022-09-22 01:28:25'),(1896,1,'en','packages/theme/theme','theme_activated_already','Theme \":name\" is activated already!','2022-09-22 01:28:25','2022-09-22 01:28:25'),(1897,1,'en','packages/theme/theme','missing_json_file','Missing file theme.json!','2022-09-22 01:28:25','2022-09-22 01:28:25'),(1898,1,'en','packages/theme/theme','theme_invalid','Theme is valid!','2022-09-22 01:28:25','2022-09-22 01:28:25'),(1899,1,'en','packages/theme/theme','published_assets_success','Publish assets for :themes successfully!','2022-09-22 01:28:25','2022-09-22 01:28:25'),(1900,1,'en','packages/theme/theme','cannot_remove_theme','Cannot remove activated theme, please activate another theme before removing \":name\"!','2022-09-22 01:28:25','2022-09-22 01:28:25'),(1901,1,'en','packages/theme/theme','theme_deleted','Theme \":name\" has been destroyed.','2022-09-22 01:28:25','2022-09-22 01:28:25'),(1902,1,'en','packages/theme/theme','removed_assets','Remove assets of a theme :name successfully!','2022-09-22 01:28:25','2022-09-22 01:28:25'),(1903,1,'en','packages/theme/theme','update_custom_css_success','Update custom CSS successfully!','2022-09-22 01:28:26','2022-09-22 01:28:26'),(1904,1,'en','packages/theme/theme','update_custom_js_success','Update custom JS successfully!','2022-09-22 01:28:26','2022-09-22 01:28:26'),(1905,1,'en','packages/theme/theme','update_custom_html_success','Update custom HTML successfully!','2022-09-22 01:28:26','2022-09-22 01:28:26'),(1906,1,'en','packages/theme/theme','go_to_dashboard','Go to dashboard','2022-09-22 01:28:26','2022-09-22 01:28:26'),(1907,1,'en','packages/theme/theme','custom_css_placeholder','Using Ctrl + Space to autocomplete.','2022-09-22 01:28:26','2022-09-22 01:28:26'),(1908,1,'en','packages/theme/theme','theme_option_general','General','2022-09-22 01:28:26','2022-09-22 01:28:26'),(1909,1,'en','packages/theme/theme','theme_option_general_description','General settings','2022-09-22 01:28:26','2022-09-22 01:28:26'),(1910,1,'en','packages/theme/theme','theme_option_seo_open_graph_image','SEO default Open Graph image','2022-09-22 01:28:26','2022-09-22 01:28:26'),(1911,1,'en','packages/theme/theme','theme_option_logo','Logo','2022-09-22 01:28:26','2022-09-22 01:28:26'),(1912,1,'en','packages/theme/theme','theme_option_favicon','Favicon','2022-09-22 01:28:26','2022-09-22 01:28:26'),(1913,1,'en','packages/theme/theme','folder_is_not_writeable','Cannot write files! Folder :name is not writable. Please chmod to make it writable!','2022-09-22 01:28:26','2022-09-22 01:28:26'),(1914,1,'vi','packages/theme/theme','name','Giao diện','2022-09-22 01:28:26','2022-09-22 01:28:26'),(1915,1,'vi','packages/theme/theme','activated','Đã kích hoạt','2022-09-22 01:28:26','2022-09-22 01:28:26'),(1916,1,'vi','packages/theme/theme','active','Kích hoạt','2022-09-22 01:28:26','2022-09-22 01:28:26'),(1917,1,'vi','packages/theme/theme','active_success','Kích hoạt giao diện thành công!','2022-09-22 01:28:26','2022-09-22 01:28:26'),(1918,1,'vi','packages/theme/theme','author','Tác giả','2022-09-22 01:28:26','2022-09-22 01:28:26'),(1919,1,'vi','packages/theme/theme','description','Mô tả','2022-09-22 01:28:26','2022-09-22 01:28:26'),(1920,1,'vi','packages/theme/theme','appearance','Hiển thị','2022-09-22 01:28:26','2022-09-22 01:28:26'),(1921,1,'vi','packages/theme/theme','theme','Giao diện','2022-09-22 01:28:26','2022-09-22 01:28:26'),(1922,1,'vi','packages/theme/theme','theme_options','Tuỳ chọn giao diện','2022-09-22 01:28:26','2022-09-22 01:28:26'),(1923,1,'vi','packages/theme/theme','version','Phiên bản','2022-09-22 01:28:26','2022-09-22 01:28:26'),(1924,1,'vi','packages/theme/theme','save_changes','Lưu thay đổi','2022-09-22 01:28:26','2022-09-22 01:28:26'),(1925,1,'vi','packages/theme/theme','developer_mode','Đang kích hoạt chế độ thử nghiệm','2022-09-22 01:28:26','2022-09-22 01:28:26'),(1926,1,'vi','packages/theme/theme','custom_css','Tuỳ chỉnh CSS','2022-09-22 01:28:26','2022-09-22 01:28:26'),(1927,1,'vi','packages/theme/theme','remove','Xóa','2022-09-22 01:28:26','2022-09-22 01:28:26'),(1928,1,'vi','packages/theme/theme','remove_theme','Xóa giao diện','2022-09-22 01:28:26','2022-09-22 01:28:26'),(1929,1,'vi','packages/theme/theme','remove_theme_confirm_message','Bạn có chắc chắn muốn xóa giao diện này?','2022-09-22 01:28:26','2022-09-22 01:28:26'),(1930,1,'vi','packages/theme/theme','remove_theme_confirm_yes','Vâng, xác nhận xóa!','2022-09-22 01:28:26','2022-09-22 01:28:26'),(1931,1,'vi','packages/theme/theme','remove_theme_success','Xóa giao diện thành công!','2022-09-22 01:28:26','2022-09-22 01:28:26'),(1932,1,'vi','packages/theme/theme','settings.description','Cài đặt giao diện','2022-09-22 01:28:26','2022-09-22 01:28:26'),(1933,1,'vi','packages/theme/theme','settings.title','Giao diện','2022-09-22 01:28:26','2022-09-22 01:28:26'),(1934,1,'vi','packages/theme/theme','show_admin_bar','Hiển thị admin bar (khi admin đã đăng nhập, vẫn hiển thị admin bar trên website)?','2022-09-22 01:28:26','2022-09-22 01:28:26'),(1935,1,'vi','packages/theme/theme','total_themes','Tổng số giao diện','2022-09-22 01:28:26','2022-09-22 01:28:26'),(1936,1,'vi','packages/theme/theme','add_new','Thêm mới','2022-09-22 01:28:26','2022-09-22 01:28:26'),(1937,1,'en','packages/widget/global','name','Widgets','2022-09-22 01:28:26','2022-09-22 01:28:26'),(1938,1,'en','packages/widget/global','create','New widget','2022-09-22 01:28:26','2022-09-22 01:28:26'),(1939,1,'en','packages/widget/global','edit','Edit widget','2022-09-22 01:28:26','2022-09-22 01:28:26'),(1940,1,'en','packages/widget/global','delete','Delete','2022-09-22 01:28:26','2022-09-22 01:28:26'),(1941,1,'en','packages/widget/global','available','Available Widgets','2022-09-22 01:28:26','2022-09-22 01:28:26'),(1942,1,'en','packages/widget/global','instruction','To activate a widget drag it to a sidebar or click on it. To deactivate a widget and delete its settings, drag it back.','2022-09-22 01:28:26','2022-09-22 01:28:26'),(1943,1,'en','packages/widget/global','number_tag_display','Number tags will be display','2022-09-22 01:28:26','2022-09-22 01:28:26'),(1944,1,'en','packages/widget/global','number_post_display','Number posts will be display','2022-09-22 01:28:26','2022-09-22 01:28:26'),(1945,1,'en','packages/widget/global','select_menu','Select Menu','2022-09-22 01:28:26','2022-09-22 01:28:26'),(1946,1,'en','packages/widget/global','widget_text','Text','2022-09-22 01:28:26','2022-09-22 01:28:26'),(1947,1,'en','packages/widget/global','widget_text_description','Arbitrary text or HTML.','2022-09-22 01:28:26','2022-09-22 01:28:26'),(1948,1,'en','packages/widget/global','widget_recent_post','Recent Posts','2022-09-22 01:28:26','2022-09-22 01:28:26'),(1949,1,'en','packages/widget/global','widget_recent_post_description','Recent posts widget.','2022-09-22 01:28:26','2022-09-22 01:28:26'),(1950,1,'en','packages/widget/global','widget_custom_menu','Custom Menu','2022-09-22 01:28:26','2022-09-22 01:28:26'),(1951,1,'en','packages/widget/global','widget_custom_menu_description','Add a custom menu to your widget area.','2022-09-22 01:28:26','2022-09-22 01:28:26'),(1952,1,'en','packages/widget/global','widget_tag','Tags','2022-09-22 01:28:26','2022-09-22 01:28:26'),(1953,1,'en','packages/widget/global','widget_tag_description','Popular tags','2022-09-22 01:28:26','2022-09-22 01:28:26'),(1954,1,'en','packages/widget/global','save_success','Save widget successfully!','2022-09-22 01:28:26','2022-09-22 01:28:26'),(1955,1,'en','packages/widget/global','delete_success','Delete widget successfully!','2022-09-22 01:28:26','2022-09-22 01:28:26'),(1956,1,'en','packages/widget/widget','name','Widgets','2022-09-22 01:28:26','2022-09-22 01:28:26'),(1957,1,'en','packages/widget/widget','create','New widget','2022-09-22 01:28:26','2022-09-22 01:28:26'),(1958,1,'en','packages/widget/widget','edit','Edit widget','2022-09-22 01:28:26','2022-09-22 01:28:26'),(1959,1,'en','packages/widget/widget','delete','Delete','2022-09-22 01:28:26','2022-09-22 01:28:26'),(1960,1,'en','packages/widget/widget','available','Available Widgets','2022-09-22 01:28:26','2022-09-22 01:28:26'),(1961,1,'en','packages/widget/widget','instruction','To activate a widget drag it to a sidebar or click on it. To deactivate a widget and delete its settings, drag it back.','2022-09-22 01:28:26','2022-09-22 01:28:26'),(1962,1,'en','packages/widget/widget','number_tag_display','Number tags will be display','2022-09-22 01:28:26','2022-09-22 01:28:26'),(1963,1,'en','packages/widget/widget','number_post_display','Number posts will be display','2022-09-22 01:28:26','2022-09-22 01:28:26'),(1964,1,'en','packages/widget/widget','select_menu','Select Menu','2022-09-22 01:28:26','2022-09-22 01:28:26'),(1965,1,'en','packages/widget/widget','widget_text','Text','2022-09-22 01:28:26','2022-09-22 01:28:26'),(1966,1,'en','packages/widget/widget','widget_text_description','Arbitrary text or HTML.','2022-09-22 01:28:26','2022-09-22 01:28:26'),(1967,1,'en','packages/widget/widget','widget_recent_post','Recent Posts','2022-09-22 01:28:26','2022-09-22 01:28:26'),(1968,1,'en','packages/widget/widget','widget_recent_post_description','Recent posts widget.','2022-09-22 01:28:26','2022-09-22 01:28:26'),(1969,1,'en','packages/widget/widget','widget_custom_menu','Custom Menu','2022-09-22 01:28:26','2022-09-22 01:28:26'),(1970,1,'en','packages/widget/widget','widget_custom_menu_description','Add a custom menu to your widget area.','2022-09-22 01:28:27','2022-09-22 01:28:27'),(1971,1,'en','packages/widget/widget','widget_tag','Tags','2022-09-22 01:28:27','2022-09-22 01:28:27'),(1972,1,'en','packages/widget/widget','widget_tag_description','Popular tags','2022-09-22 01:28:27','2022-09-22 01:28:27'),(1973,1,'en','packages/widget/widget','save_success','Save widget successfully!','2022-09-22 01:28:27','2022-09-22 01:28:27'),(1974,1,'en','packages/widget/widget','delete_success','Delete widget successfully!','2022-09-22 01:28:27','2022-09-22 01:28:27'),(1975,1,'en','packages/widget/widget','primary_sidebar_name','Primary sidebar','2022-09-22 01:28:27','2022-09-22 01:28:27'),(1976,1,'en','packages/widget/widget','primary_sidebar_description','Primary sidebar section','2022-09-22 01:28:27','2022-09-22 01:28:27'),(1977,1,'vi','packages/widget/global','name','Widgets','2022-09-22 01:28:27','2022-09-22 01:28:27'),(1978,1,'vi','packages/widget/global','create','New widget','2022-09-22 01:28:27','2022-09-22 01:28:27'),(1979,1,'vi','packages/widget/global','edit','Edit widget','2022-09-22 01:28:27','2022-09-22 01:28:27'),(1980,1,'vi','packages/widget/global','available','Tiện ích có sẵn','2022-09-22 01:28:27','2022-09-22 01:28:27'),(1981,1,'vi','packages/widget/global','delete','Xóa','2022-09-22 01:28:27','2022-09-22 01:28:27'),(1982,1,'vi','packages/widget/global','instruction','Để kích hoạt tiện ích, hãy kéo nó vào sidebar hoặc nhấn vào nó. Để hủy kích hoạt tiện ích và xóa các thiết lập của tiện ích, kéo nó quay trở lại.','2022-09-22 01:28:27','2022-09-22 01:28:27'),(1983,1,'vi','packages/widget/global','number_post_display','Số bài viết sẽ hiển thị','2022-09-22 01:28:27','2022-09-22 01:28:27'),(1984,1,'vi','packages/widget/global','number_tag_display','Số thẻ sẽ hiển thị','2022-09-22 01:28:27','2022-09-22 01:28:27'),(1985,1,'vi','packages/widget/global','select_menu','Lựa chọn trình đơn','2022-09-22 01:28:27','2022-09-22 01:28:27'),(1986,1,'vi','packages/widget/global','widget_custom_menu','Menu tùy chỉnh','2022-09-22 01:28:27','2022-09-22 01:28:27'),(1987,1,'vi','packages/widget/global','widget_custom_menu_description','Thêm menu tùy chỉnh vào khu vực tiện ích của bạn','2022-09-22 01:28:27','2022-09-22 01:28:27'),(1988,1,'vi','packages/widget/global','widget_recent_post','Bài viết gần đây','2022-09-22 01:28:27','2022-09-22 01:28:27'),(1989,1,'vi','packages/widget/global','widget_recent_post_description','Tiện ích bài viết gần đây','2022-09-22 01:28:27','2022-09-22 01:28:27'),(1990,1,'vi','packages/widget/global','widget_tag','Thẻ','2022-09-22 01:28:27','2022-09-22 01:28:27'),(1991,1,'vi','packages/widget/global','widget_tag_description','Thẻ phổ biến, sử dụng nhiều','2022-09-22 01:28:27','2022-09-22 01:28:27'),(1992,1,'vi','packages/widget/global','widget_text','Văn bản','2022-09-22 01:28:27','2022-09-22 01:28:27'),(1993,1,'vi','packages/widget/global','widget_text_description','Văn bản tùy ý hoặc HTML.','2022-09-22 01:28:27','2022-09-22 01:28:27'),(1994,1,'vi','packages/widget/global','delete_success','Xoá tiện ích thành công','2022-09-22 01:28:27','2022-09-22 01:28:27'),(1995,1,'vi','packages/widget/global','save_success','Lưu tiện ích thành công!','2022-09-22 01:28:27','2022-09-22 01:28:27'),(1996,1,'vi','packages/widget/widget','name','Widgets','2022-09-22 01:28:27','2022-09-22 01:28:27'),(1997,1,'vi','packages/widget/widget','create','New widget','2022-09-22 01:28:27','2022-09-22 01:28:27'),(1998,1,'vi','packages/widget/widget','edit','Edit widget','2022-09-22 01:28:27','2022-09-22 01:28:27'),(1999,1,'vi','packages/widget/widget','available','Tiện ích có sẵn','2022-09-22 01:28:27','2022-09-22 01:28:27'),(2000,1,'vi','packages/widget/widget','delete','Xóa','2022-09-22 01:28:27','2022-09-22 01:28:27'),(2001,1,'vi','packages/widget/widget','instruction','Để kích hoạt tiện ích, hãy kéo nó vào sidebar hoặc nhấn vào nó. Để hủy kích hoạt tiện ích và xóa các thiết lập của tiện ích, kéo nó quay trở lại.','2022-09-22 01:28:27','2022-09-22 01:28:27'),(2002,1,'vi','packages/widget/widget','number_post_display','Số bài viết sẽ hiển thị','2022-09-22 01:28:27','2022-09-22 01:28:27'),(2003,1,'vi','packages/widget/widget','number_tag_display','Số thẻ sẽ hiển thị','2022-09-22 01:28:27','2022-09-22 01:28:27'),(2004,1,'vi','packages/widget/widget','select_menu','Lựa chọn trình đơn','2022-09-22 01:28:27','2022-09-22 01:28:27'),(2005,1,'vi','packages/widget/widget','widget_custom_menu','Menu tùy chỉnh','2022-09-22 01:28:27','2022-09-22 01:28:27'),(2006,1,'vi','packages/widget/widget','widget_custom_menu_description','Thêm menu tùy chỉnh vào khu vực tiện ích của bạn','2022-09-22 01:28:27','2022-09-22 01:28:27'),(2007,1,'vi','packages/widget/widget','widget_recent_post','Bài viết gần đây','2022-09-22 01:28:27','2022-09-22 01:28:27'),(2008,1,'vi','packages/widget/widget','widget_recent_post_description','Tiện ích bài viết gần đây','2022-09-22 01:28:27','2022-09-22 01:28:27'),(2009,1,'vi','packages/widget/widget','widget_tag','Thẻ','2022-09-22 01:28:27','2022-09-22 01:28:27'),(2010,1,'vi','packages/widget/widget','widget_tag_description','Thẻ phổ biến, sử dụng nhiều','2022-09-22 01:28:27','2022-09-22 01:28:27'),(2011,1,'vi','packages/widget/widget','widget_text','Văn bản','2022-09-22 01:28:27','2022-09-22 01:28:27'),(2012,1,'vi','packages/widget/widget','widget_text_description','Văn bản tùy ý hoặc HTML.','2022-09-22 01:28:27','2022-09-22 01:28:27'),(2013,1,'vi','packages/widget/widget','delete_success','Xoá tiện ích thành công','2022-09-22 01:28:27','2022-09-22 01:28:27'),(2014,1,'vi','packages/widget/widget','save_success','Lưu tiện ích thành công!','2022-09-22 01:28:27','2022-09-22 01:28:27'),(2015,1,'en','plugins/ads/ads','name','Ads','2022-09-22 01:28:27','2022-09-22 01:28:27'),(2016,1,'en','plugins/ads/ads','create','New ads','2022-09-22 01:28:27','2022-09-22 01:28:27'),(2017,1,'en','plugins/ads/ads','edit','Edit ads','2022-09-22 01:28:27','2022-09-22 01:28:27'),(2018,1,'en','plugins/ads/ads','location','Location','2022-09-22 01:28:27','2022-09-22 01:28:27'),(2019,1,'en','plugins/ads/ads','url','URL','2022-09-22 01:28:27','2022-09-22 01:28:27'),(2020,1,'en','plugins/ads/ads','expired_at','Expired at','2022-09-22 01:28:27','2022-09-22 01:28:27'),(2021,1,'en','plugins/ads/ads','key','Key','2022-09-22 01:28:27','2022-09-22 01:28:27'),(2022,1,'en','plugins/ads/ads','shortcode','Shortcode','2022-09-22 01:28:27','2022-09-22 01:28:27'),(2023,1,'en','plugins/ads/ads','clicked','Clicked','2022-09-22 01:28:27','2022-09-22 01:28:27'),(2024,1,'en','plugins/ads/ads','not_set','Not set','2022-09-22 01:28:27','2022-09-22 01:28:27'),(2025,1,'en','plugins/ads/ads','adblock_warning','If you are using Adblock browser extension, you need to disable this extension on your site first. It may block your ads if it is enabled on your site! <br /> Tips: Image name SHOULD NOT contain some ads keywords (ad, promotion...)','2022-09-22 01:28:27','2022-09-22 01:28:27'),(2026,1,'en','plugins/ads/ads','select_ad','Select Ad','2022-09-22 01:28:27','2022-09-22 01:28:27'),(2027,1,'en','plugins/analytics/analytics','sessions','Sessions','2022-09-22 01:28:27','2022-09-22 01:28:27'),(2028,1,'en','plugins/analytics/analytics','visitors','Visitors','2022-09-22 01:28:27','2022-09-22 01:28:27'),(2029,1,'en','plugins/analytics/analytics','pageviews','Pageviews','2022-09-22 01:28:27','2022-09-22 01:28:27'),(2030,1,'en','plugins/analytics/analytics','bounce_rate','Bounce Rate','2022-09-22 01:28:27','2022-09-22 01:28:27'),(2031,1,'en','plugins/analytics/analytics','page_session','Pages/Session','2022-09-22 01:28:27','2022-09-22 01:28:27'),(2032,1,'en','plugins/analytics/analytics','avg_duration','Avg. Duration','2022-09-22 01:28:27','2022-09-22 01:28:27'),(2033,1,'en','plugins/analytics/analytics','percent_new_session','Percent new session','2022-09-22 01:28:27','2022-09-22 01:28:27'),(2034,1,'en','plugins/analytics/analytics','new_users','New visitors','2022-09-22 01:28:27','2022-09-22 01:28:27'),(2035,1,'en','plugins/analytics/analytics','visits','visits','2022-09-22 01:28:27','2022-09-22 01:28:27'),(2036,1,'en','plugins/analytics/analytics','views','views','2022-09-22 01:28:27','2022-09-22 01:28:27'),(2037,1,'en','plugins/analytics/analytics','view_id_not_specified','You must provide a valid view id. The document here: <a href=\"https://docs.botble.com/cms/master/plugin-analytics\" target=\"_blank\">https://docs.botble.com/cms/master/plugin-analytics</a>','2022-09-22 01:28:27','2022-09-22 01:28:27'),(2038,1,'en','plugins/analytics/analytics','credential_is_not_valid','Analytics credentials is not valid. The document here: <a href=\"https://docs.botble.com/cms/master/plugin-analytics\" target=\"_blank\">https://docs.botble.com/cms/master/plugin-analytics</a>','2022-09-22 01:28:27','2022-09-22 01:28:27'),(2039,1,'en','plugins/analytics/analytics','start_date_can_not_before_end_date','Start date :start_date cannot be after end date :end_date','2022-09-22 01:28:27','2022-09-22 01:28:27'),(2040,1,'en','plugins/analytics/analytics','wrong_configuration','To view analytics you\'ll need to get a google analytics client id and add it to your settings. <br /> You also need JSON credential data. <br /> The document here: <a href=\"https://docs.botble.com/cms/master/plugin-analytics\" target=\"_blank\">https://docs.botble.com/cms/master/plugin-analytics</a>','2022-09-22 01:28:27','2022-09-22 01:28:27'),(2041,1,'en','plugins/analytics/analytics','settings.title','Google Analytics','2022-09-22 01:28:27','2022-09-22 01:28:27'),(2042,1,'en','plugins/analytics/analytics','settings.description','Config Credentials for Google Analytics','2022-09-22 01:28:27','2022-09-22 01:28:27'),(2043,1,'en','plugins/analytics/analytics','settings.tracking_code','Tracking ID','2022-09-22 01:28:27','2022-09-22 01:28:27'),(2044,1,'en','plugins/analytics/analytics','settings.tracking_code_placeholder','Example: GA-12586526-8','2022-09-22 01:28:27','2022-09-22 01:28:27'),(2045,1,'en','plugins/analytics/analytics','settings.view_id','View ID','2022-09-22 01:28:27','2022-09-22 01:28:27'),(2046,1,'en','plugins/analytics/analytics','settings.view_id_description','Google Analytics View ID','2022-09-22 01:28:27','2022-09-22 01:28:27'),(2047,1,'en','plugins/analytics/analytics','settings.json_credential','Service Account Credentials','2022-09-22 01:28:27','2022-09-22 01:28:27'),(2048,1,'en','plugins/analytics/analytics','settings.json_credential_description','Service Account Credentials','2022-09-22 01:28:27','2022-09-22 01:28:27'),(2049,1,'en','plugins/analytics/analytics','widget_analytics_page','Top Most Visit Pages','2022-09-22 01:28:27','2022-09-22 01:28:27'),(2050,1,'en','plugins/analytics/analytics','widget_analytics_browser','Top Browsers','2022-09-22 01:28:27','2022-09-22 01:28:27'),(2051,1,'en','plugins/analytics/analytics','widget_analytics_referrer','Top Referrers','2022-09-22 01:28:27','2022-09-22 01:28:27'),(2052,1,'en','plugins/analytics/analytics','widget_analytics_general','Site Analytics','2022-09-22 01:28:27','2022-09-22 01:28:27'),(2053,1,'vi','plugins/analytics/analytics','avg_duration','Trung bình','2022-09-22 01:28:27','2022-09-22 01:28:27'),(2054,1,'vi','plugins/analytics/analytics','bounce_rate','Tỉ lệ thoát','2022-09-22 01:28:27','2022-09-22 01:28:27'),(2055,1,'vi','plugins/analytics/analytics','page_session','Trang/Phiên','2022-09-22 01:28:27','2022-09-22 01:28:27'),(2056,1,'vi','plugins/analytics/analytics','pageviews','Lượt xem','2022-09-22 01:28:27','2022-09-22 01:28:27'),(2057,1,'vi','plugins/analytics/analytics','sessions','Phiên','2022-09-22 01:28:27','2022-09-22 01:28:27'),(2058,1,'vi','plugins/analytics/analytics','views','lượt xem','2022-09-22 01:28:27','2022-09-22 01:28:27'),(2059,1,'vi','plugins/analytics/analytics','visitors','Người truy cập','2022-09-22 01:28:27','2022-09-22 01:28:27'),(2060,1,'vi','plugins/analytics/analytics','visits','lượt ghé thăm','2022-09-22 01:28:27','2022-09-22 01:28:27'),(2061,1,'vi','plugins/analytics/analytics','credential_is_not_valid','Thông tin cài đặt không hợp lệ. Tài liệu hướng dẫn tại đây: <a href=\"https://docs.botble.com/cms/master/plugin-analytics\" target=\"_blank\">https://docs.botble.com/cms/master/plugin-analytics</a>','2022-09-22 01:28:27','2022-09-22 01:28:27'),(2062,1,'vi','plugins/analytics/analytics','new_users','Lượt khách mới','2022-09-22 01:28:27','2022-09-22 01:28:27'),(2063,1,'vi','plugins/analytics/analytics','percent_new_session','Tỉ lệ khách mới','2022-09-22 01:28:27','2022-09-22 01:28:27'),(2064,1,'vi','plugins/analytics/analytics','start_date_can_not_before_end_date','Ngày bắt đầu :start_date không thể sau ngày kết thúc :end_date','2022-09-22 01:28:27','2022-09-22 01:28:27'),(2065,1,'vi','plugins/analytics/analytics','view_id_not_specified','Bạn phải cung cấp View ID hợp lê. Tài liệu hướng dẫn tại đây: <a href=\"https://docs.botble.com/cms/master/plugin-analytics\" target=\"_blank\">https://docs.botble.com/cms/master/plugin-analytics</a>','2022-09-22 01:28:27','2022-09-22 01:28:27'),(2066,1,'vi','plugins/analytics/analytics','wrong_configuration','Để xem dữ liệu thống kê Google Analytics, bạn cần lấy thông tin Client ID và thêm nó vào trong phần cài đặt. Bạn cũng cần thông tin xác thực dạng JSON. Tài liệu hướng dẫn tại đây: <a href=\"https://docs.botble.com/cms/master/plugin-analytics\" target=\"_blank\">https://docs.botble.com/cms/master/plugin-analytics</a>','2022-09-22 01:28:27','2022-09-22 01:28:27'),(2067,1,'vi','plugins/analytics/analytics','settings.title','Google Analytics','2022-09-22 01:28:27','2022-09-22 01:28:27'),(2068,1,'vi','plugins/analytics/analytics','settings.description','Config Credentials for Google Analytics','2022-09-22 01:28:27','2022-09-22 01:28:27'),(2069,1,'vi','plugins/analytics/analytics','settings.tracking_code','Tracking Code','2022-09-22 01:28:27','2022-09-22 01:28:27'),(2070,1,'vi','plugins/analytics/analytics','settings.tracking_code_placeholder','Example: GA-12586526-8','2022-09-22 01:28:27','2022-09-22 01:28:27'),(2071,1,'vi','plugins/analytics/analytics','settings.view_id','View ID','2022-09-22 01:28:27','2022-09-22 01:28:27'),(2072,1,'vi','plugins/analytics/analytics','settings.view_id_description','Google Analytics View ID','2022-09-22 01:28:27','2022-09-22 01:28:27'),(2073,1,'vi','plugins/analytics/analytics','settings.json_credential','Service Account Credentials','2022-09-22 01:28:27','2022-09-22 01:28:27'),(2074,1,'vi','plugins/analytics/analytics','settings.json_credential_description','Service Account Credentials','2022-09-22 01:28:27','2022-09-22 01:28:27'),(2075,1,'vi','plugins/analytics/analytics','widget_analytics_browser','Trình duyệt truy cập nhiều','2022-09-22 01:28:27','2022-09-22 01:28:27'),(2076,1,'vi','plugins/analytics/analytics','widget_analytics_general','Thống kê truy cập','2022-09-22 01:28:27','2022-09-22 01:28:27'),(2077,1,'vi','plugins/analytics/analytics','widget_analytics_page','Trang được xem nhiều nhất','2022-09-22 01:28:27','2022-09-22 01:28:27'),(2078,1,'vi','plugins/analytics/analytics','widget_analytics_referrer','Trang giới thiệu nhiều','2022-09-22 01:28:27','2022-09-22 01:28:27'),(2079,1,'en','plugins/audit-log/history','name','Activities Logs','2022-09-22 01:28:27','2022-09-22 01:28:27'),(2080,1,'en','plugins/audit-log/history','created','created','2022-09-22 01:28:27','2022-09-22 01:28:27'),(2081,1,'en','plugins/audit-log/history','updated','updated','2022-09-22 01:28:27','2022-09-22 01:28:27'),(2082,1,'en','plugins/audit-log/history','deleted','deleted','2022-09-22 01:28:27','2022-09-22 01:28:27'),(2083,1,'en','plugins/audit-log/history','logged in','logged in','2022-09-22 01:28:27','2022-09-22 01:28:27'),(2084,1,'en','plugins/audit-log/history','logged out','logged out','2022-09-22 01:28:27','2022-09-22 01:28:27'),(2085,1,'en','plugins/audit-log/history','changed password','changed password','2022-09-22 01:28:28','2022-09-22 01:28:28'),(2086,1,'en','plugins/audit-log/history','updated profile','updated profile','2022-09-22 01:28:28','2022-09-22 01:28:28'),(2087,1,'en','plugins/audit-log/history','attached','attached','2022-09-22 01:28:28','2022-09-22 01:28:28'),(2088,1,'en','plugins/audit-log/history','shared','shared','2022-09-22 01:28:28','2022-09-22 01:28:28'),(2089,1,'en','plugins/audit-log/history','to the system','to the system','2022-09-22 01:28:28','2022-09-22 01:28:28'),(2090,1,'en','plugins/audit-log/history','of the system','of the system','2022-09-22 01:28:28','2022-09-22 01:28:28'),(2091,1,'en','plugins/audit-log/history','menu','menu','2022-09-22 01:28:28','2022-09-22 01:28:28'),(2092,1,'en','plugins/audit-log/history','post','post','2022-09-22 01:28:28','2022-09-22 01:28:28'),(2093,1,'en','plugins/audit-log/history','page','page','2022-09-22 01:28:28','2022-09-22 01:28:28'),(2094,1,'en','plugins/audit-log/history','category','category','2022-09-22 01:28:28','2022-09-22 01:28:28'),(2095,1,'en','plugins/audit-log/history','tag','tag','2022-09-22 01:28:28','2022-09-22 01:28:28'),(2096,1,'en','plugins/audit-log/history','user','user','2022-09-22 01:28:28','2022-09-22 01:28:28'),(2097,1,'en','plugins/audit-log/history','contact','contact','2022-09-22 01:28:28','2022-09-22 01:28:28'),(2098,1,'en','plugins/audit-log/history','backup','backup','2022-09-22 01:28:28','2022-09-22 01:28:28'),(2099,1,'en','plugins/audit-log/history','custom-field','custom field','2022-09-22 01:28:28','2022-09-22 01:28:28'),(2100,1,'en','plugins/audit-log/history','widget_audit_logs','Activities Logs','2022-09-22 01:28:28','2022-09-22 01:28:28'),(2101,1,'en','plugins/audit-log/history','action','Action','2022-09-22 01:28:28','2022-09-22 01:28:28'),(2102,1,'en','plugins/audit-log/history','user_agent','User Agent','2022-09-22 01:28:28','2022-09-22 01:28:28'),(2103,1,'en','plugins/audit-log/history','system','System','2022-09-22 01:28:28','2022-09-22 01:28:28'),(2104,1,'en','plugins/audit-log/history','delete_all','Delete all records','2022-09-22 01:28:28','2022-09-22 01:28:28'),(2105,1,'vi','plugins/audit-log/history','name','Lịch sử hoạt động','2022-09-22 01:28:28','2022-09-22 01:28:28'),(2106,1,'vi','plugins/audit-log/history','created',' đã tạo','2022-09-22 01:28:28','2022-09-22 01:28:28'),(2107,1,'vi','plugins/audit-log/history','updated',' đã cập nhật','2022-09-22 01:28:28','2022-09-22 01:28:28'),(2108,1,'vi','plugins/audit-log/history','deleted',' đã xóa','2022-09-22 01:28:28','2022-09-22 01:28:28'),(2109,1,'vi','plugins/audit-log/history','attached','đính kèm','2022-09-22 01:28:28','2022-09-22 01:28:28'),(2110,1,'vi','plugins/audit-log/history','backup','sao lưu','2022-09-22 01:28:28','2022-09-22 01:28:28'),(2111,1,'vi','plugins/audit-log/history','category','danh mục','2022-09-22 01:28:28','2022-09-22 01:28:28'),(2112,1,'vi','plugins/audit-log/history','changed password','thay đổi mật khẩu','2022-09-22 01:28:28','2022-09-22 01:28:28'),(2113,1,'vi','plugins/audit-log/history','contact','liên hệ','2022-09-22 01:28:28','2022-09-22 01:28:28'),(2114,1,'vi','plugins/audit-log/history','custom-field','khung mở rộng','2022-09-22 01:28:28','2022-09-22 01:28:28'),(2115,1,'vi','plugins/audit-log/history','logged in','đăng nhập','2022-09-22 01:28:28','2022-09-22 01:28:28'),(2116,1,'vi','plugins/audit-log/history','logged out','đăng xuất','2022-09-22 01:28:28','2022-09-22 01:28:28'),(2117,1,'vi','plugins/audit-log/history','menu','trình đơn','2022-09-22 01:28:28','2022-09-22 01:28:28'),(2118,1,'vi','plugins/audit-log/history','of the system','khỏi hệ thống','2022-09-22 01:28:28','2022-09-22 01:28:28'),(2119,1,'vi','plugins/audit-log/history','page','trang','2022-09-22 01:28:28','2022-09-22 01:28:28'),(2120,1,'vi','plugins/audit-log/history','post','bài viết','2022-09-22 01:28:28','2022-09-22 01:28:28'),(2121,1,'vi','plugins/audit-log/history','shared','đã chia sẻ','2022-09-22 01:28:28','2022-09-22 01:28:28'),(2122,1,'vi','plugins/audit-log/history','tag','thẻ','2022-09-22 01:28:28','2022-09-22 01:28:28'),(2123,1,'vi','plugins/audit-log/history','to the system','vào hệ thống','2022-09-22 01:28:28','2022-09-22 01:28:28'),(2124,1,'vi','plugins/audit-log/history','updated profile','cập nhật tài khoản','2022-09-22 01:28:28','2022-09-22 01:28:28'),(2125,1,'vi','plugins/audit-log/history','user','thành viên','2022-09-22 01:28:28','2022-09-22 01:28:28'),(2126,1,'vi','plugins/audit-log/history','widget_audit_logs','Lịch sử hoạt động','2022-09-22 01:28:28','2022-09-22 01:28:28'),(2127,1,'vi','plugins/audit-log/history','system','Hệ thống','2022-09-22 01:28:28','2022-09-22 01:28:28'),(2128,1,'vi','plugins/audit-log/history','action','Hành động','2022-09-22 01:28:28','2022-09-22 01:28:28'),(2129,1,'vi','plugins/audit-log/history','delete_all','Xóa tất cả bản ghi','2022-09-22 01:28:28','2022-09-22 01:28:28'),(2130,1,'vi','plugins/audit-log/history','user_agent','User Agent','2022-09-22 01:28:28','2022-09-22 01:28:28'),(2131,1,'en','plugins/backup/backup','name','Backup','2022-09-22 01:28:28','2022-09-22 01:28:28'),(2132,1,'en','plugins/backup/backup','backup_description','Backup database and uploads folder.','2022-09-22 01:28:28','2022-09-22 01:28:28'),(2133,1,'en','plugins/backup/backup','create_backup_success','Created backup successfully!','2022-09-22 01:28:28','2022-09-22 01:28:28'),(2134,1,'en','plugins/backup/backup','delete_backup_success','Delete backup successfully!','2022-09-22 01:28:28','2022-09-22 01:28:28'),(2135,1,'en','plugins/backup/backup','restore_backup_success','Restore backup successfully!','2022-09-22 01:28:28','2022-09-22 01:28:28'),(2136,1,'en','plugins/backup/backup','generate_btn','Generate backup','2022-09-22 01:28:28','2022-09-22 01:28:28'),(2137,1,'en','plugins/backup/backup','create','Create a backup','2022-09-22 01:28:28','2022-09-22 01:28:28'),(2138,1,'en','plugins/backup/backup','restore','Restore a backup','2022-09-22 01:28:28','2022-09-22 01:28:28'),(2139,1,'en','plugins/backup/backup','create_btn','Create','2022-09-22 01:28:28','2022-09-22 01:28:28'),(2140,1,'en','plugins/backup/backup','restore_btn','Restore','2022-09-22 01:28:28','2022-09-22 01:28:28'),(2141,1,'en','plugins/backup/backup','restore_confirm_msg','Do you really want to restore this revision?','2022-09-22 01:28:28','2022-09-22 01:28:28'),(2142,1,'en','plugins/backup/backup','download_uploads_folder','Download backup of uploads folder','2022-09-22 01:28:28','2022-09-22 01:28:28'),(2143,1,'en','plugins/backup/backup','download_database','Download backup of database','2022-09-22 01:28:28','2022-09-22 01:28:28'),(2144,1,'en','plugins/backup/backup','restore_tooltip','Restore this backup','2022-09-22 01:28:28','2022-09-22 01:28:28'),(2145,1,'en','plugins/backup/backup','demo_alert','Hi guest, if you see demo site is destroyed, please help me <a href=\":link\">go here</a> and restore demo site to the latest revision! Thank you so much!','2022-09-22 01:28:28','2022-09-22 01:28:28'),(2146,1,'en','plugins/backup/backup','menu_name','Backups','2022-09-22 01:28:28','2022-09-22 01:28:28'),(2147,1,'en','plugins/backup/backup','size','Size','2022-09-22 01:28:28','2022-09-22 01:28:28'),(2148,1,'en','plugins/backup/backup','no_backups','There is no backup now!','2022-09-22 01:28:28','2022-09-22 01:28:28'),(2149,1,'en','plugins/backup/backup','proc_open_disabled_error','Function <strong>proc_open()</strong> has been disabled so the system cannot backup the database. Please contact your hosting provider to enable it.','2022-09-22 01:28:28','2022-09-22 01:28:28'),(2150,1,'en','plugins/backup/backup','database_backup_not_existed','Backup database is not existed!','2022-09-22 01:28:28','2022-09-22 01:28:28'),(2151,1,'en','plugins/backup/backup','uploads_folder_backup_not_existed','Backup uploads folder is not existed!','2022-09-22 01:28:28','2022-09-22 01:28:28'),(2152,1,'en','plugins/backup/backup','important_message1','This is a simple backup feature, it is a solution for you if your site has < 1GB data and can be used for quickly backup your site.','2022-09-22 01:28:28','2022-09-22 01:28:28'),(2153,1,'en','plugins/backup/backup','important_message2','If you have more than 1GB images/files in local storage, you should use backup feature of your hosting or VPS.','2022-09-22 01:28:28','2022-09-22 01:28:28'),(2154,1,'en','plugins/backup/backup','important_message3','To backup your database, function <strong>proc_open()</strong> or <strong>system()</strong> must be enabled. Contact your hosting provider to enable it if it is disabled.','2022-09-22 01:28:28','2022-09-22 01:28:28'),(2155,1,'en','plugins/backup/backup','important_message4','It is not a full backup, it is just back up uploaded files and your database.','2022-09-22 01:28:28','2022-09-22 01:28:28'),(2156,1,'en','plugins/backup/backup','cannot_restore_database','Cannot restore database. The database backup is missing!','2022-09-22 01:28:28','2022-09-22 01:28:28'),(2157,1,'vi','plugins/backup/backup','backup_description','Sao lưu cơ sở dữ liệu và thư mục /uploads','2022-09-22 01:28:28','2022-09-22 01:28:28'),(2158,1,'vi','plugins/backup/backup','create','Tạo bản sao lưu','2022-09-22 01:28:28','2022-09-22 01:28:28'),(2159,1,'vi','plugins/backup/backup','create_backup_success','Tạo bản sao lưu thành công!','2022-09-22 01:28:28','2022-09-22 01:28:28'),(2160,1,'vi','plugins/backup/backup','create_btn','Tạo','2022-09-22 01:28:28','2022-09-22 01:28:28'),(2161,1,'vi','plugins/backup/backup','delete_backup_success','Xóa bản sao lưu thành công!','2022-09-22 01:28:28','2022-09-22 01:28:28'),(2162,1,'vi','plugins/backup/backup','generate_btn','Tạo sao lưu','2022-09-22 01:28:28','2022-09-22 01:28:28'),(2163,1,'vi','plugins/backup/backup','name','Sao lưu','2022-09-22 01:28:28','2022-09-22 01:28:28'),(2164,1,'vi','plugins/backup/backup','restore','Khôi phục bản sao lưu','2022-09-22 01:28:28','2022-09-22 01:28:28'),(2165,1,'vi','plugins/backup/backup','restore_backup_success','Khôi phục bản sao lưu thành công','2022-09-22 01:28:28','2022-09-22 01:28:28'),(2166,1,'vi','plugins/backup/backup','restore_btn','Khôi phục','2022-09-22 01:28:28','2022-09-22 01:28:28'),(2167,1,'vi','plugins/backup/backup','restore_confirm_msg','Bạn có chắc chắn muốn khôi phục hệ thống về thời điểm tạo bản sao lưu này?','2022-09-22 01:28:28','2022-09-22 01:28:28'),(2168,1,'vi','plugins/backup/backup','restore_tooltip','Khôi phục bản sao lưu này','2022-09-22 01:28:28','2022-09-22 01:28:28'),(2169,1,'vi','plugins/backup/backup','download_database','Tải về bản sao lưu CSDL','2022-09-22 01:28:28','2022-09-22 01:28:28'),(2170,1,'vi','plugins/backup/backup','download_uploads_folder','Tải về bản sao lưu thư mục uploads','2022-09-22 01:28:28','2022-09-22 01:28:28'),(2171,1,'vi','plugins/backup/backup','menu_name','Sao lưu','2022-09-22 01:28:28','2022-09-22 01:28:28'),(2172,1,'vi','plugins/backup/backup','demo_alert','Chào khách, nếu bạn thấy trang demo bị phá hoại, hãy tới <a href=\":link\">trang sao lưu</a> và khôi phục bản sao lưu cuối cùng. Cảm ơn bạn nhiều!','2022-09-22 01:28:28','2022-09-22 01:28:28'),(2173,1,'en','plugins/blog/base','menu_name','Blog','2022-09-22 01:28:28','2022-09-22 01:28:28'),(2174,1,'en','plugins/blog/base','blog_page','Blog Page','2022-09-22 01:28:28','2022-09-22 01:28:28'),(2175,1,'en','plugins/blog/base','select','-- Select --','2022-09-22 01:28:28','2022-09-22 01:28:28'),(2176,1,'en','plugins/blog/base','blog_page_id','Blog page','2022-09-22 01:28:28','2022-09-22 01:28:28'),(2177,1,'en','plugins/blog/base','number_posts_per_page','Number posts per page','2022-09-22 01:28:28','2022-09-22 01:28:28'),(2178,1,'en','plugins/blog/base','write_some_tags','Write some tags','2022-09-22 01:28:28','2022-09-22 01:28:28'),(2179,1,'en','plugins/blog/base','short_code_name','Blog posts','2022-09-22 01:28:28','2022-09-22 01:28:28'),(2180,1,'en','plugins/blog/base','short_code_description','Add blog posts','2022-09-22 01:28:28','2022-09-22 01:28:28'),(2181,1,'en','plugins/blog/base','number_posts_per_page_in_category','Number of posts per page in a category','2022-09-22 01:28:28','2022-09-22 01:28:28'),(2182,1,'en','plugins/blog/base','number_posts_per_page_in_tag','Number of posts per page in a tag','2022-09-22 01:28:28','2022-09-22 01:28:28'),(2183,1,'en','plugins/blog/base','settings.title','Blog','2022-09-22 01:28:28','2022-09-22 01:28:28'),(2184,1,'en','plugins/blog/base','settings.description','Settings for Blog','2022-09-22 01:28:28','2022-09-22 01:28:28'),(2185,1,'en','plugins/blog/base','settings.enable_blog_post_schema','Enable Blog Post Schema?','2022-09-22 01:28:28','2022-09-22 01:28:28'),(2186,1,'en','plugins/blog/base','settings.enable_blog_post_schema_description','Learn more: https://schema.org/Article','2022-09-22 01:28:28','2022-09-22 01:28:28'),(2187,1,'en','plugins/blog/base','settings.schema_type','Schema type','2022-09-22 01:28:28','2022-09-22 01:28:28'),(2188,1,'en','plugins/blog/categories','create','Create new category','2022-09-22 01:28:28','2022-09-22 01:28:28'),(2189,1,'en','plugins/blog/categories','edit','Edit category','2022-09-22 01:28:28','2022-09-22 01:28:28'),(2190,1,'en','plugins/blog/categories','menu','Categories','2022-09-22 01:28:28','2022-09-22 01:28:28'),(2191,1,'en','plugins/blog/categories','edit_this_category','Edit this category','2022-09-22 01:28:28','2022-09-22 01:28:28'),(2192,1,'en','plugins/blog/categories','menu_name','Categories','2022-09-22 01:28:28','2022-09-22 01:28:28'),(2193,1,'en','plugins/blog/categories','none','None','2022-09-22 01:28:28','2022-09-22 01:28:28'),(2194,1,'en','plugins/blog/categories','total_posts','Total posts: :total','2022-09-22 01:28:28','2022-09-22 01:28:28'),(2195,1,'en','plugins/blog/member','dob','Born :date','2022-09-22 01:28:28','2022-09-22 01:28:28'),(2196,1,'en','plugins/blog/member','draft_posts','Draft Posts','2022-09-22 01:28:28','2022-09-22 01:28:28'),(2197,1,'en','plugins/blog/member','pending_posts','Pending Posts','2022-09-22 01:28:28','2022-09-22 01:28:28'),(2198,1,'en','plugins/blog/member','published_posts','Published Posts','2022-09-22 01:28:28','2022-09-22 01:28:28'),(2199,1,'en','plugins/blog/member','posts','Posts','2022-09-22 01:28:28','2022-09-22 01:28:28'),(2200,1,'en','plugins/blog/member','write_post','Write a post','2022-09-22 01:28:28','2022-09-22 01:28:28'),(2201,1,'en','plugins/blog/posts','create','Create new post','2022-09-22 01:28:28','2022-09-22 01:28:28'),(2202,1,'en','plugins/blog/posts','edit','Edit post','2022-09-22 01:28:28','2022-09-22 01:28:28'),(2203,1,'en','plugins/blog/posts','form.name','Name','2022-09-22 01:28:28','2022-09-22 01:28:28'),(2204,1,'en','plugins/blog/posts','form.name_placeholder','Post\'s name (Maximum :c characters)','2022-09-22 01:28:28','2022-09-22 01:28:28'),(2205,1,'en','plugins/blog/posts','form.description','Description','2022-09-22 01:28:28','2022-09-22 01:28:28'),(2206,1,'en','plugins/blog/posts','form.description_placeholder','Short description for post (Maximum :c characters)','2022-09-22 01:28:28','2022-09-22 01:28:28'),(2207,1,'en','plugins/blog/posts','form.categories','Categories','2022-09-22 01:28:29','2022-09-22 01:28:29'),(2208,1,'en','plugins/blog/posts','form.tags','Tags','2022-09-22 01:28:29','2022-09-22 01:28:29'),(2209,1,'en','plugins/blog/posts','form.tags_placeholder','Tags','2022-09-22 01:28:29','2022-09-22 01:28:29'),(2210,1,'en','plugins/blog/posts','form.content','Content','2022-09-22 01:28:29','2022-09-22 01:28:29'),(2211,1,'en','plugins/blog/posts','form.is_featured','Is featured?','2022-09-22 01:28:29','2022-09-22 01:28:29'),(2212,1,'en','plugins/blog/posts','form.note','Note content','2022-09-22 01:28:29','2022-09-22 01:28:29'),(2213,1,'en','plugins/blog/posts','form.format_type','Format','2022-09-22 01:28:29','2022-09-22 01:28:29'),(2214,1,'en','plugins/blog/posts','cannot_delete','Post could not be deleted','2022-09-22 01:28:29','2022-09-22 01:28:29'),(2215,1,'en','plugins/blog/posts','post_deleted','Post deleted','2022-09-22 01:28:29','2022-09-22 01:28:29'),(2216,1,'en','plugins/blog/posts','posts','Posts','2022-09-22 01:28:29','2022-09-22 01:28:29'),(2217,1,'en','plugins/blog/posts','post','Post','2022-09-22 01:28:29','2022-09-22 01:28:29'),(2218,1,'en','plugins/blog/posts','edit_this_post','Edit this post','2022-09-22 01:28:29','2022-09-22 01:28:29'),(2219,1,'en','plugins/blog/posts','no_new_post_now','There is no new post now!','2022-09-22 01:28:29','2022-09-22 01:28:29'),(2220,1,'en','plugins/blog/posts','menu_name','Posts','2022-09-22 01:28:29','2022-09-22 01:28:29'),(2221,1,'en','plugins/blog/posts','widget_posts_recent','Recent Posts','2022-09-22 01:28:29','2022-09-22 01:28:29'),(2222,1,'en','plugins/blog/posts','categories','Categories','2022-09-22 01:28:29','2022-09-22 01:28:29'),(2223,1,'en','plugins/blog/posts','category','Category','2022-09-22 01:28:29','2022-09-22 01:28:29'),(2224,1,'en','plugins/blog/posts','author','Author','2022-09-22 01:28:29','2022-09-22 01:28:29'),(2225,1,'en','plugins/blog/settings','select','-- Select --','2022-09-22 01:28:29','2022-09-22 01:28:29'),(2226,1,'en','plugins/blog/settings','blog_page_id','Blog page','2022-09-22 01:28:29','2022-09-22 01:28:29'),(2227,1,'en','plugins/blog/tags','form.name','Name','2022-09-22 01:28:29','2022-09-22 01:28:29'),(2228,1,'en','plugins/blog/tags','form.name_placeholder','Tag\'s name (Maximum 120 characters)','2022-09-22 01:28:29','2022-09-22 01:28:29'),(2229,1,'en','plugins/blog/tags','form.description','Description','2022-09-22 01:28:29','2022-09-22 01:28:29'),(2230,1,'en','plugins/blog/tags','form.description_placeholder','Short description for tag (Maximum 400 characters)','2022-09-22 01:28:29','2022-09-22 01:28:29'),(2231,1,'en','plugins/blog/tags','form.categories','Categories','2022-09-22 01:28:29','2022-09-22 01:28:29'),(2232,1,'en','plugins/blog/tags','notices.no_select','Please select at least one tag to take this action!','2022-09-22 01:28:29','2022-09-22 01:28:29'),(2233,1,'en','plugins/blog/tags','create','Create new tag','2022-09-22 01:28:29','2022-09-22 01:28:29'),(2234,1,'en','plugins/blog/tags','edit','Edit tag','2022-09-22 01:28:29','2022-09-22 01:28:29'),(2235,1,'en','plugins/blog/tags','cannot_delete','Tag could not be deleted','2022-09-22 01:28:29','2022-09-22 01:28:29'),(2236,1,'en','plugins/blog/tags','deleted','Tag deleted','2022-09-22 01:28:29','2022-09-22 01:28:29'),(2237,1,'en','plugins/blog/tags','menu','Tags','2022-09-22 01:28:29','2022-09-22 01:28:29'),(2238,1,'en','plugins/blog/tags','edit_this_tag','Edit this tag','2022-09-22 01:28:29','2022-09-22 01:28:29'),(2239,1,'en','plugins/blog/tags','menu_name','Tags','2022-09-22 01:28:29','2022-09-22 01:28:29'),(2240,1,'vi','plugins/blog/base','menu_name','Blog','2022-09-22 01:28:29','2022-09-22 01:28:29'),(2241,1,'vi','plugins/blog/base','blog_page','Trang Blog','2022-09-22 01:28:29','2022-09-22 01:28:29'),(2242,1,'vi','plugins/blog/base','select','-- Lựa chọn --','2022-09-22 01:28:29','2022-09-22 01:28:29'),(2243,1,'vi','plugins/blog/base','blog_page_id','Trang Blog','2022-09-22 01:28:29','2022-09-22 01:28:29'),(2244,1,'vi','plugins/blog/categories','create','Thêm danh mục mới','2022-09-22 01:28:29','2022-09-22 01:28:29'),(2245,1,'vi','plugins/blog/categories','edit','Sửa danh mục','2022-09-22 01:28:29','2022-09-22 01:28:29'),(2246,1,'vi','plugins/blog/categories','menu','Danh mục','2022-09-22 01:28:29','2022-09-22 01:28:29'),(2247,1,'vi','plugins/blog/categories','edit_this_category','Sửa danh mục này','2022-09-22 01:28:29','2022-09-22 01:28:29'),(2248,1,'vi','plugins/blog/categories','menu_name','Danh mục','2022-09-22 01:28:29','2022-09-22 01:28:29'),(2249,1,'vi','plugins/blog/categories','none','Không','2022-09-22 01:28:29','2022-09-22 01:28:29'),(2250,1,'vi','plugins/blog/member','dob','Born :date','2022-09-22 01:28:29','2022-09-22 01:28:29'),(2251,1,'vi','plugins/blog/member','draft_posts','Draft Posts','2022-09-22 01:28:29','2022-09-22 01:28:29'),(2252,1,'vi','plugins/blog/member','pending_posts','Pending Posts','2022-09-22 01:28:29','2022-09-22 01:28:29'),(2253,1,'vi','plugins/blog/member','published_posts','Published Posts','2022-09-22 01:28:29','2022-09-22 01:28:29'),(2254,1,'vi','plugins/blog/member','posts','Posts','2022-09-22 01:28:29','2022-09-22 01:28:29'),(2255,1,'vi','plugins/blog/member','write_post','Write a post','2022-09-22 01:28:29','2022-09-22 01:28:29'),(2256,1,'vi','plugins/blog/posts','create','Thêm bài viết','2022-09-22 01:28:29','2022-09-22 01:28:29'),(2257,1,'vi','plugins/blog/posts','edit','Sửa bài viết','2022-09-22 01:28:29','2022-09-22 01:28:29'),(2258,1,'vi','plugins/blog/posts','form.name','Tên','2022-09-22 01:28:29','2022-09-22 01:28:29'),(2259,1,'vi','plugins/blog/posts','form.name_placeholder','Tên bài viết (Tối đa 120 kí tự)','2022-09-22 01:28:29','2022-09-22 01:28:29'),(2260,1,'vi','plugins/blog/posts','form.description','Mô tả','2022-09-22 01:28:29','2022-09-22 01:28:29'),(2261,1,'vi','plugins/blog/posts','form.description_placeholder','Mô tả ngắn cho bài viết (Tối đa 400 kí tự)','2022-09-22 01:28:29','2022-09-22 01:28:29'),(2262,1,'vi','plugins/blog/posts','form.categories','Chuyên mục','2022-09-22 01:28:29','2022-09-22 01:28:29'),(2263,1,'vi','plugins/blog/posts','form.tags','Từ khóa','2022-09-22 01:28:29','2022-09-22 01:28:29'),(2264,1,'vi','plugins/blog/posts','form.tags_placeholder','Thêm từ khóa','2022-09-22 01:28:29','2022-09-22 01:28:29'),(2265,1,'vi','plugins/blog/posts','form.content','Nội dung','2022-09-22 01:28:29','2022-09-22 01:28:29'),(2266,1,'vi','plugins/blog/posts','form.is_featured','Bài viết nổi bật?','2022-09-22 01:28:29','2022-09-22 01:28:29'),(2267,1,'vi','plugins/blog/posts','form.note','Nội dung ghi chú','2022-09-22 01:28:29','2022-09-22 01:28:29'),(2268,1,'vi','plugins/blog/posts','form.format_type','Định dạng','2022-09-22 01:28:29','2022-09-22 01:28:29'),(2269,1,'vi','plugins/blog/posts','post_deleted','Xóa bài viết thành công','2022-09-22 01:28:29','2022-09-22 01:28:29'),(2270,1,'vi','plugins/blog/posts','cannot_delete','Không thể xóa bài viết','2022-09-22 01:28:29','2022-09-22 01:28:29'),(2271,1,'vi','plugins/blog/posts','menu_name','Bài viết','2022-09-22 01:28:29','2022-09-22 01:28:29'),(2272,1,'vi','plugins/blog/posts','edit_this_post','Sửa bài viết này','2022-09-22 01:28:29','2022-09-22 01:28:29'),(2273,1,'vi','plugins/blog/posts','no_new_post_now','Hiện tại không có bài viết mới!','2022-09-22 01:28:29','2022-09-22 01:28:29'),(2274,1,'vi','plugins/blog/posts','posts','Bài viết','2022-09-22 01:28:29','2022-09-22 01:28:29'),(2275,1,'vi','plugins/blog/posts','post','Bài viết','2022-09-22 01:28:29','2022-09-22 01:28:29'),(2276,1,'vi','plugins/blog/posts','widget_posts_recent','Bài viết gần đây','2022-09-22 01:28:29','2022-09-22 01:28:29'),(2277,1,'vi','plugins/blog/posts','author','Tác giả','2022-09-22 01:28:29','2022-09-22 01:28:29'),(2278,1,'vi','plugins/blog/posts','categories','Danh mục','2022-09-22 01:28:29','2022-09-22 01:28:29'),(2279,1,'vi','plugins/blog/posts','category','Danh mục','2022-09-22 01:28:29','2022-09-22 01:28:29'),(2280,1,'vi','plugins/blog/tags','create','Thêm thẻ mới','2022-09-22 01:28:29','2022-09-22 01:28:29'),(2281,1,'vi','plugins/blog/tags','edit','Sửa thẻ','2022-09-22 01:28:29','2022-09-22 01:28:29'),(2282,1,'vi','plugins/blog/tags','form.name','Tên','2022-09-22 01:28:29','2022-09-22 01:28:29'),(2283,1,'vi','plugins/blog/tags','form.name_placeholder','Tên thẻ (Tối đa 120 kí tự)','2022-09-22 01:28:29','2022-09-22 01:28:29'),(2284,1,'vi','plugins/blog/tags','form.description','Mô tả','2022-09-22 01:28:29','2022-09-22 01:28:29'),(2285,1,'vi','plugins/blog/tags','form.description_placeholder','Mô tả ngắn cho tag (Tối đa 400 kí tự)','2022-09-22 01:28:29','2022-09-22 01:28:29'),(2286,1,'vi','plugins/blog/tags','form.categories','Chuyên mục','2022-09-22 01:28:29','2022-09-22 01:28:29'),(2287,1,'vi','plugins/blog/tags','notices.no_select','Chọn ít nhất 1 bài viết để thực hiện hành động này!','2022-09-22 01:28:29','2022-09-22 01:28:29'),(2288,1,'vi','plugins/blog/tags','cannot_delete','Không thể xóa thẻ','2022-09-22 01:28:30','2022-09-22 01:28:30'),(2289,1,'vi','plugins/blog/tags','deleted','Xóa thẻ thành công','2022-09-22 01:28:30','2022-09-22 01:28:30'),(2290,1,'vi','plugins/blog/tags','menu_name','Thẻ','2022-09-22 01:28:30','2022-09-22 01:28:30'),(2291,1,'vi','plugins/blog/tags','edit_this_tag','Sửa thẻ này','2022-09-22 01:28:30','2022-09-22 01:28:30'),(2292,1,'vi','plugins/blog/tags','menu','Thẻ','2022-09-22 01:28:30','2022-09-22 01:28:30'),(2293,1,'en','plugins/captcha/captcha','settings.title','Captcha','2022-09-22 01:28:30','2022-09-22 01:28:30'),(2294,1,'en','plugins/captcha/captcha','settings.description','Settings for Google Captcha','2022-09-22 01:28:30','2022-09-22 01:28:30'),(2295,1,'en','plugins/captcha/captcha','settings.captcha_site_key','Captcha Site Key','2022-09-22 01:28:30','2022-09-22 01:28:30'),(2296,1,'en','plugins/captcha/captcha','settings.captcha_secret','Captcha Secret','2022-09-22 01:28:30','2022-09-22 01:28:30'),(2297,1,'en','plugins/captcha/captcha','settings.enable_captcha','Enable Captcha?','2022-09-22 01:28:30','2022-09-22 01:28:30'),(2298,1,'en','plugins/captcha/captcha','settings.helper','Go here to get credentials https://www.google.com/recaptcha/admin#list.','2022-09-22 01:28:30','2022-09-22 01:28:30'),(2299,1,'en','plugins/captcha/captcha','settings.hide_badge','Hide recaptcha badge (for v3)','2022-09-22 01:28:30','2022-09-22 01:28:30'),(2300,1,'en','plugins/captcha/captcha','settings.type','Type','2022-09-22 01:28:30','2022-09-22 01:28:30'),(2301,1,'en','plugins/captcha/captcha','settings.v2_description','V2 (Verify requests with a challenge)','2022-09-22 01:28:30','2022-09-22 01:28:30'),(2302,1,'en','plugins/captcha/captcha','settings.v3_description','V3 (Verify requests with a score)','2022-09-22 01:28:30','2022-09-22 01:28:30'),(2303,1,'en','plugins/captcha/captcha','failed_validate','Failed to validate the captcha.','2022-09-22 01:28:30','2022-09-22 01:28:30'),(2304,1,'en','plugins/captcha/captcha','numbers.0','Zero','2022-09-22 01:28:30','2022-09-22 01:28:30'),(2305,1,'en','plugins/captcha/captcha','numbers.1','One','2022-09-22 01:28:30','2022-09-22 01:28:30'),(2306,1,'en','plugins/captcha/captcha','numbers.2','Two','2022-09-22 01:28:30','2022-09-22 01:28:30'),(2307,1,'en','plugins/captcha/captcha','numbers.3','Three','2022-09-22 01:28:30','2022-09-22 01:28:30'),(2308,1,'en','plugins/captcha/captcha','numbers.4','Four','2022-09-22 01:28:30','2022-09-22 01:28:30'),(2309,1,'en','plugins/captcha/captcha','numbers.5','Five','2022-09-22 01:28:30','2022-09-22 01:28:30'),(2310,1,'en','plugins/captcha/captcha','numbers.6','Six','2022-09-22 01:28:30','2022-09-22 01:28:30'),(2311,1,'en','plugins/captcha/captcha','numbers.7','Seven','2022-09-22 01:28:30','2022-09-22 01:28:30'),(2312,1,'en','plugins/captcha/captcha','numbers.8','Eight','2022-09-22 01:28:30','2022-09-22 01:28:30'),(2313,1,'en','plugins/captcha/captcha','numbers.9','Nine','2022-09-22 01:28:30','2022-09-22 01:28:30'),(2314,1,'en','plugins/captcha/captcha','numbers.10','Ten','2022-09-22 01:28:30','2022-09-22 01:28:30'),(2315,1,'en','plugins/captcha/captcha','numbers.11','Eleven','2022-09-22 01:28:30','2022-09-22 01:28:30'),(2316,1,'en','plugins/captcha/captcha','numbers.12','Twelve','2022-09-22 01:28:30','2022-09-22 01:28:30'),(2317,1,'en','plugins/captcha/captcha','operands.+','plus','2022-09-22 01:28:30','2022-09-22 01:28:30'),(2318,1,'en','plugins/captcha/captcha','operands.-','minus','2022-09-22 01:28:30','2022-09-22 01:28:30'),(2319,1,'en','plugins/captcha/captcha','operands.*','times','2022-09-22 01:28:30','2022-09-22 01:28:30'),(2320,1,'en','plugins/captcha/captcha','operands./','divided by','2022-09-22 01:28:30','2022-09-22 01:28:30'),(2321,1,'vi','plugins/captcha/captcha','settings.title','Captcha','2022-09-22 01:28:30','2022-09-22 01:28:30'),(2322,1,'vi','plugins/captcha/captcha','settings.description','Cài đặt cho Google Captcha','2022-09-22 01:28:30','2022-09-22 01:28:30'),(2323,1,'vi','plugins/captcha/captcha','settings.captcha_site_key','Captcha Site Key','2022-09-22 01:28:30','2022-09-22 01:28:30'),(2324,1,'vi','plugins/captcha/captcha','settings.captcha_secret','Captcha Secret','2022-09-22 01:28:30','2022-09-22 01:28:30'),(2325,1,'vi','plugins/captcha/captcha','settings.enable_captcha','Bật Captcha?','2022-09-22 01:28:30','2022-09-22 01:28:30'),(2326,1,'vi','plugins/captcha/captcha','settings.helper','Truy cập https://www.google.com/recaptcha/admin#list để lấy thông tin về Site key và Secret.','2022-09-22 01:28:30','2022-09-22 01:28:30'),(2327,1,'en','plugins/contact/contact','menu','Contact','2022-09-22 01:28:30','2022-09-22 01:28:30'),(2328,1,'en','plugins/contact/contact','edit','View contact','2022-09-22 01:28:30','2022-09-22 01:28:30'),(2329,1,'en','plugins/contact/contact','tables.phone','Phone','2022-09-22 01:28:30','2022-09-22 01:28:30'),(2330,1,'en','plugins/contact/contact','tables.email','Email','2022-09-22 01:28:30','2022-09-22 01:28:30'),(2331,1,'en','plugins/contact/contact','tables.full_name','Full Name','2022-09-22 01:28:30','2022-09-22 01:28:30'),(2332,1,'en','plugins/contact/contact','tables.time','Time','2022-09-22 01:28:30','2022-09-22 01:28:30'),(2333,1,'en','plugins/contact/contact','tables.address','Address','2022-09-22 01:28:30','2022-09-22 01:28:30'),(2334,1,'en','plugins/contact/contact','tables.subject','Subject','2022-09-22 01:28:30','2022-09-22 01:28:30'),(2335,1,'en','plugins/contact/contact','tables.content','Content','2022-09-22 01:28:30','2022-09-22 01:28:30'),(2336,1,'en','plugins/contact/contact','contact_information','Contact information','2022-09-22 01:28:30','2022-09-22 01:28:30'),(2337,1,'en','plugins/contact/contact','replies','Replies','2022-09-22 01:28:30','2022-09-22 01:28:30'),(2338,1,'en','plugins/contact/contact','email.header','Email','2022-09-22 01:28:30','2022-09-22 01:28:30'),(2339,1,'en','plugins/contact/contact','email.title','New contact from your site','2022-09-22 01:28:30','2022-09-22 01:28:30'),(2340,1,'en','plugins/contact/contact','form.name.required','Name is required','2022-09-22 01:28:30','2022-09-22 01:28:30'),(2341,1,'en','plugins/contact/contact','form.email.required','Email is required','2022-09-22 01:28:30','2022-09-22 01:28:30'),(2342,1,'en','plugins/contact/contact','form.email.email','The email address is not valid','2022-09-22 01:28:30','2022-09-22 01:28:30'),(2343,1,'en','plugins/contact/contact','form.content.required','Content is required','2022-09-22 01:28:30','2022-09-22 01:28:30'),(2344,1,'en','plugins/contact/contact','contact_sent_from','This contact information sent from','2022-09-22 01:28:30','2022-09-22 01:28:30'),(2345,1,'en','plugins/contact/contact','sender','Sender','2022-09-22 01:28:30','2022-09-22 01:28:30'),(2346,1,'en','plugins/contact/contact','sender_email','Email','2022-09-22 01:28:30','2022-09-22 01:28:30'),(2347,1,'en','plugins/contact/contact','sender_address','Address','2022-09-22 01:28:30','2022-09-22 01:28:30'),(2348,1,'en','plugins/contact/contact','sender_phone','Phone','2022-09-22 01:28:30','2022-09-22 01:28:30'),(2349,1,'en','plugins/contact/contact','message_content','Message content','2022-09-22 01:28:30','2022-09-22 01:28:30'),(2350,1,'en','plugins/contact/contact','sent_from','Email sent from','2022-09-22 01:28:30','2022-09-22 01:28:30'),(2351,1,'en','plugins/contact/contact','form_name','Name','2022-09-22 01:28:30','2022-09-22 01:28:30'),(2352,1,'en','plugins/contact/contact','form_email','Email','2022-09-22 01:28:30','2022-09-22 01:28:30'),(2353,1,'en','plugins/contact/contact','form_address','Address','2022-09-22 01:28:30','2022-09-22 01:28:30'),(2354,1,'en','plugins/contact/contact','form_subject','Subject','2022-09-22 01:28:30','2022-09-22 01:28:30'),(2355,1,'en','plugins/contact/contact','form_phone','Phone','2022-09-22 01:28:30','2022-09-22 01:28:30'),(2356,1,'en','plugins/contact/contact','form_message','Message','2022-09-22 01:28:30','2022-09-22 01:28:30'),(2357,1,'en','plugins/contact/contact','required_field','The field with (<span style=\"color: red\">*</span>) is required.','2022-09-22 01:28:30','2022-09-22 01:28:30'),(2358,1,'en','plugins/contact/contact','send_btn','Send message','2022-09-22 01:28:30','2022-09-22 01:28:30'),(2359,1,'en','plugins/contact/contact','new_msg_notice','You have <span class=\"bold\">:count</span> New Messages','2022-09-22 01:28:30','2022-09-22 01:28:30'),(2360,1,'en','plugins/contact/contact','view_all','View all','2022-09-22 01:28:30','2022-09-22 01:28:30'),(2361,1,'en','plugins/contact/contact','statuses.read','Read','2022-09-22 01:28:30','2022-09-22 01:28:30'),(2362,1,'en','plugins/contact/contact','statuses.unread','Unread','2022-09-22 01:28:30','2022-09-22 01:28:30'),(2363,1,'en','plugins/contact/contact','phone','Phone','2022-09-22 01:28:30','2022-09-22 01:28:30'),(2364,1,'en','plugins/contact/contact','address','Address','2022-09-22 01:28:30','2022-09-22 01:28:30'),(2365,1,'en','plugins/contact/contact','message','Message','2022-09-22 01:28:30','2022-09-22 01:28:30'),(2366,1,'en','plugins/contact/contact','settings.email.title','Contact','2022-09-22 01:28:30','2022-09-22 01:28:30'),(2367,1,'en','plugins/contact/contact','settings.email.description','Contact email configuration','2022-09-22 01:28:30','2022-09-22 01:28:30'),(2368,1,'en','plugins/contact/contact','settings.email.templates.notice_title','Send notice to administrator','2022-09-22 01:28:30','2022-09-22 01:28:30'),(2369,1,'en','plugins/contact/contact','settings.email.templates.notice_description','Email template to send notice to administrator when system get new contact','2022-09-22 01:28:30','2022-09-22 01:28:30'),(2370,1,'en','plugins/contact/contact','settings.title','Contact','2022-09-22 01:28:30','2022-09-22 01:28:30'),(2371,1,'en','plugins/contact/contact','settings.description','Settings for contact plugin','2022-09-22 01:28:30','2022-09-22 01:28:30'),(2372,1,'en','plugins/contact/contact','settings.blacklist_keywords','Blacklist keywords','2022-09-22 01:28:30','2022-09-22 01:28:30'),(2373,1,'en','plugins/contact/contact','settings.blacklist_keywords_placeholder','keywords...','2022-09-22 01:28:30','2022-09-22 01:28:30'),(2374,1,'en','plugins/contact/contact','settings.blacklist_keywords_helper','Blacklist contact requests if it includes those keywords in the content field (separate by comma).','2022-09-22 01:28:30','2022-09-22 01:28:30'),(2375,1,'en','plugins/contact/contact','settings.blacklist_email_domains','Blacklist email domains','2022-09-22 01:28:30','2022-09-22 01:28:30'),(2376,1,'en','plugins/contact/contact','settings.blacklist_email_domains_placeholder','domain...','2022-09-22 01:28:30','2022-09-22 01:28:30'),(2377,1,'en','plugins/contact/contact','settings.blacklist_email_domains_helper','Blacklist contact requests if the email domain is in blacklist domains (separate by comma).','2022-09-22 01:28:30','2022-09-22 01:28:30'),(2378,1,'en','plugins/contact/contact','settings.enable_math_captcha','Enable math captcha?','2022-09-22 01:28:30','2022-09-22 01:28:30'),(2379,1,'en','plugins/contact/contact','no_reply','No reply yet!','2022-09-22 01:28:30','2022-09-22 01:28:30'),(2380,1,'en','plugins/contact/contact','reply','Reply','2022-09-22 01:28:30','2022-09-22 01:28:30'),(2381,1,'en','plugins/contact/contact','send','Send','2022-09-22 01:28:30','2022-09-22 01:28:30'),(2382,1,'en','plugins/contact/contact','shortcode_name','Contact form','2022-09-22 01:28:30','2022-09-22 01:28:30'),(2383,1,'en','plugins/contact/contact','shortcode_description','Add a contact form','2022-09-22 01:28:30','2022-09-22 01:28:30'),(2384,1,'en','plugins/contact/contact','shortcode_content_description','Add shortcode [contact-form][/contact-form] to editor?','2022-09-22 01:28:30','2022-09-22 01:28:30'),(2385,1,'en','plugins/contact/contact','message_sent_success','Message sent successfully!','2022-09-22 01:28:30','2022-09-22 01:28:30'),(2386,1,'vi','plugins/contact/contact','menu','Liên hệ','2022-09-22 01:28:30','2022-09-22 01:28:30'),(2387,1,'vi','plugins/contact/contact','edit','Xem liên hệ','2022-09-22 01:28:31','2022-09-22 01:28:31'),(2388,1,'vi','plugins/contact/contact','tables.phone','Điện thoại','2022-09-22 01:28:31','2022-09-22 01:28:31'),(2389,1,'vi','plugins/contact/contact','tables.email','Email','2022-09-22 01:28:31','2022-09-22 01:28:31'),(2390,1,'vi','plugins/contact/contact','tables.full_name','Họ tên','2022-09-22 01:28:31','2022-09-22 01:28:31'),(2391,1,'vi','plugins/contact/contact','tables.time','Thời gian','2022-09-22 01:28:31','2022-09-22 01:28:31'),(2392,1,'vi','plugins/contact/contact','tables.address','Địa địa chỉ','2022-09-22 01:28:31','2022-09-22 01:28:31'),(2393,1,'vi','plugins/contact/contact','tables.subject','Tiêu đề','2022-09-22 01:28:31','2022-09-22 01:28:31'),(2394,1,'vi','plugins/contact/contact','tables.content','Nội dung','2022-09-22 01:28:31','2022-09-22 01:28:31'),(2395,1,'vi','plugins/contact/contact','contact_information','Thông tin liên hệ','2022-09-22 01:28:31','2022-09-22 01:28:31'),(2396,1,'vi','plugins/contact/contact','email.title','Thông tin liên hệ mới','2022-09-22 01:28:31','2022-09-22 01:28:31'),(2397,1,'vi','plugins/contact/contact','email.header','Email','2022-09-22 01:28:31','2022-09-22 01:28:31'),(2398,1,'vi','plugins/contact/contact','form.name.required','Tên là bắt buộc','2022-09-22 01:28:31','2022-09-22 01:28:31'),(2399,1,'vi','plugins/contact/contact','form.email.required','Email là bắt buộc','2022-09-22 01:28:31','2022-09-22 01:28:31'),(2400,1,'vi','plugins/contact/contact','form.email.email','Địa chỉ email không hợp lệ','2022-09-22 01:28:31','2022-09-22 01:28:31'),(2401,1,'vi','plugins/contact/contact','form.content.required','Nội dung là bắt buộc','2022-09-22 01:28:31','2022-09-22 01:28:31'),(2402,1,'vi','plugins/contact/contact','contact_sent_from','Liên hệ này được gửi từ','2022-09-22 01:28:31','2022-09-22 01:28:31'),(2403,1,'vi','plugins/contact/contact','form_address','Địa chỉ','2022-09-22 01:28:31','2022-09-22 01:28:31'),(2404,1,'vi','plugins/contact/contact','form_email','Thư điện tử','2022-09-22 01:28:31','2022-09-22 01:28:31'),(2405,1,'vi','plugins/contact/contact','form_message','Thông điệp','2022-09-22 01:28:31','2022-09-22 01:28:31'),(2406,1,'vi','plugins/contact/contact','form_name','Họ tên','2022-09-22 01:28:31','2022-09-22 01:28:31'),(2407,1,'vi','plugins/contact/contact','form_phone','Số điện thoại','2022-09-22 01:28:31','2022-09-22 01:28:31'),(2408,1,'vi','plugins/contact/contact','message_content','Nội dung thông điệp','2022-09-22 01:28:31','2022-09-22 01:28:31'),(2409,1,'vi','plugins/contact/contact','required_field','Những trường có dấu (<span style=\"color: red\">*</span>) là bắt buộc.','2022-09-22 01:28:31','2022-09-22 01:28:31'),(2410,1,'vi','plugins/contact/contact','send_btn','Gửi tin nhắn','2022-09-22 01:28:31','2022-09-22 01:28:31'),(2411,1,'vi','plugins/contact/contact','sender','Người gửi','2022-09-22 01:28:31','2022-09-22 01:28:31'),(2412,1,'vi','plugins/contact/contact','sender_address','Địa chỉ','2022-09-22 01:28:31','2022-09-22 01:28:31'),(2413,1,'vi','plugins/contact/contact','sender_email','Thư điện tử','2022-09-22 01:28:31','2022-09-22 01:28:31'),(2414,1,'vi','plugins/contact/contact','sender_phone','Số điện thoại','2022-09-22 01:28:31','2022-09-22 01:28:31'),(2415,1,'vi','plugins/contact/contact','sent_from','Thư được gửi từ','2022-09-22 01:28:31','2022-09-22 01:28:31'),(2416,1,'vi','plugins/contact/contact','address','Địa chỉ','2022-09-22 01:28:31','2022-09-22 01:28:31'),(2417,1,'vi','plugins/contact/contact','message','Liên hệ','2022-09-22 01:28:31','2022-09-22 01:28:31'),(2418,1,'vi','plugins/contact/contact','new_msg_notice','Bạn có <span class=\"bold\">:count</span> tin nhắn mới','2022-09-22 01:28:31','2022-09-22 01:28:31'),(2419,1,'vi','plugins/contact/contact','phone','Điện thoại','2022-09-22 01:28:31','2022-09-22 01:28:31'),(2420,1,'vi','plugins/contact/contact','statuses.read','Đã đọc','2022-09-22 01:28:31','2022-09-22 01:28:31'),(2421,1,'vi','plugins/contact/contact','statuses.unread','Chưa đọc','2022-09-22 01:28:31','2022-09-22 01:28:31'),(2422,1,'vi','plugins/contact/contact','view_all','Xem tất cả','2022-09-22 01:28:31','2022-09-22 01:28:31'),(2423,1,'vi','plugins/contact/contact','settings.email.title','Liên hệ','2022-09-22 01:28:31','2022-09-22 01:28:31'),(2424,1,'vi','plugins/contact/contact','settings.email.description','Cấu hình thông tin cho mục liên hệ','2022-09-22 01:28:31','2022-09-22 01:28:31'),(2425,1,'vi','plugins/contact/contact','settings.email.templates.notice_title','Thông báo tới admin','2022-09-22 01:28:31','2022-09-22 01:28:31'),(2426,1,'vi','plugins/contact/contact','settings.email.templates.notice_description','Mẫu nội dung email gửi tới admin khi có liên hệ mới','2022-09-22 01:28:31','2022-09-22 01:28:31'),(2427,1,'vi','plugins/contact/contact','replies','Trả lời','2022-09-22 01:28:31','2022-09-22 01:28:31'),(2428,1,'vi','plugins/contact/contact','form_subject','Tiêu đề','2022-09-22 01:28:31','2022-09-22 01:28:31'),(2429,1,'en','plugins/cookie-consent/cookie-consent','theme_options.name','Cookie Consent','2022-09-22 01:28:31','2022-09-22 01:28:31'),(2430,1,'en','plugins/cookie-consent/cookie-consent','theme_options.description','Cookie consent settings','2022-09-22 01:28:31','2022-09-22 01:28:31'),(2431,1,'en','plugins/cookie-consent/cookie-consent','theme_options.enable','Enable cookie consent?','2022-09-22 01:28:31','2022-09-22 01:28:31'),(2432,1,'en','plugins/cookie-consent/cookie-consent','theme_options.message','Message','2022-09-22 01:28:31','2022-09-22 01:28:31'),(2433,1,'en','plugins/cookie-consent/cookie-consent','theme_options.button_text','Button text','2022-09-22 01:28:31','2022-09-22 01:28:31'),(2434,1,'en','plugins/cookie-consent/cookie-consent','theme_options.max_width','Max width (px)','2022-09-22 01:28:31','2022-09-22 01:28:31'),(2435,1,'en','plugins/cookie-consent/cookie-consent','theme_options.background_color','Background color','2022-09-22 01:28:31','2022-09-22 01:28:31'),(2436,1,'en','plugins/cookie-consent/cookie-consent','theme_options.text_color','Text color','2022-09-22 01:28:31','2022-09-22 01:28:31'),(2437,1,'en','plugins/cookie-consent/cookie-consent','theme_options.learn_more_url','Learn more URL','2022-09-22 01:28:31','2022-09-22 01:28:31'),(2438,1,'en','plugins/cookie-consent/cookie-consent','theme_options.learn_more_text','Learn more text','2022-09-22 01:28:31','2022-09-22 01:28:31'),(2439,1,'en','plugins/cookie-consent/cookie-consent','theme_options.style','Style','2022-09-22 01:28:31','2022-09-22 01:28:31'),(2440,1,'en','plugins/cookie-consent/cookie-consent','theme_options.full_width','Full width','2022-09-22 01:28:31','2022-09-22 01:28:31'),(2441,1,'en','plugins/cookie-consent/cookie-consent','theme_options.minimal','Minimal','2022-09-22 01:28:31','2022-09-22 01:28:31'),(2442,1,'en','plugins/cookie-consent/cookie-consent','message','Your experience on this site will be improved by allowing cookies.','2022-09-22 01:28:31','2022-09-22 01:28:31'),(2443,1,'en','plugins/cookie-consent/cookie-consent','button_text','Allow cookies','2022-09-22 01:28:31','2022-09-22 01:28:31'),(2444,1,'en','plugins/ecommerce/brands','name','Brands','2022-09-22 01:28:31','2022-09-22 01:28:31'),(2445,1,'en','plugins/ecommerce/brands','create','New brand','2022-09-22 01:28:31','2022-09-22 01:28:31'),(2446,1,'en','plugins/ecommerce/brands','edit','Edit brand','2022-09-22 01:28:31','2022-09-22 01:28:31'),(2447,1,'en','plugins/ecommerce/brands','form.name','Name','2022-09-22 01:28:31','2022-09-22 01:28:31'),(2448,1,'en','plugins/ecommerce/brands','form.name_placeholder','Brand\'s name (Maximum 255 characters)','2022-09-22 01:28:31','2022-09-22 01:28:31'),(2449,1,'en','plugins/ecommerce/brands','form.description','Description','2022-09-22 01:28:31','2022-09-22 01:28:31'),(2450,1,'en','plugins/ecommerce/brands','form.description_placeholder','Short description for brand (Maximum 400 characters)','2022-09-22 01:28:31','2022-09-22 01:28:31'),(2451,1,'en','plugins/ecommerce/brands','form.website','Website','2022-09-22 01:28:31','2022-09-22 01:28:31'),(2452,1,'en','plugins/ecommerce/brands','form.logo','Logo','2022-09-22 01:28:31','2022-09-22 01:28:31'),(2453,1,'en','plugins/ecommerce/brands','form.is_featured','Is featured','2022-09-22 01:28:31','2022-09-22 01:28:31'),(2454,1,'en','plugins/ecommerce/brands','logo','Logo','2022-09-22 01:28:31','2022-09-22 01:28:31'),(2455,1,'en','plugins/ecommerce/brands','website','Website','2022-09-22 01:28:31','2022-09-22 01:28:31'),(2456,1,'en','plugins/ecommerce/brands','notices.no_select','Please select at least one record to take this action!','2022-09-22 01:28:31','2022-09-22 01:28:31'),(2457,1,'en','plugins/ecommerce/brands','notices.update_success_message','Update successfully','2022-09-22 01:28:31','2022-09-22 01:28:31'),(2458,1,'en','plugins/ecommerce/brands','cannot_delete','Brand could not be deleted','2022-09-22 01:28:31','2022-09-22 01:28:31'),(2459,1,'en','plugins/ecommerce/brands','brand_deleted','Brand deleted','2022-09-22 01:28:31','2022-09-22 01:28:31'),(2460,1,'en','plugins/ecommerce/brands','menu','Brands','2022-09-22 01:28:31','2022-09-22 01:28:31'),(2461,1,'en','plugins/ecommerce/brands','no_brand','No brand','2022-09-22 01:28:31','2022-09-22 01:28:31'),(2462,1,'en','plugins/ecommerce/brands','intro.title','Manage brands','2022-09-22 01:28:31','2022-09-22 01:28:31'),(2463,1,'en','plugins/ecommerce/brands','intro.description','Manage product brands such as Nike, Adidas, Bitis ...','2022-09-22 01:28:31','2022-09-22 01:28:31'),(2464,1,'en','plugins/ecommerce/brands','intro.button_text','Create brand','2022-09-22 01:28:31','2022-09-22 01:28:31'),(2465,1,'en','plugins/ecommerce/bulk-import','name','Bulk Import','2022-09-22 01:28:31','2022-09-22 01:28:31'),(2466,1,'en','plugins/ecommerce/bulk-import','loading_text','Importing','2022-09-22 01:28:31','2022-09-22 01:28:31'),(2467,1,'en','plugins/ecommerce/bulk-import','imported_successfully','Imported successfully.','2022-09-22 01:28:31','2022-09-22 01:28:31'),(2468,1,'en','plugins/ecommerce/bulk-import','please_choose_the_file_mime','Please choose the file mime :types','2022-09-22 01:28:31','2022-09-22 01:28:31'),(2469,1,'en','plugins/ecommerce/bulk-import','please_choose_the_file','Please choose the file','2022-09-22 01:28:31','2022-09-22 01:28:31'),(2470,1,'en','plugins/ecommerce/bulk-import','start_import','Start Import','2022-09-22 01:28:31','2022-09-22 01:28:31'),(2471,1,'en','plugins/ecommerce/bulk-import','note','Note!','2022-09-22 01:28:31','2022-09-22 01:28:31'),(2472,1,'en','plugins/ecommerce/bulk-import','warning_before_importing','If this is your first time using this feature, please read the documentation or contact the Administrator for access to the correct functionality!','2022-09-22 01:28:31','2022-09-22 01:28:31'),(2473,1,'en','plugins/ecommerce/bulk-import','results','Result: :success successes, :failed failures','2022-09-22 01:28:31','2022-09-22 01:28:31'),(2474,1,'en','plugins/ecommerce/bulk-import','failures','Failures','2022-09-22 01:28:31','2022-09-22 01:28:31'),(2475,1,'en','plugins/ecommerce/bulk-import','tables.import','Import','2022-09-22 01:28:31','2022-09-22 01:28:31'),(2476,1,'en','plugins/ecommerce/bulk-import','template','Template','2022-09-22 01:28:31','2022-09-22 01:28:31'),(2477,1,'en','plugins/ecommerce/bulk-import','rules','Rules','2022-09-22 01:28:31','2022-09-22 01:28:31'),(2478,1,'en','plugins/ecommerce/bulk-import','choose_file_with_mime','Choose file with mime: (:types)','2022-09-22 01:28:31','2022-09-22 01:28:31'),(2479,1,'en','plugins/ecommerce/bulk-import','choose_file','Choose file','2022-09-22 01:28:31','2022-09-22 01:28:31'),(2480,1,'en','plugins/ecommerce/bulk-import','menu','Import products','2022-09-22 01:28:31','2022-09-22 01:28:31'),(2481,1,'en','plugins/ecommerce/bulk-import','download-csv-file','Download CSV template','2022-09-22 01:28:31','2022-09-22 01:28:31'),(2482,1,'en','plugins/ecommerce/bulk-import','download-excel-file','Download Excel template','2022-09-22 01:28:31','2022-09-22 01:28:31'),(2483,1,'en','plugins/ecommerce/bulk-import','downloading','Downloading...','2022-09-22 01:28:31','2022-09-22 01:28:31'),(2484,1,'en','plugins/ecommerce/bulk-import','export.template.input_error','Input error','2022-09-22 01:28:31','2022-09-22 01:28:31'),(2485,1,'en','plugins/ecommerce/bulk-import','export.template.number_not_allowed','Number is not allowed!','2022-09-22 01:28:31','2022-09-22 01:28:31'),(2486,1,'en','plugins/ecommerce/bulk-import','export.template.allowed_input','Allowed input','2022-09-22 01:28:31','2022-09-22 01:28:31'),(2487,1,'en','plugins/ecommerce/bulk-import','export.template.prompt_decimal','Only numbers or decimals are accepted and greater than or equal to :min.','2022-09-22 01:28:31','2022-09-22 01:28:31'),(2488,1,'en','plugins/ecommerce/bulk-import','export.template.prompt_whole_number','Only numbers are accepted and greater than or equal to :min.','2022-09-22 01:28:31','2022-09-22 01:28:31'),(2489,1,'en','plugins/ecommerce/bulk-import','export.template.prompt_list','Please pick a value from the drop-down list.','2022-09-22 01:28:31','2022-09-22 01:28:31'),(2490,1,'en','plugins/ecommerce/bulk-import','export.template.pick_from_list','Pick from list','2022-09-22 01:28:31','2022-09-22 01:28:31'),(2491,1,'en','plugins/ecommerce/bulk-import','export.template.value_not_in_list','Value is not in list.','2022-09-22 01:28:31','2022-09-22 01:28:31'),(2492,1,'en','plugins/ecommerce/bulk-import','import_failed_description','Import failed, please check the errors below!','2022-09-22 01:28:31','2022-09-22 01:28:31'),(2493,1,'en','plugins/ecommerce/currency','currencies','Currencies','2022-09-22 01:28:31','2022-09-22 01:28:31'),(2494,1,'en','plugins/ecommerce/currency','setting_description','List of currencies using on website','2022-09-22 01:28:31','2022-09-22 01:28:31'),(2495,1,'en','plugins/ecommerce/currency','name','Name','2022-09-22 01:28:31','2022-09-22 01:28:31'),(2496,1,'en','plugins/ecommerce/currency','symbol','Symbol','2022-09-22 01:28:31','2022-09-22 01:28:31'),(2497,1,'en','plugins/ecommerce/currency','number_of_decimals','Number of decimals','2022-09-22 01:28:31','2022-09-22 01:28:31'),(2498,1,'en','plugins/ecommerce/currency','exchange_rate','Exchange rate','2022-09-22 01:28:31','2022-09-22 01:28:31'),(2499,1,'en','plugins/ecommerce/currency','is_prefix_symbol','Position of symbol','2022-09-22 01:28:31','2022-09-22 01:28:31'),(2500,1,'en','plugins/ecommerce/currency','is_default','Is default?','2022-09-22 01:28:31','2022-09-22 01:28:31'),(2501,1,'en','plugins/ecommerce/currency','remove','Remove','2022-09-22 01:28:31','2022-09-22 01:28:31'),(2502,1,'en','plugins/ecommerce/currency','new_currency','Add a new currency','2022-09-22 01:28:31','2022-09-22 01:28:31'),(2503,1,'en','plugins/ecommerce/currency','save_settings','Save settings','2022-09-22 01:28:31','2022-09-22 01:28:31'),(2504,1,'en','plugins/ecommerce/currency','before_number','Before number','2022-09-22 01:28:32','2022-09-22 01:28:32'),(2505,1,'en','plugins/ecommerce/currency','after_number','After number','2022-09-22 01:28:32','2022-09-22 01:28:32'),(2506,1,'en','plugins/ecommerce/currency','require_at_least_one_currency','The system requires at least one currency!','2022-09-22 01:28:32','2022-09-22 01:28:32'),(2507,1,'en','plugins/ecommerce/currency','enable_auto_detect_visitor_currency','Enable auto-detect visitor currency?','2022-09-22 01:28:32','2022-09-22 01:28:32'),(2508,1,'en','plugins/ecommerce/currency','add_space_between_price_and_currency','Add a space between price and currency?','2022-09-22 01:28:32','2022-09-22 01:28:32'),(2509,1,'en','plugins/ecommerce/currency','invalid_currency_name','Invalid currency code, it must be in :currencies.','2022-09-22 01:28:32','2022-09-22 01:28:32'),(2510,1,'en','plugins/ecommerce/currency','instruction','Please check list currency code here: https://en.wikipedia.org/wiki/ISO_4217','2022-09-22 01:28:32','2022-09-22 01:28:32'),(2511,1,'en','plugins/ecommerce/currency','code','Code','2022-09-22 01:28:32','2022-09-22 01:28:32'),(2512,1,'en','plugins/ecommerce/customer','name','Customers','2022-09-22 01:28:32','2022-09-22 01:28:32'),(2513,1,'en','plugins/ecommerce/customer','create','Create a customer','2022-09-22 01:28:32','2022-09-22 01:28:32'),(2514,1,'en','plugins/ecommerce/customer','edit','Edit customer \":name\"','2022-09-22 01:28:32','2022-09-22 01:28:32'),(2515,1,'en','plugins/ecommerce/customer','email','Email','2022-09-22 01:28:32','2022-09-22 01:28:32'),(2516,1,'en','plugins/ecommerce/customer','email_placeholder','Ex: example@gmail.com','2022-09-22 01:28:32','2022-09-22 01:28:32'),(2517,1,'en','plugins/ecommerce/customer','password','Password','2022-09-22 01:28:32','2022-09-22 01:28:32'),(2518,1,'en','plugins/ecommerce/customer','change_password','Change password?','2022-09-22 01:28:32','2022-09-22 01:28:32'),(2519,1,'en','plugins/ecommerce/customer','password_confirmation','Password confirmation','2022-09-22 01:28:32','2022-09-22 01:28:32'),(2520,1,'en','plugins/ecommerce/customer','intro.title','Manage customers','2022-09-22 01:28:32','2022-09-22 01:28:32'),(2521,1,'en','plugins/ecommerce/customer','intro.description','When a customer buy your product(s), you will know their order histories.','2022-09-22 01:28:32','2022-09-22 01:28:32'),(2522,1,'en','plugins/ecommerce/customer','intro.button_text','Create customer','2022-09-22 01:28:32','2022-09-22 01:28:32'),(2523,1,'en','plugins/ecommerce/customer','phone','Phone','2022-09-22 01:28:32','2022-09-22 01:28:32'),(2524,1,'en','plugins/ecommerce/customer','phone_placeholder','Phone','2022-09-22 01:28:32','2022-09-22 01:28:32'),(2525,1,'en','plugins/ecommerce/customer','avatar','Avatar','2022-09-22 01:28:32','2022-09-22 01:28:32'),(2526,1,'en','plugins/ecommerce/customer','dob','Date of birth','2022-09-22 01:28:32','2022-09-22 01:28:32'),(2527,1,'en','plugins/ecommerce/customer','statuses.activated','Activated','2022-09-22 01:28:32','2022-09-22 01:28:32'),(2528,1,'en','plugins/ecommerce/customer','statuses.locked','Locked','2022-09-22 01:28:32','2022-09-22 01:28:32'),(2529,1,'en','plugins/ecommerce/customer','email_verified','Email verified?','2022-09-22 01:28:32','2022-09-22 01:28:32'),(2530,1,'en','plugins/ecommerce/discount','name','Discounts','2022-09-22 01:28:32','2022-09-22 01:28:32'),(2531,1,'en','plugins/ecommerce/discount','create','Create discount','2022-09-22 01:28:32','2022-09-22 01:28:32'),(2532,1,'en','plugins/ecommerce/discount','invalid_coupon','This coupon is invalid or expired!','2022-09-22 01:28:32','2022-09-22 01:28:32'),(2533,1,'en','plugins/ecommerce/discount','cannot_use_same_time_with_other_discount_program','Cannot use this coupon in the same time with other discount program!','2022-09-22 01:28:32','2022-09-22 01:28:32'),(2534,1,'en','plugins/ecommerce/discount','not_used','This coupon is not used yet!','2022-09-22 01:28:32','2022-09-22 01:28:32'),(2535,1,'en','plugins/ecommerce/discount','detail','Detail','2022-09-22 01:28:32','2022-09-22 01:28:32'),(2536,1,'en','plugins/ecommerce/discount','used','Used','2022-09-22 01:28:32','2022-09-22 01:28:32'),(2537,1,'en','plugins/ecommerce/discount','intro.title','Manage discount/coupon code','2022-09-22 01:28:32','2022-09-22 01:28:32'),(2538,1,'en','plugins/ecommerce/discount','intro.description','Create coupon code or promotion for your products.','2022-09-22 01:28:32','2022-09-22 01:28:32'),(2539,1,'en','plugins/ecommerce/discount','intro.button_text','Create discount','2022-09-22 01:28:32','2022-09-22 01:28:32'),(2540,1,'en','plugins/ecommerce/discount','expired','Expired','2022-09-22 01:28:32','2022-09-22 01:28:32'),(2541,1,'en','plugins/ecommerce/discount','discount_promotion','Discount promotion','2022-09-22 01:28:32','2022-09-22 01:28:32'),(2542,1,'en','plugins/ecommerce/discount','can','can','2022-09-22 01:28:32','2022-09-22 01:28:32'),(2543,1,'en','plugins/ecommerce/discount','cannot','cannot','2022-09-22 01:28:32','2022-09-22 01:28:32'),(2544,1,'en','plugins/ecommerce/discount','use_with_promotion','be used with promotion','2022-09-22 01:28:32','2022-09-22 01:28:32'),(2545,1,'en','plugins/ecommerce/discount','create_discount_validate_title_required_if','Please enter the name of the promotion','2022-09-22 01:28:32','2022-09-22 01:28:32'),(2546,1,'en','plugins/ecommerce/discount','create_discount_validate_code_required_if','Please enter the promotion code','2022-09-22 01:28:32','2022-09-22 01:28:32'),(2547,1,'en','plugins/ecommerce/discount','create_discount_validate_value_required','Amount must be greater than 0','2022-09-22 01:28:32','2022-09-22 01:28:32'),(2548,1,'en','plugins/ecommerce/discount','create_discount_validate_target_required','No object selected for promotion','2022-09-22 01:28:32','2022-09-22 01:28:32'),(2549,1,'en','plugins/ecommerce/discount','enums.type-options.amount','Amount - Fixed','2022-09-22 01:28:32','2022-09-22 01:28:32'),(2550,1,'en','plugins/ecommerce/discount','enums.type-options.percentage','Discount %','2022-09-22 01:28:32','2022-09-22 01:28:32'),(2551,1,'en','plugins/ecommerce/discount','enums.type-options.shipping','Free shipping','2022-09-22 01:28:32','2022-09-22 01:28:32'),(2552,1,'en','plugins/ecommerce/discount','enums.type-options.same-price','Same price','2022-09-22 01:28:32','2022-09-22 01:28:32'),(2553,1,'en','plugins/ecommerce/discount','discount','Discount','2022-09-22 01:28:32','2022-09-22 01:28:32'),(2554,1,'en','plugins/ecommerce/discount','create_coupon_code','Create coupon code','2022-09-22 01:28:32','2022-09-22 01:28:32'),(2555,1,'en','plugins/ecommerce/discount','create_discount_promotion','Create discount promotion','2022-09-22 01:28:32','2022-09-22 01:28:32'),(2556,1,'en','plugins/ecommerce/discount','generate_coupon_code','Generate coupon code','2022-09-22 01:28:32','2022-09-22 01:28:32'),(2557,1,'en','plugins/ecommerce/discount','customers_will_enter_this_coupon_code_when_they_checkout','Customers will enter this coupon code when they checkout','2022-09-22 01:28:32','2022-09-22 01:28:32'),(2558,1,'en','plugins/ecommerce/discount','select_type_of_discount','Select type of discount','2022-09-22 01:28:32','2022-09-22 01:28:32'),(2559,1,'en','plugins/ecommerce/discount','coupon_code','Coupon code','2022-09-22 01:28:32','2022-09-22 01:28:32'),(2560,1,'en','plugins/ecommerce/discount','promotion','Promotion','2022-09-22 01:28:32','2022-09-22 01:28:32'),(2561,1,'en','plugins/ecommerce/discount','can_be_used_with_promotion','Can be used with promotion','2022-09-22 01:28:32','2022-09-22 01:28:32'),(2562,1,'en','plugins/ecommerce/discount','unlimited_coupon','Unlimited coupon','2022-09-22 01:28:32','2022-09-22 01:28:32'),(2563,1,'en','plugins/ecommerce/discount','enter_number','Enter number','2022-09-22 01:28:32','2022-09-22 01:28:32'),(2564,1,'en','plugins/ecommerce/discount','coupon_type','Coupon type','2022-09-22 01:28:32','2022-09-22 01:28:32'),(2565,1,'en','plugins/ecommerce/discount','percentage_discount','Percentage discount (%)','2022-09-22 01:28:32','2022-09-22 01:28:32'),(2566,1,'en','plugins/ecommerce/discount','free_shipping','Free shipping','2022-09-22 01:28:32','2022-09-22 01:28:32'),(2567,1,'en','plugins/ecommerce/discount','same_price','Same price','2022-09-22 01:28:32','2022-09-22 01:28:32'),(2568,1,'en','plugins/ecommerce/discount','apply_for','apply for','2022-09-22 01:28:32','2022-09-22 01:28:32'),(2569,1,'en','plugins/ecommerce/discount','all_orders','All orders','2022-09-22 01:28:32','2022-09-22 01:28:32'),(2570,1,'en','plugins/ecommerce/discount','order_amount_from','Order amount from','2022-09-22 01:28:32','2022-09-22 01:28:32'),(2571,1,'en','plugins/ecommerce/discount','product_collection','Product collection','2022-09-22 01:28:32','2022-09-22 01:28:32'),(2572,1,'en','plugins/ecommerce/discount','product','Product','2022-09-22 01:28:32','2022-09-22 01:28:32'),(2573,1,'en','plugins/ecommerce/discount','customer','Customer','2022-09-22 01:28:32','2022-09-22 01:28:32'),(2574,1,'en','plugins/ecommerce/discount','variant','Variant','2022-09-22 01:28:32','2022-09-22 01:28:32'),(2575,1,'en','plugins/ecommerce/discount','search_product','Search product','2022-09-22 01:28:32','2022-09-22 01:28:32'),(2576,1,'en','plugins/ecommerce/discount','no_products_found','No products found!','2022-09-22 01:28:32','2022-09-22 01:28:32'),(2577,1,'en','plugins/ecommerce/discount','search_customer','Search customer','2022-09-22 01:28:32','2022-09-22 01:28:32'),(2578,1,'en','plugins/ecommerce/discount','no_customer_found','No customer found!','2022-09-22 01:28:32','2022-09-22 01:28:32'),(2579,1,'en','plugins/ecommerce/discount','one_time_per_order','One time per order','2022-09-22 01:28:32','2022-09-22 01:28:32'),(2580,1,'en','plugins/ecommerce/discount','one_time_per_product_in_cart','One time per product in cart','2022-09-22 01:28:32','2022-09-22 01:28:32'),(2581,1,'en','plugins/ecommerce/discount','number_of_products','Number of products required to apply','2022-09-22 01:28:32','2022-09-22 01:28:32'),(2582,1,'en','plugins/ecommerce/discount','selected_products','Selected products','2022-09-22 01:28:32','2022-09-22 01:28:32'),(2583,1,'en','plugins/ecommerce/discount','selected_customers','Selected customers','2022-09-22 01:28:32','2022-09-22 01:28:32'),(2584,1,'en','plugins/ecommerce/discount','time','Time','2022-09-22 01:28:32','2022-09-22 01:28:32'),(2585,1,'en','plugins/ecommerce/discount','start_date','Start date','2022-09-22 01:28:32','2022-09-22 01:28:32'),(2586,1,'en','plugins/ecommerce/discount','end_date','End date','2022-09-22 01:28:32','2022-09-22 01:28:32'),(2587,1,'en','plugins/ecommerce/discount','never_expired','Never expired','2022-09-22 01:28:32','2022-09-22 01:28:32'),(2588,1,'en','plugins/ecommerce/discount','save','Save','2022-09-22 01:28:32','2022-09-22 01:28:32'),(2589,1,'en','plugins/ecommerce/discount','enter_promotion_name','Enter promotion name','2022-09-22 01:28:33','2022-09-22 01:28:33'),(2590,1,'en','plugins/ecommerce/discount','enter_coupon_name','Enter coupon name','2022-09-22 01:28:33','2022-09-22 01:28:33'),(2591,1,'en','plugins/ecommerce/discount','cancel','Cancel','2022-09-22 01:28:33','2022-09-22 01:28:33'),(2592,1,'en','plugins/ecommerce/discount','is','Is','2022-09-22 01:28:33','2022-09-22 01:28:33'),(2593,1,'en','plugins/ecommerce/discount','when_shipping_fee_less_than','when shipping fee less than','2022-09-22 01:28:33','2022-09-22 01:28:33'),(2594,1,'en','plugins/ecommerce/discount','minimum_order_amount_error','You are under :minimum_amount to apply the coupon, you must add :add_more more items to your cart','2022-09-22 01:28:33','2022-09-22 01:28:33'),(2595,1,'en','plugins/ecommerce/ecommerce','settings','Settings','2022-09-22 01:28:33','2022-09-22 01:28:33'),(2596,1,'en','plugins/ecommerce/ecommerce','name','Ecommerce','2022-09-22 01:28:33','2022-09-22 01:28:33'),(2597,1,'en','plugins/ecommerce/ecommerce','setting.email.title','E-commerce','2022-09-22 01:28:33','2022-09-22 01:28:33'),(2598,1,'en','plugins/ecommerce/ecommerce','setting.email.description','Ecommerce email config','2022-09-22 01:28:33','2022-09-22 01:28:33'),(2599,1,'en','plugins/ecommerce/ecommerce','setting.email.order_confirm_subject','Subject of order confirmation email','2022-09-22 01:28:33','2022-09-22 01:28:33'),(2600,1,'en','plugins/ecommerce/ecommerce','setting.email.order_confirm_subject_placeholder','The subject of email confirmation send to the customer','2022-09-22 01:28:33','2022-09-22 01:28:33'),(2601,1,'en','plugins/ecommerce/ecommerce','setting.email.order_confirm_content','Content of order confirmation email','2022-09-22 01:28:33','2022-09-22 01:28:33'),(2602,1,'en','plugins/ecommerce/ecommerce','setting.email.order_status_change_subject','Subject of email when changing order\'s status','2022-09-22 01:28:33','2022-09-22 01:28:33'),(2603,1,'en','plugins/ecommerce/ecommerce','setting.email.order_status_change_subject_placeholder','Subject of email when changing order\'s status send to customer','2022-09-22 01:28:33','2022-09-22 01:28:33'),(2604,1,'en','plugins/ecommerce/ecommerce','setting.email.order_status_change_content','Content of email when changing order\'s status','2022-09-22 01:28:33','2022-09-22 01:28:33'),(2605,1,'en','plugins/ecommerce/ecommerce','setting.email.from_email','Email from','2022-09-22 01:28:33','2022-09-22 01:28:33'),(2606,1,'en','plugins/ecommerce/ecommerce','setting.email.from_email_placeholder','Email from address to display in mail. Ex: example@gmail.com','2022-09-22 01:28:33','2022-09-22 01:28:33'),(2607,1,'en','plugins/ecommerce/ecommerce','setting.title','Basic information','2022-09-22 01:28:33','2022-09-22 01:28:33'),(2608,1,'en','plugins/ecommerce/ecommerce','setting.state','State','2022-09-22 01:28:33','2022-09-22 01:28:33'),(2609,1,'en','plugins/ecommerce/ecommerce','setting.city','City','2022-09-22 01:28:33','2022-09-22 01:28:33'),(2610,1,'en','plugins/ecommerce/ecommerce','setting.country','Country','2022-09-22 01:28:33','2022-09-22 01:28:33'),(2611,1,'en','plugins/ecommerce/ecommerce','setting.weight_unit_gram','Gram (g)','2022-09-22 01:28:33','2022-09-22 01:28:33'),(2612,1,'en','plugins/ecommerce/ecommerce','setting.weight_unit_kilogram','Kilogram (kg)','2022-09-22 01:28:33','2022-09-22 01:28:33'),(2613,1,'en','plugins/ecommerce/ecommerce','setting.weight_unit_lb','Pound (lb)','2022-09-22 01:28:33','2022-09-22 01:28:33'),(2614,1,'en','plugins/ecommerce/ecommerce','setting.weight_unit_oz','Ounce (oz)','2022-09-22 01:28:33','2022-09-22 01:28:33'),(2615,1,'en','plugins/ecommerce/ecommerce','setting.height_unit_cm','Centimeter (cm)','2022-09-22 01:28:33','2022-09-22 01:28:33'),(2616,1,'en','plugins/ecommerce/ecommerce','setting.height_unit_m','Meter (m)','2022-09-22 01:28:33','2022-09-22 01:28:33'),(2617,1,'en','plugins/ecommerce/ecommerce','setting.height_unit_inch','Inch','2022-09-22 01:28:33','2022-09-22 01:28:33'),(2618,1,'en','plugins/ecommerce/ecommerce','setting.store_locator_title','Store locators','2022-09-22 01:28:33','2022-09-22 01:28:33'),(2619,1,'en','plugins/ecommerce/ecommerce','setting.store_locator_description','All the lists of your chains, main stores, branches, etc. The locations can be used to track sales and to help us configure tax rates to charge when selling products.','2022-09-22 01:28:33','2022-09-22 01:28:33'),(2620,1,'en','plugins/ecommerce/ecommerce','setting.phone','Phone','2022-09-22 01:28:33','2022-09-22 01:28:33'),(2621,1,'en','plugins/ecommerce/ecommerce','setting.address','Address','2022-09-22 01:28:33','2022-09-22 01:28:33'),(2622,1,'en','plugins/ecommerce/ecommerce','setting.is_primary','Primary?','2022-09-22 01:28:33','2022-09-22 01:28:33'),(2623,1,'en','plugins/ecommerce/ecommerce','setting.add_new','Add new','2022-09-22 01:28:33','2022-09-22 01:28:33'),(2624,1,'en','plugins/ecommerce/ecommerce','setting.or','Or','2022-09-22 01:28:33','2022-09-22 01:28:33'),(2625,1,'en','plugins/ecommerce/ecommerce','setting.change_primary_store','change default store locator','2022-09-22 01:28:33','2022-09-22 01:28:33'),(2626,1,'en','plugins/ecommerce/ecommerce','setting.other_settings','Other settings','2022-09-22 01:28:33','2022-09-22 01:28:33'),(2627,1,'en','plugins/ecommerce/ecommerce','setting.other_settings_description','Settings for cart, review...','2022-09-22 01:28:33','2022-09-22 01:28:33'),(2628,1,'en','plugins/ecommerce/ecommerce','setting.enable_cart','Enable shopping cart?','2022-09-22 01:28:33','2022-09-22 01:28:33'),(2629,1,'en','plugins/ecommerce/ecommerce','setting.enable_tax','Enable tax?','2022-09-22 01:28:33','2022-09-22 01:28:33'),(2630,1,'en','plugins/ecommerce/ecommerce','setting.display_product_price_including_taxes','Display product price including taxes?','2022-09-22 01:28:33','2022-09-22 01:28:33'),(2631,1,'en','plugins/ecommerce/ecommerce','setting.enable_review','Enable review?','2022-09-22 01:28:33','2022-09-22 01:28:33'),(2632,1,'en','plugins/ecommerce/ecommerce','setting.enable_quick_buy_button','Enable quick buy button?','2022-09-22 01:28:33','2022-09-22 01:28:33'),(2633,1,'en','plugins/ecommerce/ecommerce','setting.quick_buy_target','Quick buy target page?','2022-09-22 01:28:33','2022-09-22 01:28:33'),(2634,1,'en','plugins/ecommerce/ecommerce','setting.checkout_page','Checkout page','2022-09-22 01:28:33','2022-09-22 01:28:33'),(2635,1,'en','plugins/ecommerce/ecommerce','setting.cart_page','Cart page','2022-09-22 01:28:33','2022-09-22 01:28:33'),(2636,1,'en','plugins/ecommerce/ecommerce','setting.add_location','Add location','2022-09-22 01:28:33','2022-09-22 01:28:33'),(2637,1,'en','plugins/ecommerce/ecommerce','setting.edit_location','Edit location','2022-09-22 01:28:33','2022-09-22 01:28:33'),(2638,1,'en','plugins/ecommerce/ecommerce','setting.delete_location','Delete location','2022-09-22 01:28:33','2022-09-22 01:28:33'),(2639,1,'en','plugins/ecommerce/ecommerce','setting.change_primary_location','Change primary location','2022-09-22 01:28:33','2022-09-22 01:28:33'),(2640,1,'en','plugins/ecommerce/ecommerce','setting.delete_location_confirmation','Are you sure you want to delete this location? This action cannot be undo.','2022-09-22 01:28:33','2022-09-22 01:28:33'),(2641,1,'en','plugins/ecommerce/ecommerce','setting.save_location','Save location','2022-09-22 01:28:33','2022-09-22 01:28:33'),(2642,1,'en','plugins/ecommerce/ecommerce','setting.accept','Accept','2022-09-22 01:28:33','2022-09-22 01:28:33'),(2643,1,'en','plugins/ecommerce/ecommerce','setting.select_country','Select country...','2022-09-22 01:28:33','2022-09-22 01:28:33'),(2644,1,'en','plugins/ecommerce/ecommerce','setting.zip_code_enabled','Enable Zip Code?','2022-09-22 01:28:33','2022-09-22 01:28:33'),(2645,1,'en','plugins/ecommerce/ecommerce','setting.thousands_separator','Thousands separator','2022-09-22 01:28:33','2022-09-22 01:28:33'),(2646,1,'en','plugins/ecommerce/ecommerce','setting.decimal_separator','Decimal separator','2022-09-22 01:28:33','2022-09-22 01:28:33'),(2647,1,'en','plugins/ecommerce/ecommerce','setting.separator_period','Period (.)','2022-09-22 01:28:33','2022-09-22 01:28:33'),(2648,1,'en','plugins/ecommerce/ecommerce','setting.separator_comma','Comma (,)','2022-09-22 01:28:33','2022-09-22 01:28:33'),(2649,1,'en','plugins/ecommerce/ecommerce','setting.separator_space','Space ( )','2022-09-22 01:28:33','2022-09-22 01:28:33'),(2650,1,'en','plugins/ecommerce/ecommerce','setting.available_countries','Available countries','2022-09-22 01:28:33','2022-09-22 01:28:33'),(2651,1,'en','plugins/ecommerce/ecommerce','setting.all','All','2022-09-22 01:28:33','2022-09-22 01:28:33'),(2652,1,'en','plugins/ecommerce/ecommerce','setting.verify_customer_email','Verify customer\'s email?','2022-09-22 01:28:33','2022-09-22 01:28:33'),(2653,1,'en','plugins/ecommerce/ecommerce','setting.minimum_order_amount','Minimum order amount to place an order (:currency).','2022-09-22 01:28:33','2022-09-22 01:28:33'),(2654,1,'en','plugins/ecommerce/ecommerce','setting.enable_guest_checkout','Enable guest checkout?','2022-09-22 01:28:33','2022-09-22 01:28:33'),(2655,1,'en','plugins/ecommerce/ecommerce','setting.show_number_of_products','Show number of products in the product single','2022-09-22 01:28:33','2022-09-22 01:28:33'),(2656,1,'en','plugins/ecommerce/ecommerce','setting.payment_method_cod_minimum_amount','Minimum order amount - :currency (Optional)','2022-09-22 01:28:33','2022-09-22 01:28:33'),(2657,1,'en','plugins/ecommerce/ecommerce','setting.review.max_file_size','Review max file size (MB)','2022-09-22 01:28:33','2022-09-22 01:28:33'),(2658,1,'en','plugins/ecommerce/ecommerce','setting.review.max_file_number','Review max file number','2022-09-22 01:28:33','2022-09-22 01:28:33'),(2659,1,'en','plugins/ecommerce/ecommerce','setting.using_custom_font_for_invoice','Using custom font for invoice?','2022-09-22 01:28:33','2022-09-22 01:28:33'),(2660,1,'en','plugins/ecommerce/ecommerce','setting.invoice_font_family','Invoice font family (Only work for Latin language)','2022-09-22 01:28:33','2022-09-22 01:28:33'),(2661,1,'en','plugins/ecommerce/ecommerce','setting.enable_invoice_stamp','Enable invoice stamp?','2022-09-22 01:28:33','2022-09-22 01:28:33'),(2662,1,'en','plugins/ecommerce/ecommerce','setting.invoice_support_arabic_language','Support Arabic language in invoice?','2022-09-22 01:28:33','2022-09-22 01:28:33'),(2663,1,'en','plugins/ecommerce/ecommerce','setting.make_phone_field_at_the_checkout_optional','Make phone field at the checkout optional?','2022-09-22 01:28:33','2022-09-22 01:28:33'),(2664,1,'en','plugins/ecommerce/ecommerce','setting.disable_order_invoice_until_order_confirmed','Disable order invoice until order confirmed?','2022-09-22 01:28:33','2022-09-22 01:28:33'),(2665,1,'en','plugins/ecommerce/ecommerce','setting.vat_number','VAT number','2022-09-22 01:28:33','2022-09-22 01:28:33'),(2666,1,'en','plugins/ecommerce/ecommerce','setting.enable_recaptcha_in_register_page','Enable Recaptcha in the registration page?','2022-09-22 01:28:33','2022-09-22 01:28:33'),(2667,1,'en','plugins/ecommerce/ecommerce','setting.enable_recaptcha_in_register_page_description','Need to setup Captcha in Admin -> Settings -> General first.','2022-09-22 01:28:33','2022-09-22 01:28:33'),(2668,1,'en','plugins/ecommerce/ecommerce','setting.show_out_of_stock_products','Show out of stock products?','2022-09-22 01:28:33','2022-09-22 01:28:33'),(2669,1,'en','plugins/ecommerce/ecommerce','setting.default_tax_rate','Default tax rate','2022-09-22 01:28:33','2022-09-22 01:28:33'),(2670,1,'en','plugins/ecommerce/ecommerce','setting.default_tax_rate_description','Important: it will be applied if no tax selected in product.','2022-09-22 01:28:33','2022-09-22 01:28:33'),(2671,1,'en','plugins/ecommerce/ecommerce','setting.how_to_display_product_variation_images','How to display product variation images?','2022-09-22 01:28:33','2022-09-22 01:28:33'),(2672,1,'en','plugins/ecommerce/ecommerce','setting.only_variation_images','Only variation images','2022-09-22 01:28:33','2022-09-22 01:28:33'),(2673,1,'en','plugins/ecommerce/ecommerce','setting.variation_images_and_main_product_images','Variation images + main product images','2022-09-22 01:28:33','2022-09-22 01:28:33'),(2674,1,'en','plugins/ecommerce/ecommerce','setting.load_countries_states_cities_from_location_plugin','Load countries, states, cities from plugin location?','2022-09-22 01:28:33','2022-09-22 01:28:33'),(2675,1,'en','plugins/ecommerce/ecommerce','setting.enable_wishlist','Enable wishlist?','2022-09-22 01:28:33','2022-09-22 01:28:33'),(2676,1,'en','plugins/ecommerce/ecommerce','setting.enable_compare','Enable compare?','2022-09-22 01:28:33','2022-09-22 01:28:33'),(2677,1,'en','plugins/ecommerce/ecommerce','setting.enable_order_tracking','Enable order tracking?','2022-09-22 01:28:33','2022-09-22 01:28:33'),(2678,1,'en','plugins/ecommerce/ecommerce','setting.recently_viewed.enable','Enable customer recently viewed products?','2022-09-22 01:28:33','2022-09-22 01:28:33'),(2679,1,'en','plugins/ecommerce/ecommerce','setting.recently_viewed.max','Maximum number of customer recently viewed products','2022-09-22 01:28:33','2022-09-22 01:28:33'),(2680,1,'en','plugins/ecommerce/ecommerce','setting.recently_viewed.max_helper','If you set 0, it will save all products.','2022-09-22 01:28:33','2022-09-22 01:28:33'),(2681,1,'en','plugins/ecommerce/ecommerce','setting.search_products','Search products','2022-09-22 01:28:33','2022-09-22 01:28:33'),(2682,1,'en','plugins/ecommerce/ecommerce','setting.search_products_description','Config rules to search products','2022-09-22 01:28:33','2022-09-22 01:28:33'),(2683,1,'en','plugins/ecommerce/ecommerce','setting.search_for_an_exact_phrase','Search for an exact phrase?','2022-09-22 01:28:33','2022-09-22 01:28:33'),(2684,1,'en','plugins/ecommerce/ecommerce','setting.search_products_by','Search products by:','2022-09-22 01:28:33','2022-09-22 01:28:33'),(2685,1,'en','plugins/ecommerce/ecommerce','setting.tracking_settings','Tracking settings','2022-09-22 01:28:33','2022-09-22 01:28:33'),(2686,1,'en','plugins/ecommerce/ecommerce','setting.tracking_settings_description','Manage tracking: UTM, Facebook, Google Tag Manager...','2022-09-22 01:28:33','2022-09-22 01:28:33'),(2687,1,'en','plugins/ecommerce/ecommerce','setting.enable_facebook_pixel','Enable Facebook Pixel (Meta Pixel)?','2022-09-22 01:28:33','2022-09-22 01:28:33'),(2688,1,'en','plugins/ecommerce/ecommerce','setting.facebook_pixel_id','Facebook Pixel ID','2022-09-22 01:28:33','2022-09-22 01:28:33'),(2689,1,'en','plugins/ecommerce/ecommerce','setting.facebook_pixel_helper','Go to https://developers.facebook.com/docs/meta-pixel to create Facebook Pixel.','2022-09-22 01:28:33','2022-09-22 01:28:33'),(2690,1,'en','plugins/ecommerce/ecommerce','setting.enable_google_tag_manager','Enable Google Tag Manager?','2022-09-22 01:28:33','2022-09-22 01:28:33'),(2691,1,'en','plugins/ecommerce/ecommerce','setting.google_tag_manager_code','Google Tag Manager code','2022-09-22 01:28:33','2022-09-22 01:28:33'),(2692,1,'en','plugins/ecommerce/ecommerce','setting.google_tag_manager_helper','Go to https://ads.google.com/aw/conversions to create Google Ads Conversions.','2022-09-22 01:28:33','2022-09-22 01:28:33'),(2693,1,'en','plugins/ecommerce/ecommerce','setting.webhook','Webhook','2022-09-22 01:28:34','2022-09-22 01:28:34'),(2694,1,'en','plugins/ecommerce/ecommerce','setting.webhook_description','Send webhook when order placed.','2022-09-22 01:28:34','2022-09-22 01:28:34'),(2695,1,'en','plugins/ecommerce/ecommerce','setting.order_placed_webhook_url','Order placed webhook URL (method: POST)','2022-09-22 01:28:34','2022-09-22 01:28:34'),(2696,1,'en','plugins/ecommerce/ecommerce','setting.return_request','Return Request','2022-09-22 01:28:34','2022-09-22 01:28:34'),(2697,1,'en','plugins/ecommerce/ecommerce','setting.return_request_description','Number of days a customer can request a return after the order is completed.','2022-09-22 01:28:34','2022-09-22 01:28:34'),(2698,1,'en','plugins/ecommerce/ecommerce','setting.returnable_days','Refundable days','2022-09-22 01:28:34','2022-09-22 01:28:34'),(2699,1,'en','plugins/ecommerce/ecommerce','setting.billing_address_enabled','Enable billing address?','2022-09-22 01:28:34','2022-09-22 01:28:34'),(2700,1,'en','plugins/ecommerce/ecommerce','setting.activate_custom_return_product_quantity','Activate custom return product quantity?','2022-09-22 01:28:34','2022-09-22 01:28:34'),(2701,1,'en','plugins/ecommerce/ecommerce','setting.activate_custom_return_product_quantity_description','Allow customer to change the quantity of the product they want to return.','2022-09-22 01:28:34','2022-09-22 01:28:34'),(2702,1,'en','plugins/ecommerce/ecommerce','setting.digital_product','Digital product','2022-09-22 01:28:34','2022-09-22 01:28:34'),(2703,1,'en','plugins/ecommerce/ecommerce','setting.digital_product_title','Is enabled to support the digital products?','2022-09-22 01:28:34','2022-09-22 01:28:34'),(2704,1,'en','plugins/ecommerce/ecommerce','store_address','Store address','2022-09-22 01:28:34','2022-09-22 01:28:34'),(2705,1,'en','plugins/ecommerce/ecommerce','store_phone','Store phone','2022-09-22 01:28:34','2022-09-22 01:28:34'),(2706,1,'en','plugins/ecommerce/ecommerce','order_id','Order ID','2022-09-22 01:28:34','2022-09-22 01:28:34'),(2707,1,'en','plugins/ecommerce/ecommerce','order_token','Order token','2022-09-22 01:28:34','2022-09-22 01:28:34'),(2708,1,'en','plugins/ecommerce/ecommerce','customer_name','Customer name','2022-09-22 01:28:34','2022-09-22 01:28:34'),(2709,1,'en','plugins/ecommerce/ecommerce','customer_email','Customer email','2022-09-22 01:28:34','2022-09-22 01:28:34'),(2710,1,'en','plugins/ecommerce/ecommerce','customer_phone','Customer phone','2022-09-22 01:28:34','2022-09-22 01:28:34'),(2711,1,'en','plugins/ecommerce/ecommerce','customer_address','Customer address','2022-09-22 01:28:34','2022-09-22 01:28:34'),(2712,1,'en','plugins/ecommerce/ecommerce','product_list','List products in order','2022-09-22 01:28:34','2022-09-22 01:28:34'),(2713,1,'en','plugins/ecommerce/ecommerce','payment_detail','Payment detail','2022-09-22 01:28:34','2022-09-22 01:28:34'),(2714,1,'en','plugins/ecommerce/ecommerce','shipping_method','Shipping method','2022-09-22 01:28:34','2022-09-22 01:28:34'),(2715,1,'en','plugins/ecommerce/ecommerce','payment_method','Payment method','2022-09-22 01:28:34','2022-09-22 01:28:34'),(2716,1,'en','plugins/ecommerce/ecommerce','standard_and_format','Standard & Format','2022-09-22 01:28:34','2022-09-22 01:28:34'),(2717,1,'en','plugins/ecommerce/ecommerce','standard_and_format_description','Standards and formats are used to calculate things like product prices, shipping weights, and order times.','2022-09-22 01:28:34','2022-09-22 01:28:34'),(2718,1,'en','plugins/ecommerce/ecommerce','change_order_format','Edit order code format (optional)','2022-09-22 01:28:34','2022-09-22 01:28:34'),(2719,1,'en','plugins/ecommerce/ecommerce','change_order_format_description','The default order code starts at: number. You can change the start or end string to create the order code you want, for example \"DH-: number\" or \": number-A\"','2022-09-22 01:28:34','2022-09-22 01:28:34'),(2720,1,'en','plugins/ecommerce/ecommerce','start_with','Start with','2022-09-22 01:28:34','2022-09-22 01:28:34'),(2721,1,'en','plugins/ecommerce/ecommerce','end_with','End with','2022-09-22 01:28:34','2022-09-22 01:28:34'),(2722,1,'en','plugins/ecommerce/ecommerce','order_will_be_shown','Your order code will be shown','2022-09-22 01:28:34','2022-09-22 01:28:34'),(2723,1,'en','plugins/ecommerce/ecommerce','weight_unit','Unit of weight','2022-09-22 01:28:34','2022-09-22 01:28:34'),(2724,1,'en','plugins/ecommerce/ecommerce','height_unit','Unit length / height','2022-09-22 01:28:34','2022-09-22 01:28:34'),(2725,1,'en','plugins/ecommerce/ecommerce','theme_options.name','Ecommerce','2022-09-22 01:28:34','2022-09-22 01:28:34'),(2726,1,'en','plugins/ecommerce/ecommerce','theme_options.description','Theme options for Ecommerce','2022-09-22 01:28:34','2022-09-22 01:28:34'),(2727,1,'en','plugins/ecommerce/ecommerce','theme_options.number_products_per_page','Number of products per page','2022-09-22 01:28:34','2022-09-22 01:28:34'),(2728,1,'en','plugins/ecommerce/ecommerce','theme_options.number_of_cross_sale_product','Number of cross sale products in product detail page','2022-09-22 01:28:34','2022-09-22 01:28:34'),(2729,1,'en','plugins/ecommerce/ecommerce','theme_options.max_price_filter','Maximum price to filter','2022-09-22 01:28:34','2022-09-22 01:28:34'),(2730,1,'en','plugins/ecommerce/ecommerce','theme_options.logo_in_the_checkout_page','Logo in the checkout page (Default is the main logo)','2022-09-22 01:28:34','2022-09-22 01:28:34'),(2731,1,'en','plugins/ecommerce/ecommerce','theme_options.logo_in_invoices','Logo in invoices (Default is the main logo)','2022-09-22 01:28:34','2022-09-22 01:28:34'),(2732,1,'en','plugins/ecommerce/ecommerce','basic_settings','Basic settings','2022-09-22 01:28:34','2022-09-22 01:28:34'),(2733,1,'en','plugins/ecommerce/ecommerce','advanced_settings','Advanced settings','2022-09-22 01:28:34','2022-09-22 01:28:34'),(2734,1,'en','plugins/ecommerce/email','customer_new_order_title','Order confirmation','2022-09-22 01:28:34','2022-09-22 01:28:34'),(2735,1,'en','plugins/ecommerce/email','customer_new_order_description','Send email confirmation to customer when an order placed','2022-09-22 01:28:34','2022-09-22 01:28:34'),(2736,1,'en','plugins/ecommerce/email','order_cancellation_title','Order cancellation','2022-09-22 01:28:34','2022-09-22 01:28:34'),(2737,1,'en','plugins/ecommerce/email','order_cancellation_description','Send to custom when they cancelled order','2022-09-22 01:28:34','2022-09-22 01:28:34'),(2738,1,'en','plugins/ecommerce/email','delivery_confirmation_title','Delivering confirmation','2022-09-22 01:28:34','2022-09-22 01:28:34'),(2739,1,'en','plugins/ecommerce/email','delivery_confirmation_description','Send to customer when order is delivering','2022-09-22 01:28:34','2022-09-22 01:28:34'),(2740,1,'en','plugins/ecommerce/email','admin_new_order_title','Notice about new order','2022-09-22 01:28:34','2022-09-22 01:28:34'),(2741,1,'en','plugins/ecommerce/email','admin_new_order_description','Send to administrators when an order placed','2022-09-22 01:28:34','2022-09-22 01:28:34'),(2742,1,'en','plugins/ecommerce/email','order_confirmation_title','Order confirmation','2022-09-22 01:28:34','2022-09-22 01:28:34'),(2743,1,'en','plugins/ecommerce/email','order_confirmation_description','Send to customer when they order was confirmed by admins','2022-09-22 01:28:34','2022-09-22 01:28:34'),(2744,1,'en','plugins/ecommerce/email','payment_confirmation_title','Payment confirmation','2022-09-22 01:28:34','2022-09-22 01:28:34'),(2745,1,'en','plugins/ecommerce/email','payment_confirmation_description','Send to customer when their payment was confirmed','2022-09-22 01:28:34','2022-09-22 01:28:34'),(2746,1,'en','plugins/ecommerce/email','order_recover_title','Incomplete order','2022-09-22 01:28:34','2022-09-22 01:28:34'),(2747,1,'en','plugins/ecommerce/email','order_recover_description','Send to custom to remind them about incomplete orders','2022-09-22 01:28:34','2022-09-22 01:28:34'),(2748,1,'en','plugins/ecommerce/email','view_order','View order','2022-09-22 01:28:34','2022-09-22 01:28:34'),(2749,1,'en','plugins/ecommerce/email','link_go_to_our_shop','or <a href=\":link\">Go to our shop</a>','2022-09-22 01:28:34','2022-09-22 01:28:34'),(2750,1,'en','plugins/ecommerce/email','order_number','Order number: <strong>:order_id</strong>','2022-09-22 01:28:34','2022-09-22 01:28:34'),(2751,1,'en','plugins/ecommerce/email','order_information','Order information:','2022-09-22 01:28:34','2022-09-22 01:28:34'),(2752,1,'en','plugins/ecommerce/email','order_return_request_title','Order return request','2022-09-22 01:28:34','2022-09-22 01:28:34'),(2753,1,'en','plugins/ecommerce/email','order_return_request_description','Send to customer when they return order','2022-09-22 01:28:34','2022-09-22 01:28:34'),(2754,1,'en','plugins/ecommerce/export','products.name','Export products','2022-09-22 01:28:34','2022-09-22 01:28:34'),(2755,1,'en','plugins/ecommerce/export','products.title','Export Products (CSV)','2022-09-22 01:28:34','2022-09-22 01:28:34'),(2756,1,'en','plugins/ecommerce/export','products.total_products','Total products','2022-09-22 01:28:34','2022-09-22 01:28:34'),(2757,1,'en','plugins/ecommerce/export','products.total_variations','Total variations','2022-09-22 01:28:34','2022-09-22 01:28:34'),(2758,1,'en','plugins/ecommerce/export','start_export','Start export','2022-09-22 01:28:34','2022-09-22 01:28:34'),(2759,1,'en','plugins/ecommerce/export','exporting','Exporting...','2022-09-22 01:28:34','2022-09-22 01:28:34'),(2760,1,'en','plugins/ecommerce/export','export','Export','2022-09-22 01:28:34','2022-09-22 01:28:34'),(2761,1,'en','plugins/ecommerce/flash-sale','name','Flash sales','2022-09-22 01:28:34','2022-09-22 01:28:34'),(2762,1,'en','plugins/ecommerce/flash-sale','create','New flash sale','2022-09-22 01:28:34','2022-09-22 01:28:34'),(2763,1,'en','plugins/ecommerce/flash-sale','edit','Edit flash sale','2022-09-22 01:28:34','2022-09-22 01:28:34'),(2764,1,'en','plugins/ecommerce/flash-sale','products','Products','2022-09-22 01:28:34','2022-09-22 01:28:34'),(2765,1,'en','plugins/ecommerce/order','statuses.pending','Pending','2022-09-22 01:28:34','2022-09-22 01:28:34'),(2766,1,'en','plugins/ecommerce/order','statuses.processing','Processing','2022-09-22 01:28:34','2022-09-22 01:28:34'),(2767,1,'en','plugins/ecommerce/order','statuses.completed','Completed','2022-09-22 01:28:34','2022-09-22 01:28:34'),(2768,1,'en','plugins/ecommerce/order','statuses.canceled','Canceled','2022-09-22 01:28:34','2022-09-22 01:28:34'),(2769,1,'en','plugins/ecommerce/order','menu','Orders','2022-09-22 01:28:34','2022-09-22 01:28:34'),(2770,1,'en','plugins/ecommerce/order','create','Create an order','2022-09-22 01:28:34','2022-09-22 01:28:34'),(2771,1,'en','plugins/ecommerce/order','cancel_error','The order is delivering or not completed','2022-09-22 01:28:34','2022-09-22 01:28:34'),(2772,1,'en','plugins/ecommerce/order','cancel_success','You do cancel the order successful','2022-09-22 01:28:34','2022-09-22 01:28:34'),(2773,1,'en','plugins/ecommerce/order','return_error','The order is delivering or not completed','2022-09-22 01:28:34','2022-09-22 01:28:34'),(2774,1,'en','plugins/ecommerce/order','return_success','Requested product(s) return successfully!','2022-09-22 01:28:34','2022-09-22 01:28:34'),(2775,1,'en','plugins/ecommerce/order','incomplete_order','Incomplete orders','2022-09-22 01:28:34','2022-09-22 01:28:34'),(2776,1,'en','plugins/ecommerce/order','order_id','Order ID','2022-09-22 01:28:34','2022-09-22 01:28:34'),(2777,1,'en','plugins/ecommerce/order','product_id','Product ID','2022-09-22 01:28:34','2022-09-22 01:28:34'),(2778,1,'en','plugins/ecommerce/order','customer_label','Customer','2022-09-22 01:28:34','2022-09-22 01:28:34'),(2779,1,'en','plugins/ecommerce/order','tax_amount','Tax Amount','2022-09-22 01:28:34','2022-09-22 01:28:34'),(2780,1,'en','plugins/ecommerce/order','shipping_amount','Shipping amount','2022-09-22 01:28:34','2022-09-22 01:28:34'),(2781,1,'en','plugins/ecommerce/order','payment_method','Payment method','2022-09-22 01:28:34','2022-09-22 01:28:34'),(2782,1,'en','plugins/ecommerce/order','payment_status_label','Payment status','2022-09-22 01:28:34','2022-09-22 01:28:34'),(2783,1,'en','plugins/ecommerce/order','manage_orders','Manage orders','2022-09-22 01:28:34','2022-09-22 01:28:34'),(2784,1,'en','plugins/ecommerce/order','order_intro_description','Once your store has orders, this is where you will process and track those orders.','2022-09-22 01:28:34','2022-09-22 01:28:34'),(2785,1,'en','plugins/ecommerce/order','create_new_order','Create a new order','2022-09-22 01:28:34','2022-09-22 01:28:34'),(2786,1,'en','plugins/ecommerce/order','manage_incomplete_orders','Manage incomplete orders','2022-09-22 01:28:34','2022-09-22 01:28:34'),(2787,1,'en','plugins/ecommerce/order','incomplete_orders_intro_description','Incomplete order is an order created when a customer adds a product to the cart, proceeds to fill out the purchase information but does not complete the checkout process.','2022-09-22 01:28:34','2022-09-22 01:28:34'),(2788,1,'en','plugins/ecommerce/order','invoice_for_order','Invoice for order','2022-09-22 01:28:34','2022-09-22 01:28:34'),(2789,1,'en','plugins/ecommerce/order','created','Created','2022-09-22 01:28:34','2022-09-22 01:28:34'),(2790,1,'en','plugins/ecommerce/order','invoice','Invoice','2022-09-22 01:28:34','2022-09-22 01:28:34'),(2791,1,'en','plugins/ecommerce/order','return','Order Return Request','2022-09-22 01:28:34','2022-09-22 01:28:34'),(2792,1,'en','plugins/ecommerce/order','is_return','Return checkbox','2022-09-22 01:28:34','2022-09-22 01:28:34'),(2793,1,'en','plugins/ecommerce/order','total_refund_amount','Total refund amount','2022-09-22 01:28:34','2022-09-22 01:28:34'),(2794,1,'en','plugins/ecommerce/order','total_amount_can_be_refunded','Total amount can be refunded','2022-09-22 01:28:34','2022-09-22 01:28:34'),(2795,1,'en','plugins/ecommerce/order','refund_reason','Refund reason','2022-09-22 01:28:34','2022-09-22 01:28:34'),(2796,1,'en','plugins/ecommerce/order','products','product(s)','2022-09-22 01:28:35','2022-09-22 01:28:35'),(2797,1,'en','plugins/ecommerce/order','default','Default','2022-09-22 01:28:35','2022-09-22 01:28:35'),(2798,1,'en','plugins/ecommerce/order','system','System','2022-09-22 01:28:35','2022-09-22 01:28:35'),(2799,1,'en','plugins/ecommerce/order','new_order_from','New order :order_id from :customer','2022-09-22 01:28:35','2022-09-22 01:28:35'),(2800,1,'en','plugins/ecommerce/order','confirmation_email_was_sent_to_customer','The email confirmation was sent to customer','2022-09-22 01:28:35','2022-09-22 01:28:35'),(2801,1,'en','plugins/ecommerce/order','address_name_required','The name field is required.','2022-09-22 01:28:35','2022-09-22 01:28:35'),(2802,1,'en','plugins/ecommerce/order','address_phone_required','The phone field is required.','2022-09-22 01:28:35','2022-09-22 01:28:35'),(2803,1,'en','plugins/ecommerce/order','address_email_required','The email field is required.','2022-09-22 01:28:35','2022-09-22 01:28:35'),(2804,1,'en','plugins/ecommerce/order','address_email_unique','The customer with that email is existed, please choose other email or login with this email!','2022-09-22 01:28:35','2022-09-22 01:28:35'),(2805,1,'en','plugins/ecommerce/order','address_state_required','The state field is required.','2022-09-22 01:28:35','2022-09-22 01:28:35'),(2806,1,'en','plugins/ecommerce/order','address_city_required','The city field is required.','2022-09-22 01:28:35','2022-09-22 01:28:35'),(2807,1,'en','plugins/ecommerce/order','address_country_required','The country field is required.','2022-09-22 01:28:35','2022-09-22 01:28:35'),(2808,1,'en','plugins/ecommerce/order','address_address_required','The address field is required.','2022-09-22 01:28:35','2022-09-22 01:28:35'),(2809,1,'en','plugins/ecommerce/order','create_order_from_payment_page','Order was created from checkout page','2022-09-22 01:28:35','2022-09-22 01:28:35'),(2810,1,'en','plugins/ecommerce/order','order_was_verified_by','Order was verified by %user_name%','2022-09-22 01:28:35','2022-09-22 01:28:35'),(2811,1,'en','plugins/ecommerce/order','new_order','New order :order_id','2022-09-22 01:28:35','2022-09-22 01:28:35'),(2812,1,'en','plugins/ecommerce/order','payment_was_confirmed_by','Payment was confirmed (amount :money) by %user_name%','2022-09-22 01:28:35','2022-09-22 01:28:35'),(2813,1,'en','plugins/ecommerce/order','edit_order','Edit order :code','2022-09-22 01:28:35','2022-09-22 01:28:35'),(2814,1,'en','plugins/ecommerce/order','confirm_order_success','Confirm order successfully!','2022-09-22 01:28:35','2022-09-22 01:28:35'),(2815,1,'en','plugins/ecommerce/order','error_when_sending_email','There is an error when sending email','2022-09-22 01:28:35','2022-09-22 01:28:35'),(2816,1,'en','plugins/ecommerce/order','sent_confirmation_email_success','Sent confirmation email successfully!','2022-09-22 01:28:35','2022-09-22 01:28:35'),(2817,1,'en','plugins/ecommerce/order','order_was_sent_to_shipping_team','Order was sent to shipping team','2022-09-22 01:28:35','2022-09-22 01:28:35'),(2818,1,'en','plugins/ecommerce/order','by_username','by %user_name%','2022-09-22 01:28:35','2022-09-22 01:28:35'),(2819,1,'en','plugins/ecommerce/order','shipping_was_created_from','Shipping was created from order %order_id%','2022-09-22 01:28:35','2022-09-22 01:28:35'),(2820,1,'en','plugins/ecommerce/order','shipping_was_canceled_success','Shipping was cancelled successfully!','2022-09-22 01:28:35','2022-09-22 01:28:35'),(2821,1,'en','plugins/ecommerce/order','shipping_was_canceled_by','Shipping was cancelled by %user_name%','2022-09-22 01:28:35','2022-09-22 01:28:35'),(2822,1,'en','plugins/ecommerce/order','update_shipping_address_success','Update shipping address successfully!','2022-09-22 01:28:35','2022-09-22 01:28:35'),(2823,1,'en','plugins/ecommerce/order','order_was_canceled_by','Order was cancelled by %user_name%','2022-09-22 01:28:35','2022-09-22 01:28:35'),(2824,1,'en','plugins/ecommerce/order','order_was_returned_by','Order was returned by %user_name%','2022-09-22 01:28:35','2022-09-22 01:28:35'),(2825,1,'en','plugins/ecommerce/order','confirm_payment_success','Confirm payment successfully!','2022-09-22 01:28:35','2022-09-22 01:28:35'),(2826,1,'en','plugins/ecommerce/order','refund_amount_invalid','Refund amount must be lower or equal :price','2022-09-22 01:28:35','2022-09-22 01:28:35'),(2827,1,'en','plugins/ecommerce/order','number_of_products_invalid','Number of products refund is not valid!','2022-09-22 01:28:35','2022-09-22 01:28:35'),(2828,1,'en','plugins/ecommerce/order','cannot_found_payment_for_this_order','Cannot found payment for this order!','2022-09-22 01:28:35','2022-09-22 01:28:35'),(2829,1,'en','plugins/ecommerce/order','refund_success_with_price','Refund success :price','2022-09-22 01:28:35','2022-09-22 01:28:35'),(2830,1,'en','plugins/ecommerce/order','refund_success','Refund successfully!','2022-09-22 01:28:35','2022-09-22 01:28:35'),(2831,1,'en','plugins/ecommerce/order','order_is_not_existed','Order is not existed!','2022-09-22 01:28:35','2022-09-22 01:28:35'),(2832,1,'en','plugins/ecommerce/order','reorder','Reorder','2022-09-22 01:28:35','2022-09-22 01:28:35'),(2833,1,'en','plugins/ecommerce/order','sent_email_incomplete_order_success','Sent email to remind about incomplete order successfully!','2022-09-22 01:28:35','2022-09-22 01:28:35'),(2834,1,'en','plugins/ecommerce/order','applied_coupon_success','Applied coupon \":code\" successfully!','2022-09-22 01:28:35','2022-09-22 01:28:35'),(2835,1,'en','plugins/ecommerce/order','new_order_notice','You have <span class=\"bold\">:count</span> New Order(s)','2022-09-22 01:28:35','2022-09-22 01:28:35'),(2836,1,'en','plugins/ecommerce/order','view_all','View all','2022-09-22 01:28:35','2022-09-22 01:28:35'),(2837,1,'en','plugins/ecommerce/order','cancel_order','Cancel order','2022-09-22 01:28:35','2022-09-22 01:28:35'),(2838,1,'en','plugins/ecommerce/order','order_canceled','Order canceled','2022-09-22 01:28:35','2022-09-22 01:28:35'),(2839,1,'en','plugins/ecommerce/order','order_was_canceled_at','Order was canceled at','2022-09-22 01:28:35','2022-09-22 01:28:35'),(2840,1,'en','plugins/ecommerce/order','return_order','Return order','2022-09-22 01:28:35','2022-09-22 01:28:35'),(2841,1,'en','plugins/ecommerce/order','order_returned','Order returned','2022-09-22 01:28:35','2022-09-22 01:28:35'),(2842,1,'en','plugins/ecommerce/order','order_was_returned_at','Order was returned at','2022-09-22 01:28:35','2022-09-22 01:28:35'),(2843,1,'en','plugins/ecommerce/order','completed','Completed','2022-09-22 01:28:35','2022-09-22 01:28:35'),(2844,1,'en','plugins/ecommerce/order','uncompleted','Uncompleted','2022-09-22 01:28:35','2022-09-22 01:28:35'),(2845,1,'en','plugins/ecommerce/order','sku','SKU','2022-09-22 01:28:35','2022-09-22 01:28:35'),(2846,1,'en','plugins/ecommerce/order','warehouse','Warehouse','2022-09-22 01:28:35','2022-09-22 01:28:35'),(2847,1,'en','plugins/ecommerce/order','sub_amount','Sub amount','2022-09-22 01:28:35','2022-09-22 01:28:35'),(2848,1,'en','plugins/ecommerce/order','coupon_code','Coupon code: \":code\"','2022-09-22 01:28:35','2022-09-22 01:28:35'),(2849,1,'en','plugins/ecommerce/order','shipping_fee','Shipping fee','2022-09-22 01:28:35','2022-09-22 01:28:35'),(2850,1,'en','plugins/ecommerce/order','tax','Tax','2022-09-22 01:28:35','2022-09-22 01:28:35'),(2851,1,'en','plugins/ecommerce/order','refunded_amount','Refunded amount','2022-09-22 01:28:35','2022-09-22 01:28:35'),(2852,1,'en','plugins/ecommerce/order','amount_received','The amount actually received','2022-09-22 01:28:35','2022-09-22 01:28:35'),(2853,1,'en','plugins/ecommerce/order','download_invoice','Download invoice','2022-09-22 01:28:35','2022-09-22 01:28:35'),(2854,1,'en','plugins/ecommerce/order','print_invoice','Print invoice','2022-09-22 01:28:35','2022-09-22 01:28:35'),(2855,1,'en','plugins/ecommerce/order','add_note','Add note...','2022-09-22 01:28:35','2022-09-22 01:28:35'),(2856,1,'en','plugins/ecommerce/order','order_was_confirmed','Order was confirmed','2022-09-22 01:28:35','2022-09-22 01:28:35'),(2857,1,'en','plugins/ecommerce/order','confirm_order','Confirm order','2022-09-22 01:28:35','2022-09-22 01:28:35'),(2858,1,'en','plugins/ecommerce/order','confirm','Confirm','2022-09-22 01:28:35','2022-09-22 01:28:35'),(2859,1,'en','plugins/ecommerce/order','order_was_canceled','Order was canceled','2022-09-22 01:28:35','2022-09-22 01:28:35'),(2860,1,'en','plugins/ecommerce/order','order_was_returned','Order was returned','2022-09-22 01:28:35','2022-09-22 01:28:35'),(2861,1,'en','plugins/ecommerce/order','pending_payment','Pending payment','2022-09-22 01:28:35','2022-09-22 01:28:35'),(2862,1,'en','plugins/ecommerce/order','payment_was_accepted','Payment :money was accepted','2022-09-22 01:28:35','2022-09-22 01:28:35'),(2863,1,'en','plugins/ecommerce/order','payment_was_refunded','Payment was refunded','2022-09-22 01:28:35','2022-09-22 01:28:35'),(2864,1,'en','plugins/ecommerce/order','confirm_payment','Confirm payment','2022-09-22 01:28:35','2022-09-22 01:28:35'),(2865,1,'en','plugins/ecommerce/order','refund','Refund','2022-09-22 01:28:35','2022-09-22 01:28:35'),(2866,1,'en','plugins/ecommerce/order','all_products_are_not_delivered','All products are not delivered','2022-09-22 01:28:35','2022-09-22 01:28:35'),(2867,1,'en','plugins/ecommerce/order','delivery','Delivery','2022-09-22 01:28:35','2022-09-22 01:28:35'),(2868,1,'en','plugins/ecommerce/order','history','History','2022-09-22 01:28:35','2022-09-22 01:28:35'),(2869,1,'en','plugins/ecommerce/order','order_number','Order number','2022-09-22 01:28:35','2022-09-22 01:28:35'),(2870,1,'en','plugins/ecommerce/order','from','from','2022-09-22 01:28:35','2022-09-22 01:28:35'),(2871,1,'en','plugins/ecommerce/order','status','Status','2022-09-22 01:28:35','2022-09-22 01:28:35'),(2872,1,'en','plugins/ecommerce/order','successfully','Successfully','2022-09-22 01:28:35','2022-09-22 01:28:35'),(2873,1,'en','plugins/ecommerce/order','transaction_type','Transaction\'s type','2022-09-22 01:28:35','2022-09-22 01:28:35'),(2874,1,'en','plugins/ecommerce/order','staff','Staff','2022-09-22 01:28:35','2022-09-22 01:28:35'),(2875,1,'en','plugins/ecommerce/order','refund_date','Refund date','2022-09-22 01:28:35','2022-09-22 01:28:35'),(2876,1,'en','plugins/ecommerce/order','n_a','N\\A','2022-09-22 01:28:35','2022-09-22 01:28:35'),(2877,1,'en','plugins/ecommerce/order','payment_date','Payment date','2022-09-22 01:28:35','2022-09-22 01:28:35'),(2878,1,'en','plugins/ecommerce/order','payment_gateway','Payment gateway','2022-09-22 01:28:35','2022-09-22 01:28:35'),(2879,1,'en','plugins/ecommerce/order','transaction_amount','Transaction amount','2022-09-22 01:28:35','2022-09-22 01:28:35'),(2880,1,'en','plugins/ecommerce/order','resend','Resend','2022-09-22 01:28:35','2022-09-22 01:28:35'),(2881,1,'en','plugins/ecommerce/order','default_store','Default store','2022-09-22 01:28:35','2022-09-22 01:28:35'),(2882,1,'en','plugins/ecommerce/order','update_address','Update address','2022-09-22 01:28:35','2022-09-22 01:28:35'),(2883,1,'en','plugins/ecommerce/order','have_an_account_already','Have an account already','2022-09-22 01:28:35','2022-09-22 01:28:35'),(2884,1,'en','plugins/ecommerce/order','dont_have_an_account_yet','Don\'t have an account yet','2022-09-22 01:28:35','2022-09-22 01:28:35'),(2885,1,'en','plugins/ecommerce/order','mark_payment_as_confirmed','Mark <span>:method</span> as confirmed','2022-09-22 01:28:35','2022-09-22 01:28:35'),(2886,1,'en','plugins/ecommerce/order','resend_order_confirmation','Resend order confirmation','2022-09-22 01:28:35','2022-09-22 01:28:35'),(2887,1,'en','plugins/ecommerce/order','resend_order_confirmation_description','Confirmation email will be sent to <strong>:email</strong>?','2022-09-22 01:28:35','2022-09-22 01:28:35'),(2888,1,'en','plugins/ecommerce/order','send','Send','2022-09-22 01:28:35','2022-09-22 01:28:35'),(2889,1,'en','plugins/ecommerce/order','update','Update','2022-09-22 01:28:35','2022-09-22 01:28:35'),(2890,1,'en','plugins/ecommerce/order','cancel_shipping_confirmation','Cancel shipping confirmation?','2022-09-22 01:28:35','2022-09-22 01:28:35'),(2891,1,'en','plugins/ecommerce/order','cancel_shipping_confirmation_description','Cancel shipping confirmation?','2022-09-22 01:28:35','2022-09-22 01:28:35'),(2892,1,'en','plugins/ecommerce/order','cancel_order_confirmation','Cancel order confirmation?','2022-09-22 01:28:35','2022-09-22 01:28:35'),(2893,1,'en','plugins/ecommerce/order','cancel_order_confirmation_description','Are you sure you want to cancel this order? This action cannot rollback','2022-09-22 01:28:36','2022-09-22 01:28:36'),(2894,1,'en','plugins/ecommerce/order','return_order_confirmation','Return order confirmation?','2022-09-22 01:28:36','2022-09-22 01:28:36'),(2895,1,'en','plugins/ecommerce/order','return_order_confirmation_description','Are you sure you want to return this order? This action cannot rollback','2022-09-22 01:28:36','2022-09-22 01:28:36'),(2896,1,'en','plugins/ecommerce/order','confirm_payment_confirmation_description','Processed by <strong>:method</strong>. Did you receive payment outside the system? This payment won\'t be saved into system and cannot be refunded','2022-09-22 01:28:36','2022-09-22 01:28:36'),(2897,1,'en','plugins/ecommerce/order','save_note','Save note','2022-09-22 01:28:36','2022-09-22 01:28:36'),(2898,1,'en','plugins/ecommerce/order','order_note','Order note','2022-09-22 01:28:36','2022-09-22 01:28:36'),(2899,1,'en','plugins/ecommerce/order','order_note_placeholder','Note about order, ex: time or shipping instruction.','2022-09-22 01:28:36','2022-09-22 01:28:36'),(2900,1,'en','plugins/ecommerce/order','order_amount','Order amount','2022-09-22 01:28:36','2022-09-22 01:28:36'),(2901,1,'en','plugins/ecommerce/order','additional_information','Additional information','2022-09-22 01:28:36','2022-09-22 01:28:36'),(2902,1,'en','plugins/ecommerce/order','notice_about_incomplete_order','Notice about incomplete order','2022-09-22 01:28:36','2022-09-22 01:28:36'),(2903,1,'en','plugins/ecommerce/order','notice_about_incomplete_order_description','Remind email about uncompleted order will be send to <strong>:email</strong>?','2022-09-22 01:28:36','2022-09-22 01:28:36'),(2904,1,'en','plugins/ecommerce/order','incomplete_order_description_1','An incomplete order is when a potential customer places items in their shopping cart, and goes all the way through to the payment page, but then doesn\'t complete the transaction.','2022-09-22 01:28:36','2022-09-22 01:28:36'),(2905,1,'en','plugins/ecommerce/order','incomplete_order_description_2','If you have contacted customers and they want to continue buying, you can help them complete their order by following the link:','2022-09-22 01:28:36','2022-09-22 01:28:36'),(2906,1,'en','plugins/ecommerce/order','send_an_email_to_recover_this_order','Send an email to customer to recover this order','2022-09-22 01:28:36','2022-09-22 01:28:36'),(2907,1,'en','plugins/ecommerce/order','see_maps','See maps','2022-09-22 01:28:36','2022-09-22 01:28:36'),(2908,1,'en','plugins/ecommerce/order','one_or_more_products_dont_have_enough_quantity','One or more products don\'t have enough quantity!','2022-09-22 01:28:36','2022-09-22 01:28:36'),(2909,1,'en','plugins/ecommerce/order','cannot_send_order_recover_to_mail','The email could not be found so it can\'t send a recovery email to the customer.','2022-09-22 01:28:36','2022-09-22 01:28:36'),(2910,1,'en','plugins/ecommerce/order','payment_info','Payment Info','2022-09-22 01:28:36','2022-09-22 01:28:36'),(2911,1,'en','plugins/ecommerce/order','payment_method_refund_automatic','Your customer will be refunded using :method automatically.','2022-09-22 01:28:36','2022-09-22 01:28:36'),(2912,1,'en','plugins/ecommerce/order','order','Order','2022-09-22 01:28:36','2022-09-22 01:28:36'),(2913,1,'en','plugins/ecommerce/order','order_information','Order information','2022-09-22 01:28:36','2022-09-22 01:28:36'),(2914,1,'en','plugins/ecommerce/order','create_a_new_product','Create a new product','2022-09-22 01:28:36','2022-09-22 01:28:36'),(2915,1,'en','plugins/ecommerce/order','out_of_stock','Out of stock','2022-09-22 01:28:36','2022-09-22 01:28:36'),(2916,1,'en','plugins/ecommerce/order','products_available','product(s) available','2022-09-22 01:28:36','2022-09-22 01:28:36'),(2917,1,'en','plugins/ecommerce/order','no_products_found','No products found!','2022-09-22 01:28:36','2022-09-22 01:28:36'),(2918,1,'en','plugins/ecommerce/order','note','Note','2022-09-22 01:28:36','2022-09-22 01:28:36'),(2919,1,'en','plugins/ecommerce/order','note_for_order','Note for order...','2022-09-22 01:28:36','2022-09-22 01:28:36'),(2920,1,'en','plugins/ecommerce/order','amount','Amount','2022-09-22 01:28:36','2022-09-22 01:28:36'),(2921,1,'en','plugins/ecommerce/order','add_discount','Add discount','2022-09-22 01:28:36','2022-09-22 01:28:36'),(2922,1,'en','plugins/ecommerce/order','discount','Discount','2022-09-22 01:28:36','2022-09-22 01:28:36'),(2923,1,'en','plugins/ecommerce/order','add_shipping_fee','Add shipping fee','2022-09-22 01:28:36','2022-09-22 01:28:36'),(2924,1,'en','plugins/ecommerce/order','shipping','Shipping','2022-09-22 01:28:36','2022-09-22 01:28:36'),(2925,1,'en','plugins/ecommerce/order','total_amount','Total amount','2022-09-22 01:28:36','2022-09-22 01:28:36'),(2926,1,'en','plugins/ecommerce/order','confirm_payment_and_create_order','Confirm payment and create order','2022-09-22 01:28:36','2022-09-22 01:28:36'),(2927,1,'en','plugins/ecommerce/order','paid','Paid','2022-09-22 01:28:36','2022-09-22 01:28:36'),(2928,1,'en','plugins/ecommerce/order','pay_later','Pay later','2022-09-22 01:28:36','2022-09-22 01:28:36'),(2929,1,'en','plugins/ecommerce/order','customer_information','Customer information','2022-09-22 01:28:36','2022-09-22 01:28:36'),(2930,1,'en','plugins/ecommerce/order','create_new_customer','Create new customer','2022-09-22 01:28:36','2022-09-22 01:28:36'),(2931,1,'en','plugins/ecommerce/order','no_customer_found','No customer found!','2022-09-22 01:28:36','2022-09-22 01:28:36'),(2932,1,'en','plugins/ecommerce/order','customer','Customer','2022-09-22 01:28:36','2022-09-22 01:28:36'),(2933,1,'en','plugins/ecommerce/order','orders','order(s)','2022-09-22 01:28:36','2022-09-22 01:28:36'),(2934,1,'en','plugins/ecommerce/order','shipping_address','Shipping Address','2022-09-22 01:28:36','2022-09-22 01:28:36'),(2935,1,'en','plugins/ecommerce/order','billing_address','Billing Address','2022-09-22 01:28:36','2022-09-22 01:28:36'),(2936,1,'en','plugins/ecommerce/order','see_on_maps','See on maps','2022-09-22 01:28:36','2022-09-22 01:28:36'),(2937,1,'en','plugins/ecommerce/order','name','Name','2022-09-22 01:28:36','2022-09-22 01:28:36'),(2938,1,'en','plugins/ecommerce/order','price','Price','2022-09-22 01:28:36','2022-09-22 01:28:36'),(2939,1,'en','plugins/ecommerce/order','sku_optional','SKU (optional)','2022-09-22 01:28:36','2022-09-22 01:28:36'),(2940,1,'en','plugins/ecommerce/order','with_storehouse_management','With storehouse management?','2022-09-22 01:28:36','2022-09-22 01:28:36'),(2941,1,'en','plugins/ecommerce/order','quantity','Quantity','2022-09-22 01:28:36','2022-09-22 01:28:36'),(2942,1,'en','plugins/ecommerce/order','allow_customer_checkout_when_this_product_out_of_stock','Allow customer checkout when this product out of stock?','2022-09-22 01:28:36','2022-09-22 01:28:36'),(2943,1,'en','plugins/ecommerce/order','address','Address','2022-09-22 01:28:36','2022-09-22 01:28:36'),(2944,1,'en','plugins/ecommerce/order','phone','Phone','2022-09-22 01:28:36','2022-09-22 01:28:36'),(2945,1,'en','plugins/ecommerce/order','country','Country','2022-09-22 01:28:36','2022-09-22 01:28:36'),(2946,1,'en','plugins/ecommerce/order','state','State','2022-09-22 01:28:36','2022-09-22 01:28:36'),(2947,1,'en','plugins/ecommerce/order','city','City','2022-09-22 01:28:36','2022-09-22 01:28:36'),(2948,1,'en','plugins/ecommerce/order','zip_code','Zip code','2022-09-22 01:28:36','2022-09-22 01:28:36'),(2949,1,'en','plugins/ecommerce/order','discount_based_on','Discount based on','2022-09-22 01:28:36','2022-09-22 01:28:36'),(2950,1,'en','plugins/ecommerce/order','or_coupon_code','Or coupon code','2022-09-22 01:28:36','2022-09-22 01:28:36'),(2951,1,'en','plugins/ecommerce/order','description','Description','2022-09-22 01:28:36','2022-09-22 01:28:36'),(2952,1,'en','plugins/ecommerce/order','how_to_select_configured_shipping','How to select configured shipping?','2022-09-22 01:28:36','2022-09-22 01:28:36'),(2953,1,'en','plugins/ecommerce/order','please_add_customer_information_with_the_complete_shipping_address_to_see_the_configured_shipping_rates','Please add customer information with the complete shipping address to see the configured shipping rates','2022-09-22 01:28:36','2022-09-22 01:28:36'),(2954,1,'en','plugins/ecommerce/order','free_shipping','Free shipping','2022-09-22 01:28:36','2022-09-22 01:28:36'),(2955,1,'en','plugins/ecommerce/order','custom','Custom','2022-09-22 01:28:36','2022-09-22 01:28:36'),(2956,1,'en','plugins/ecommerce/order','email','Email','2022-09-22 01:28:36','2022-09-22 01:28:36'),(2957,1,'en','plugins/ecommerce/order','create_order','Create order','2022-09-22 01:28:36','2022-09-22 01:28:36'),(2958,1,'en','plugins/ecommerce/order','close','Close','2022-09-22 01:28:36','2022-09-22 01:28:36'),(2959,1,'en','plugins/ecommerce/order','confirm_payment_is_paid_for_this_order','Confirm payment is paid for this order','2022-09-22 01:28:36','2022-09-22 01:28:36'),(2960,1,'en','plugins/ecommerce/order','payment_status_of_the_order_is_paid_once_the_order_has_been_created_you_cannot_change_the_payment_method_or_status','Payment status of the order is Paid. Once the order has been created, you cannot change the payment method or status','2022-09-22 01:28:36','2022-09-22 01:28:36'),(2961,1,'en','plugins/ecommerce/order','select_payment_method','Select payment method','2022-09-22 01:28:36','2022-09-22 01:28:36'),(2962,1,'en','plugins/ecommerce/order','cash_on_delivery_cod','Cash on delivery (COD)','2022-09-22 01:28:36','2022-09-22 01:28:36'),(2963,1,'en','plugins/ecommerce/order','bank_transfer','Bank transfer','2022-09-22 01:28:36','2022-09-22 01:28:36'),(2964,1,'en','plugins/ecommerce/order','paid_amount','Paid amount','2022-09-22 01:28:36','2022-09-22 01:28:36'),(2965,1,'en','plugins/ecommerce/order','confirm_that_payment_for_this_order_will_be_paid_later','Confirm that payment for this order will be paid later','2022-09-22 01:28:36','2022-09-22 01:28:36'),(2966,1,'en','plugins/ecommerce/order','payment_status_of_the_order_is_pending_once_the_order_has_been_created_you_cannot_change_the_payment_method_or_status','Payment status of the order is Pending. Once the order has been created, you cannot change the payment method or status','2022-09-22 01:28:36','2022-09-22 01:28:36'),(2967,1,'en','plugins/ecommerce/order','pending_amount','Pending amount','2022-09-22 01:28:36','2022-09-22 01:28:36'),(2968,1,'en','plugins/ecommerce/order','update_email','Update email','2022-09-22 01:28:36','2022-09-22 01:28:36'),(2969,1,'en','plugins/ecommerce/order','save','Save','2022-09-22 01:28:36','2022-09-22 01:28:36'),(2970,1,'en','plugins/ecommerce/order','cancel','Cancel','2022-09-22 01:28:36','2022-09-22 01:28:36'),(2971,1,'en','plugins/ecommerce/order','create_a_new_order','Create a new order','2022-09-22 01:28:36','2022-09-22 01:28:36'),(2972,1,'en','plugins/ecommerce/order','search_or_create_new_product','Search or create a new product','2022-09-22 01:28:36','2022-09-22 01:28:36'),(2973,1,'en','plugins/ecommerce/order','search_or_create_new_customer','Search or create a new customer','2022-09-22 01:28:36','2022-09-22 01:28:36'),(2974,1,'en','plugins/ecommerce/order','discount_description','Discount description','2022-09-22 01:28:36','2022-09-22 01:28:36'),(2975,1,'en','plugins/ecommerce/order','cant_select_out_of_stock_product','Cannot select out of stock product!','2022-09-22 01:28:36','2022-09-22 01:28:36'),(2976,1,'en','plugins/ecommerce/order','referral','Referral','2022-09-22 01:28:36','2022-09-22 01:28:36'),(2977,1,'en','plugins/ecommerce/order','return_order_unique','Same :attribute already exists in a previous return request.','2022-09-22 01:28:36','2022-09-22 01:28:36'),(2978,1,'en','plugins/ecommerce/order','total_return_amount','Total return amount','2022-09-22 01:28:37','2022-09-22 01:28:37'),(2979,1,'en','plugins/ecommerce/order','change_return_order_status','Change return order status','2022-09-22 01:28:37','2022-09-22 01:28:37'),(2980,1,'en','plugins/ecommerce/order','return_reason','Return reason','2022-09-22 01:28:37','2022-09-22 01:28:37'),(2981,1,'en','plugins/ecommerce/order','referral_data.ip','IP','2022-09-22 01:28:37','2022-09-22 01:28:37'),(2982,1,'en','plugins/ecommerce/order','referral_data.landing_domain','Landing domain','2022-09-22 01:28:37','2022-09-22 01:28:37'),(2983,1,'en','plugins/ecommerce/order','referral_data.landing_page','Landing page','2022-09-22 01:28:37','2022-09-22 01:28:37'),(2984,1,'en','plugins/ecommerce/order','referral_data.landing_params','Landing params','2022-09-22 01:28:37','2022-09-22 01:28:37'),(2985,1,'en','plugins/ecommerce/order','referral_data.gclid','Gclid','2022-09-22 01:28:37','2022-09-22 01:28:37'),(2986,1,'en','plugins/ecommerce/order','referral_data.fclid','Fclid','2022-09-22 01:28:37','2022-09-22 01:28:37'),(2987,1,'en','plugins/ecommerce/order','referral_data.utm_source','UTM source','2022-09-22 01:28:37','2022-09-22 01:28:37'),(2988,1,'en','plugins/ecommerce/order','referral_data.utm_campaign','UTM campaign','2022-09-22 01:28:37','2022-09-22 01:28:37'),(2989,1,'en','plugins/ecommerce/order','referral_data.utm_medium','UTM medium','2022-09-22 01:28:37','2022-09-22 01:28:37'),(2990,1,'en','plugins/ecommerce/order','referral_data.utm_term','UTM term','2022-09-22 01:28:37','2022-09-22 01:28:37'),(2991,1,'en','plugins/ecommerce/order','referral_data.utm_content','UTM content','2022-09-22 01:28:37','2022-09-22 01:28:37'),(2992,1,'en','plugins/ecommerce/order','referral_data.referral','Referral','2022-09-22 01:28:37','2022-09-22 01:28:37'),(2993,1,'en','plugins/ecommerce/order','referral_data.referrer_url','Referral URL','2022-09-22 01:28:37','2022-09-22 01:28:37'),(2994,1,'en','plugins/ecommerce/order','referral_data.referrer_domain','Referral domain','2022-09-22 01:28:37','2022-09-22 01:28:37'),(2995,1,'en','plugins/ecommerce/order','order_address_types.shipping_address','Shipping address','2022-09-22 01:28:37','2022-09-22 01:28:37'),(2996,1,'en','plugins/ecommerce/order','order_address_types.billing_address','Billing address','2022-09-22 01:28:37','2022-09-22 01:28:37'),(2997,1,'en','plugins/ecommerce/order','order_return_reasons.damaged','Damaged product','2022-09-22 01:28:37','2022-09-22 01:28:37'),(2998,1,'en','plugins/ecommerce/order','order_return_reasons.defective','Defective','2022-09-22 01:28:37','2022-09-22 01:28:37'),(2999,1,'en','plugins/ecommerce/order','order_return_reasons.incorrect_item','Incorrect item','2022-09-22 01:28:37','2022-09-22 01:28:37'),(3000,1,'en','plugins/ecommerce/order','order_return_reasons.arrived_late','Arrived late','2022-09-22 01:28:37','2022-09-22 01:28:37'),(3001,1,'en','plugins/ecommerce/order','order_return_reasons.not_as_described','Not as described','2022-09-22 01:28:37','2022-09-22 01:28:37'),(3002,1,'en','plugins/ecommerce/order','order_return_reasons.no_longer_want','No longer want','2022-09-22 01:28:37','2022-09-22 01:28:37'),(3003,1,'en','plugins/ecommerce/order','order_return_reasons.other','Other','2022-09-22 01:28:37','2022-09-22 01:28:37'),(3004,1,'en','plugins/ecommerce/order','notices.update_return_order_status_error','Cannot update return order status! Maybe the return order status is not valid.','2022-09-22 01:28:37','2022-09-22 01:28:37'),(3005,1,'en','plugins/ecommerce/order','notices.update_return_order_status_success','Update return order status successfully!','2022-09-22 01:28:37','2022-09-22 01:28:37'),(3006,1,'en','plugins/ecommerce/order','order_return','Order returns','2022-09-22 01:28:37','2022-09-22 01:28:37'),(3007,1,'en','plugins/ecommerce/order','order_return_items_count','Product item(s)','2022-09-22 01:28:37','2022-09-22 01:28:37'),(3008,1,'en','plugins/ecommerce/payment','name','Payments','2022-09-22 01:28:37','2022-09-22 01:28:37'),(3009,1,'en','plugins/ecommerce/payment','payment_method','Payment methods','2022-09-22 01:28:37','2022-09-22 01:28:37'),(3010,1,'en','plugins/ecommerce/payment','view_payment','View payment #','2022-09-22 01:28:37','2022-09-22 01:28:37'),(3011,1,'en','plugins/ecommerce/payment','charge_id','Charge ID','2022-09-22 01:28:37','2022-09-22 01:28:37'),(3012,1,'en','plugins/ecommerce/payment','amount','Amount','2022-09-22 01:28:37','2022-09-22 01:28:37'),(3013,1,'en','plugins/ecommerce/payment','currency','Currency','2022-09-22 01:28:37','2022-09-22 01:28:37'),(3014,1,'en','plugins/ecommerce/payment','user','User','2022-09-22 01:28:37','2022-09-22 01:28:37'),(3015,1,'en','plugins/ecommerce/payment','paypal_name_required','PayPal\'s name is required!','2022-09-22 01:28:37','2022-09-22 01:28:37'),(3016,1,'en','plugins/ecommerce/payment','paypal_name_max','PayPal\'s name is too long!','2022-09-22 01:28:37','2022-09-22 01:28:37'),(3017,1,'en','plugins/ecommerce/payment','status','Status','2022-09-22 01:28:37','2022-09-22 01:28:37'),(3018,1,'en','plugins/ecommerce/payment','enabled','Enabled','2022-09-22 01:28:37','2022-09-22 01:28:37'),(3019,1,'en','plugins/ecommerce/payment','disabled','Disabled','2022-09-22 01:28:37','2022-09-22 01:28:37'),(3020,1,'en','plugins/ecommerce/payment','client_id','Client ID','2022-09-22 01:28:37','2022-09-22 01:28:37'),(3021,1,'en','plugins/ecommerce/payment','client_secret','Client Secret','2022-09-22 01:28:37','2022-09-22 01:28:37'),(3022,1,'en','plugins/ecommerce/payment','mode','Mode','2022-09-22 01:28:37','2022-09-22 01:28:37'),(3023,1,'en','plugins/ecommerce/payment','sandbox','Sandbox','2022-09-22 01:28:37','2022-09-22 01:28:37'),(3024,1,'en','plugins/ecommerce/payment','live','Live','2022-09-22 01:28:37','2022-09-22 01:28:37'),(3025,1,'en','plugins/ecommerce/payment','enable_payment_log','Enable Payment Log','2022-09-22 01:28:37','2022-09-22 01:28:37'),(3026,1,'en','plugins/ecommerce/payment','yes','Yes','2022-09-22 01:28:37','2022-09-22 01:28:37'),(3027,1,'en','plugins/ecommerce/payment','no','No','2022-09-22 01:28:37','2022-09-22 01:28:37'),(3028,1,'en','plugins/ecommerce/payment','client_key','Client Key','2022-09-22 01:28:37','2022-09-22 01:28:37'),(3029,1,'en','plugins/ecommerce/payment','paypal','PayPal','2022-09-22 01:28:37','2022-09-22 01:28:37'),(3030,1,'en','plugins/ecommerce/payment','action','Action','2022-09-22 01:28:37','2022-09-22 01:28:37'),(3031,1,'en','plugins/ecommerce/payment','go_back','Go back','2022-09-22 01:28:37','2022-09-22 01:28:37'),(3032,1,'en','plugins/ecommerce/payment','view','View','2022-09-22 01:28:37','2022-09-22 01:28:37'),(3033,1,'en','plugins/ecommerce/payment','cash_on_delivery','Cash on delivery (COD)','2022-09-22 01:28:38','2022-09-22 01:28:38'),(3034,1,'en','plugins/ecommerce/payment','via_bank_transfer','Via bank transfer','2022-09-22 01:28:38','2022-09-22 01:28:38'),(3035,1,'en','plugins/ecommerce/payment','payment_via_cart','Payment via card','2022-09-22 01:28:38','2022-09-22 01:28:38'),(3036,1,'en','plugins/ecommerce/payment','card_number','Card number','2022-09-22 01:28:38','2022-09-22 01:28:38'),(3037,1,'en','plugins/ecommerce/payment','full_name','Full name','2022-09-22 01:28:38','2022-09-22 01:28:38'),(3038,1,'en','plugins/ecommerce/payment','payment_via_paypal','Payment via PayPal','2022-09-22 01:28:38','2022-09-22 01:28:38'),(3039,1,'en','plugins/ecommerce/payment','mm_yy','MM/YY','2022-09-22 01:28:38','2022-09-22 01:28:38'),(3040,1,'en','plugins/ecommerce/payment','cvc','CVC','2022-09-22 01:28:38','2022-09-22 01:28:38'),(3041,1,'en','plugins/ecommerce/payment','details','Details','2022-09-22 01:28:38','2022-09-22 01:28:38'),(3042,1,'en','plugins/ecommerce/payment','payer_name','Payer Name','2022-09-22 01:28:38','2022-09-22 01:28:38'),(3043,1,'en','plugins/ecommerce/payment','email','Email','2022-09-22 01:28:38','2022-09-22 01:28:38'),(3044,1,'en','plugins/ecommerce/payment','phone','Phone','2022-09-22 01:28:38','2022-09-22 01:28:38'),(3045,1,'en','plugins/ecommerce/payment','country','Country','2022-09-22 01:28:38','2022-09-22 01:28:38'),(3046,1,'en','plugins/ecommerce/payment','shipping_address','Shipping Address','2022-09-22 01:28:38','2022-09-22 01:28:38'),(3047,1,'en','plugins/ecommerce/payment','payment_details','Payment Details','2022-09-22 01:28:38','2022-09-22 01:28:38'),(3048,1,'en','plugins/ecommerce/payment','card','Card','2022-09-22 01:28:38','2022-09-22 01:28:38'),(3049,1,'en','plugins/ecommerce/payment','address','Address','2022-09-22 01:28:38','2022-09-22 01:28:38'),(3050,1,'en','plugins/ecommerce/payment','new_payment','Payment for order :id','2022-09-22 01:28:38','2022-09-22 01:28:38'),(3051,1,'en','plugins/ecommerce/payment','payment_id','Payment ID','2022-09-22 01:28:38','2022-09-22 01:28:38'),(3052,1,'en','plugins/ecommerce/prices','name','Price','2022-09-22 01:28:38','2022-09-22 01:28:38'),(3053,1,'en','plugins/ecommerce/prices','create','New price','2022-09-22 01:28:38','2022-09-22 01:28:38'),(3054,1,'en','plugins/ecommerce/prices','edit','Edit price','2022-09-22 01:28:38','2022-09-22 01:28:38'),(3055,1,'en','plugins/ecommerce/prices','list','List price','2022-09-22 01:28:38','2022-09-22 01:28:38'),(3056,1,'en','plugins/ecommerce/product-attribute-sets','name','Product attribute sets','2022-09-22 01:28:38','2022-09-22 01:28:38'),(3057,1,'en','plugins/ecommerce/product-attribute-sets','create','New product attribute set','2022-09-22 01:28:38','2022-09-22 01:28:38'),(3058,1,'en','plugins/ecommerce/product-attribute-sets','edit','Edit product attribute set','2022-09-22 01:28:38','2022-09-22 01:28:38'),(3059,1,'en','plugins/ecommerce/product-attribute-sets','visible_in_categories','Visible in categories','2022-09-22 01:28:38','2022-09-22 01:28:38'),(3060,1,'en','plugins/ecommerce/product-attribute-sets','product_with_more_version','Product with more version','2022-09-22 01:28:38','2022-09-22 01:28:38'),(3061,1,'en','plugins/ecommerce/product-attribute-sets','create_a_version','Create a version','2022-09-22 01:28:38','2022-09-22 01:28:38'),(3062,1,'en','plugins/ecommerce/product-attribute-sets','enabled','Enabled','2022-09-22 01:28:38','2022-09-22 01:28:38'),(3063,1,'en','plugins/ecommerce/product-attribute-sets','attributes','Attributes','2022-09-22 01:28:38','2022-09-22 01:28:38'),(3064,1,'en','plugins/ecommerce/product-attribute-sets','price','Price','2022-09-22 01:28:38','2022-09-22 01:28:38'),(3065,1,'en','plugins/ecommerce/product-attribute-sets','edit_btn','Edit','2022-09-22 01:28:38','2022-09-22 01:28:38'),(3066,1,'en','plugins/ecommerce/product-attribute-sets','remove_btn','Remove','2022-09-22 01:28:38','2022-09-22 01:28:38'),(3067,1,'en','plugins/ecommerce/product-attribute-sets','product','Product','2022-09-22 01:28:38','2022-09-22 01:28:38'),(3068,1,'en','plugins/ecommerce/product-attribute-sets','back_to_product','Back to product','2022-09-22 01:28:38','2022-09-22 01:28:38'),(3069,1,'en','plugins/ecommerce/product-attribute-sets','save','Save','2022-09-22 01:28:38','2022-09-22 01:28:38'),(3070,1,'en','plugins/ecommerce/product-attribute-sets','other_existing_versions','Other existing versions','2022-09-22 01:28:38','2022-09-22 01:28:38'),(3071,1,'en','plugins/ecommerce/product-attribute-sets','version_information','Version information','2022-09-22 01:28:38','2022-09-22 01:28:38'),(3072,1,'en','plugins/ecommerce/product-attribute-sets','add_rule','Add rule','2022-09-22 01:28:38','2022-09-22 01:28:38'),(3073,1,'en','plugins/ecommerce/product-attribute-sets','rules','Rules','2022-09-22 01:28:38','2022-09-22 01:28:38'),(3074,1,'en','plugins/ecommerce/product-attribute-sets','pricing','Pricing','2022-09-22 01:28:39','2022-09-22 01:28:39'),(3075,1,'en','plugins/ecommerce/product-attribute-sets','sale_price','Sale price','2022-09-22 01:28:39','2022-09-22 01:28:39'),(3076,1,'en','plugins/ecommerce/product-attribute-sets','sale_type','Sale type','2022-09-22 01:28:39','2022-09-22 01:28:39'),(3077,1,'en','plugins/ecommerce/product-attribute-sets','no_sale_price','No sale price','2022-09-22 01:28:39','2022-09-22 01:28:39'),(3078,1,'en','plugins/ecommerce/product-attribute-sets','always_on_sale','Always on sale','2022-09-22 01:28:39','2022-09-22 01:28:39'),(3079,1,'en','plugins/ecommerce/product-attribute-sets','limited_time','Limited time','2022-09-22 01:28:39','2022-09-22 01:28:39'),(3080,1,'en','plugins/ecommerce/product-attribute-sets','from','From','2022-09-22 01:28:39','2022-09-22 01:28:39'),(3081,1,'en','plugins/ecommerce/product-attribute-sets','to','To','2022-09-22 01:28:39','2022-09-22 01:28:39'),(3082,1,'en','plugins/ecommerce/product-attribute-sets','storehouse','Storehouse','2022-09-22 01:28:39','2022-09-22 01:28:39'),(3083,1,'en','plugins/ecommerce/product-attribute-sets','no_storehouse_management','No storehouse management','2022-09-22 01:28:39','2022-09-22 01:28:39'),(3084,1,'en','plugins/ecommerce/product-attribute-sets','with_storehouse_management','With storehouse management','2022-09-22 01:28:39','2022-09-22 01:28:39'),(3085,1,'en','plugins/ecommerce/product-attribute-sets','quantity','Quantity','2022-09-22 01:28:39','2022-09-22 01:28:39'),(3086,1,'en','plugins/ecommerce/product-attribute-sets','allow_customer_checkout_out_of_stock','Allow customer checkout when this product out of stock','2022-09-22 01:28:39','2022-09-22 01:28:39'),(3087,1,'en','plugins/ecommerce/product-attribute-sets','shipping','Shipping','2022-09-22 01:28:39','2022-09-22 01:28:39'),(3088,1,'en','plugins/ecommerce/product-attribute-sets','length','Length','2022-09-22 01:28:39','2022-09-22 01:28:39'),(3089,1,'en','plugins/ecommerce/product-attribute-sets','wide','Wide','2022-09-22 01:28:39','2022-09-22 01:28:39'),(3090,1,'en','plugins/ecommerce/product-attribute-sets','height','Height','2022-09-22 01:28:39','2022-09-22 01:28:39'),(3091,1,'en','plugins/ecommerce/product-attribute-sets','weight','Weight','2022-09-22 01:28:39','2022-09-22 01:28:39'),(3092,1,'en','plugins/ecommerce/product-attribute-sets','version_images','Version images','2022-09-22 01:28:39','2022-09-22 01:28:39'),(3093,1,'en','plugins/ecommerce/product-attribute-sets','add_new_image','Add new image','2022-09-22 01:28:40','2022-09-22 01:28:40'),(3094,1,'en','plugins/ecommerce/product-attribute-sets','attribute_set','Attribute set','2022-09-22 01:28:40','2022-09-22 01:28:40'),(3095,1,'en','plugins/ecommerce/product-attribute-sets','value','Value','2022-09-22 01:28:40','2022-09-22 01:28:40'),(3096,1,'en','plugins/ecommerce/product-attribute-sets','dropdown_swatch','Dropdown Swatch','2022-09-22 01:28:40','2022-09-22 01:28:40'),(3097,1,'en','plugins/ecommerce/product-attribute-sets','visual_swatch','Visual Swatch','2022-09-22 01:28:40','2022-09-22 01:28:40'),(3098,1,'en','plugins/ecommerce/product-attribute-sets','text_swatch','Text Swatch','2022-09-22 01:28:40','2022-09-22 01:28:40'),(3099,1,'en','plugins/ecommerce/product-attribute-sets','display_layout','Display Layout','2022-09-22 01:28:40','2022-09-22 01:28:40'),(3100,1,'en','plugins/ecommerce/product-attribute-sets','searchable','Searchable','2022-09-22 01:28:40','2022-09-22 01:28:40'),(3101,1,'en','plugins/ecommerce/product-attribute-sets','comparable','Comparable','2022-09-22 01:28:40','2022-09-22 01:28:40'),(3102,1,'en','plugins/ecommerce/product-attribute-sets','use_in_product_listing','Used in product listing','2022-09-22 01:28:40','2022-09-22 01:28:40'),(3103,1,'en','plugins/ecommerce/product-attribute-sets','attributes_list','Attributes list','2022-09-22 01:28:40','2022-09-22 01:28:40'),(3104,1,'en','plugins/ecommerce/product-attribute-sets','is_default','Is default?','2022-09-22 01:28:40','2022-09-22 01:28:40'),(3105,1,'en','plugins/ecommerce/product-attribute-sets','title','Title','2022-09-22 01:28:40','2022-09-22 01:28:40'),(3106,1,'en','plugins/ecommerce/product-attribute-sets','slug','Slug','2022-09-22 01:28:40','2022-09-22 01:28:40'),(3107,1,'en','plugins/ecommerce/product-attribute-sets','color','Color','2022-09-22 01:28:40','2022-09-22 01:28:40'),(3108,1,'en','plugins/ecommerce/product-attribute-sets','image','Image','2022-09-22 01:28:40','2022-09-22 01:28:40'),(3109,1,'en','plugins/ecommerce/product-attribute-sets','remove','Remove','2022-09-22 01:28:40','2022-09-22 01:28:40'),(3110,1,'en','plugins/ecommerce/product-attribute-sets','add_new_attribute','Add new attribute','2022-09-22 01:28:40','2022-09-22 01:28:40'),(3111,1,'en','plugins/ecommerce/product-attribute-sets','use_image_from_product_variation','Use image from product variation (for Visual Swatch only)','2022-09-22 01:28:40','2022-09-22 01:28:40'),(3112,1,'en','plugins/ecommerce/product-attributes','name','Product attributes','2022-09-22 01:28:40','2022-09-22 01:28:40'),(3113,1,'en','plugins/ecommerce/product-attributes','create','New product attribute','2022-09-22 01:28:40','2022-09-22 01:28:40'),(3114,1,'en','plugins/ecommerce/product-attributes','edit','Edit product attribute','2022-09-22 01:28:40','2022-09-22 01:28:40'),(3115,1,'en','plugins/ecommerce/product-attributes','intro.title','Manage product attributes','2022-09-22 01:28:40','2022-09-22 01:28:40'),(3116,1,'en','plugins/ecommerce/product-attributes','intro.description','Product attribute such as color, width, height ...','2022-09-22 01:28:40','2022-09-22 01:28:40'),(3117,1,'en','plugins/ecommerce/product-attributes','intro.button_text','Create product attribute','2022-09-22 01:28:40','2022-09-22 01:28:40'),(3118,1,'en','plugins/ecommerce/product-categories','name','Product categories','2022-09-22 01:28:40','2022-09-22 01:28:40'),(3119,1,'en','plugins/ecommerce/product-categories','create','Create new product category','2022-09-22 01:28:40','2022-09-22 01:28:40'),(3120,1,'en','plugins/ecommerce/product-categories','edit','Edit product category','2022-09-22 01:28:40','2022-09-22 01:28:40'),(3121,1,'en','plugins/ecommerce/product-categories','list','List product categories','2022-09-22 01:28:40','2022-09-22 01:28:40'),(3122,1,'en','plugins/ecommerce/product-categories','none','None','2022-09-22 01:28:40','2022-09-22 01:28:40'),(3123,1,'en','plugins/ecommerce/product-categories','menu','Product categories','2022-09-22 01:28:40','2022-09-22 01:28:40'),(3124,1,'en','plugins/ecommerce/product-categories','intro.title','Manage product categories','2022-09-22 01:28:40','2022-09-22 01:28:40'),(3125,1,'en','plugins/ecommerce/product-categories','intro.description','Such as clothes, shoes, bags, jewelry ...','2022-09-22 01:28:40','2022-09-22 01:28:40'),(3126,1,'en','plugins/ecommerce/product-categories','intro.button_text','Create product category','2022-09-22 01:28:40','2022-09-22 01:28:40'),(3127,1,'en','plugins/ecommerce/product-categories','total_products','Total products: :total','2022-09-22 01:28:40','2022-09-22 01:28:40'),(3128,1,'en','plugins/ecommerce/product-collections','name','Product collections','2022-09-22 01:28:40','2022-09-22 01:28:40'),(3129,1,'en','plugins/ecommerce/product-collections','create','New product collection','2022-09-22 01:28:40','2022-09-22 01:28:40'),(3130,1,'en','plugins/ecommerce/product-collections','edit','Edit product collection','2022-09-22 01:28:40','2022-09-22 01:28:40'),(3131,1,'en','plugins/ecommerce/product-collections','slug_help_block','Label key: <code>:slug</code>. We will use this key for filter.','2022-09-22 01:28:40','2022-09-22 01:28:40'),(3132,1,'en','plugins/ecommerce/product-collections','intro.title','Manage product collections','2022-09-22 01:28:40','2022-09-22 01:28:40'),(3133,1,'en','plugins/ecommerce/product-collections','intro.description','Group your products into collections to make it easier for customers to find them by category.','2022-09-22 01:28:40','2022-09-22 01:28:40'),(3134,1,'en','plugins/ecommerce/product-collections','intro.button_text','Create product collection','2022-09-22 01:28:40','2022-09-22 01:28:40'),(3135,1,'en','plugins/ecommerce/product-label','name','Product labels','2022-09-22 01:28:40','2022-09-22 01:28:40'),(3136,1,'en','plugins/ecommerce/product-label','create','New product label','2022-09-22 01:28:41','2022-09-22 01:28:41'),(3137,1,'en','plugins/ecommerce/product-label','edit','Edit product label','2022-09-22 01:28:41','2022-09-22 01:28:41'),(3138,1,'en','plugins/ecommerce/product-label','color','Color','2022-09-22 01:28:41','2022-09-22 01:28:41'),(3139,1,'en','plugins/ecommerce/product-label','color_placeholder','Example: #f0f0f0','2022-09-22 01:28:41','2022-09-22 01:28:41'),(3140,1,'en','plugins/ecommerce/product-tag','name','Product tags','2022-09-22 01:28:41','2022-09-22 01:28:41'),(3141,1,'en','plugins/ecommerce/product-tag','create','New product tag','2022-09-22 01:28:41','2022-09-22 01:28:41'),(3142,1,'en','plugins/ecommerce/product-tag','edit','Edit product tag','2022-09-22 01:28:41','2022-09-22 01:28:41'),(3143,1,'en','plugins/ecommerce/products','name','Products','2022-09-22 01:28:41','2022-09-22 01:28:41'),(3144,1,'en','plugins/ecommerce/products','create','New product','2022-09-22 01:28:41','2022-09-22 01:28:41'),(3145,1,'en','plugins/ecommerce/products','create_product_type.physical','New physical product','2022-09-22 01:28:41','2022-09-22 01:28:41'),(3146,1,'en','plugins/ecommerce/products','create_product_type.digital','New digital product','2022-09-22 01:28:41','2022-09-22 01:28:41'),(3147,1,'en','plugins/ecommerce/products','edit','Edit product - :name','2022-09-22 01:28:41','2022-09-22 01:28:41'),(3148,1,'en','plugins/ecommerce/products','form.name','Name','2022-09-22 01:28:41','2022-09-22 01:28:41'),(3149,1,'en','plugins/ecommerce/products','form.name_placeholder','Product\'s name (Maximum 120 characters)','2022-09-22 01:28:41','2022-09-22 01:28:41'),(3150,1,'en','plugins/ecommerce/products','form.description','Description','2022-09-22 01:28:41','2022-09-22 01:28:41'),(3151,1,'en','plugins/ecommerce/products','form.description_placeholder','Short description for product (Maximum 400 characters)','2022-09-22 01:28:41','2022-09-22 01:28:41'),(3152,1,'en','plugins/ecommerce/products','form.categories','Categories','2022-09-22 01:28:41','2022-09-22 01:28:41'),(3153,1,'en','plugins/ecommerce/products','form.content','Content','2022-09-22 01:28:41','2022-09-22 01:28:41'),(3154,1,'en','plugins/ecommerce/products','form.price','Price','2022-09-22 01:28:41','2022-09-22 01:28:41'),(3155,1,'en','plugins/ecommerce/products','form.quantity','Quantity','2022-09-22 01:28:41','2022-09-22 01:28:41'),(3156,1,'en','plugins/ecommerce/products','form.brand','Brand','2022-09-22 01:28:41','2022-09-22 01:28:41'),(3157,1,'en','plugins/ecommerce/products','form.width','Width','2022-09-22 01:28:41','2022-09-22 01:28:41'),(3158,1,'en','plugins/ecommerce/products','form.height','Height','2022-09-22 01:28:41','2022-09-22 01:28:41'),(3159,1,'en','plugins/ecommerce/products','form.weight','Weight','2022-09-22 01:28:41','2022-09-22 01:28:41'),(3160,1,'en','plugins/ecommerce/products','form.date.end','From date','2022-09-22 01:28:41','2022-09-22 01:28:41'),(3161,1,'en','plugins/ecommerce/products','form.date.start','To date','2022-09-22 01:28:41','2022-09-22 01:28:41'),(3162,1,'en','plugins/ecommerce/products','form.image','Images','2022-09-22 01:28:41','2022-09-22 01:28:41'),(3163,1,'en','plugins/ecommerce/products','form.collections','Product collections','2022-09-22 01:28:41','2022-09-22 01:28:41'),(3164,1,'en','plugins/ecommerce/products','form.labels','Labels','2022-09-22 01:28:41','2022-09-22 01:28:41'),(3165,1,'en','plugins/ecommerce/products','form.price_sale','Price sale','2022-09-22 01:28:41','2022-09-22 01:28:41'),(3166,1,'en','plugins/ecommerce/products','form.product_type.title','Product type','2022-09-22 01:28:41','2022-09-22 01:28:41'),(3167,1,'en','plugins/ecommerce/products','form.product','Product','2022-09-22 01:28:41','2022-09-22 01:28:41'),(3168,1,'en','plugins/ecommerce/products','form.total','Total','2022-09-22 01:28:41','2022-09-22 01:28:41'),(3169,1,'en','plugins/ecommerce/products','form.sub_total','Subtotal','2022-09-22 01:28:41','2022-09-22 01:28:41'),(3170,1,'en','plugins/ecommerce/products','form.shipping_fee','Shipping fee','2022-09-22 01:28:41','2022-09-22 01:28:41'),(3171,1,'en','plugins/ecommerce/products','form.discount','Discount','2022-09-22 01:28:41','2022-09-22 01:28:41'),(3172,1,'en','plugins/ecommerce/products','form.options','Options','2022-09-22 01:28:41','2022-09-22 01:28:41'),(3173,1,'en','plugins/ecommerce/products','form.shipping.height','Height','2022-09-22 01:28:41','2022-09-22 01:28:41'),(3174,1,'en','plugins/ecommerce/products','form.shipping.length','Length','2022-09-22 01:28:41','2022-09-22 01:28:41'),(3175,1,'en','plugins/ecommerce/products','form.shipping.title','Shipping','2022-09-22 01:28:41','2022-09-22 01:28:41'),(3176,1,'en','plugins/ecommerce/products','form.shipping.weight','Weight','2022-09-22 01:28:41','2022-09-22 01:28:41'),(3177,1,'en','plugins/ecommerce/products','form.shipping.wide','Wide','2022-09-22 01:28:41','2022-09-22 01:28:41'),(3178,1,'en','plugins/ecommerce/products','form.stock.allow_order_when_out','Allow customer checkout when this product out of stock','2022-09-22 01:28:41','2022-09-22 01:28:41'),(3179,1,'en','plugins/ecommerce/products','form.stock.in_stock','In stock','2022-09-22 01:28:41','2022-09-22 01:28:41'),(3180,1,'en','plugins/ecommerce/products','form.stock.out_stock','Out stock','2022-09-22 01:28:41','2022-09-22 01:28:41'),(3181,1,'en','plugins/ecommerce/products','form.stock.title','Stock status','2022-09-22 01:28:41','2022-09-22 01:28:41'),(3182,1,'en','plugins/ecommerce/products','form.storehouse.no_storehouse','No storehouse management','2022-09-22 01:28:41','2022-09-22 01:28:41'),(3183,1,'en','plugins/ecommerce/products','form.storehouse.storehouse','With storehouse management','2022-09-22 01:28:41','2022-09-22 01:28:41'),(3184,1,'en','plugins/ecommerce/products','form.storehouse.title','Storehouse','2022-09-22 01:28:41','2022-09-22 01:28:41'),(3185,1,'en','plugins/ecommerce/products','form.storehouse.quantity','Quantity','2022-09-22 01:28:41','2022-09-22 01:28:41'),(3186,1,'en','plugins/ecommerce/products','form.tax','Tax','2022-09-22 01:28:41','2022-09-22 01:28:41'),(3187,1,'en','plugins/ecommerce/products','form.is_default','Is default','2022-09-22 01:28:41','2022-09-22 01:28:41'),(3188,1,'en','plugins/ecommerce/products','form.action','Action','2022-09-22 01:28:41','2022-09-22 01:28:41'),(3189,1,'en','plugins/ecommerce/products','form.restock_quantity','Restock quantity','2022-09-22 01:28:41','2022-09-22 01:28:41'),(3190,1,'en','plugins/ecommerce/products','form.remain','Remain','2022-09-22 01:28:41','2022-09-22 01:28:41'),(3191,1,'en','plugins/ecommerce/products','form.choose_discount_period','Choose Discount Period','2022-09-22 01:28:41','2022-09-22 01:28:41'),(3192,1,'en','plugins/ecommerce/products','form.cancel','Cancel','2022-09-22 01:28:41','2022-09-22 01:28:41'),(3193,1,'en','plugins/ecommerce/products','form.no_results','No results!','2022-09-22 01:28:41','2022-09-22 01:28:41'),(3194,1,'en','plugins/ecommerce/products','form.value','Value','2022-09-22 01:28:41','2022-09-22 01:28:41'),(3195,1,'en','plugins/ecommerce/products','form.attribute_name','Attribute name','2022-09-22 01:28:41','2022-09-22 01:28:41'),(3196,1,'en','plugins/ecommerce/products','form.add_more_attribute','Add more attribute','2022-09-22 01:28:41','2022-09-22 01:28:41'),(3197,1,'en','plugins/ecommerce/products','form.continue','Continue','2022-09-22 01:28:41','2022-09-22 01:28:41'),(3198,1,'en','plugins/ecommerce/products','form.add_new_attributes','Add new attributes','2022-09-22 01:28:41','2022-09-22 01:28:41'),(3199,1,'en','plugins/ecommerce/products','form.add_new_attributes_description','Adding new attributes helps the product to have many options, such as size or color.','2022-09-22 01:28:41','2022-09-22 01:28:41'),(3200,1,'en','plugins/ecommerce/products','form.create_product_variations',':link to create product variations!','2022-09-22 01:28:41','2022-09-22 01:28:41'),(3201,1,'en','plugins/ecommerce/products','form.tags','Tags','2022-09-22 01:28:41','2022-09-22 01:28:41'),(3202,1,'en','plugins/ecommerce/products','form.write_some_tags','Write some tags','2022-09-22 01:28:41','2022-09-22 01:28:41'),(3203,1,'en','plugins/ecommerce/products','form.variation_existed','This variation is existed.','2022-09-22 01:28:41','2022-09-22 01:28:41'),(3204,1,'en','plugins/ecommerce/products','form.no_attributes_selected','No attributes selected!','2022-09-22 01:28:41','2022-09-22 01:28:41'),(3205,1,'en','plugins/ecommerce/products','form.added_variation_success','Added variation successfully!','2022-09-22 01:28:41','2022-09-22 01:28:41'),(3206,1,'en','plugins/ecommerce/products','form.updated_variation_success','Updated variation successfully!','2022-09-22 01:28:41','2022-09-22 01:28:41'),(3207,1,'en','plugins/ecommerce/products','form.created_all_variation_success','Created all variations successfully!','2022-09-22 01:28:41','2022-09-22 01:28:41'),(3208,1,'en','plugins/ecommerce/products','form.updated_product_attributes_success','Updated product attributes successfully!','2022-09-22 01:28:41','2022-09-22 01:28:41'),(3209,1,'en','plugins/ecommerce/products','form.stock_status','Stock status','2022-09-22 01:28:41','2022-09-22 01:28:41'),(3210,1,'en','plugins/ecommerce/products','form.auto_generate_sku','Auto generate SKU?','2022-09-22 01:28:41','2022-09-22 01:28:41'),(3211,1,'en','plugins/ecommerce/products','form.featured_image','Featured image (optional)','2022-09-22 01:28:41','2022-09-22 01:28:41'),(3212,1,'en','plugins/ecommerce/products','form.product_id','Product ID','2022-09-22 01:28:41','2022-09-22 01:28:41'),(3213,1,'en','plugins/ecommerce/products','price','Price','2022-09-22 01:28:41','2022-09-22 01:28:41'),(3214,1,'en','plugins/ecommerce/products','quantity','Quantity','2022-09-22 01:28:41','2022-09-22 01:28:41'),(3215,1,'en','plugins/ecommerce/products','type','Type','2022-09-22 01:28:41','2022-09-22 01:28:41'),(3216,1,'en','plugins/ecommerce/products','image','Thumbnail','2022-09-22 01:28:41','2022-09-22 01:28:41'),(3217,1,'en','plugins/ecommerce/products','sku','SKU','2022-09-22 01:28:41','2022-09-22 01:28:41'),(3218,1,'en','plugins/ecommerce/products','variation_sku','Variation SKU','2022-09-22 01:28:41','2022-09-22 01:28:41'),(3219,1,'en','plugins/ecommerce/products','brand','Brand','2022-09-22 01:28:41','2022-09-22 01:28:41'),(3220,1,'en','plugins/ecommerce/products','cannot_delete','Product could not be deleted','2022-09-22 01:28:41','2022-09-22 01:28:41'),(3221,1,'en','plugins/ecommerce/products','product_deleted','Product deleted','2022-09-22 01:28:41','2022-09-22 01:28:41'),(3222,1,'en','plugins/ecommerce/products','product_collections','Product collections','2022-09-22 01:28:41','2022-09-22 01:28:41'),(3223,1,'en','plugins/ecommerce/products','products','Products','2022-09-22 01:28:41','2022-09-22 01:28:41'),(3224,1,'en','plugins/ecommerce/products','menu','Products','2022-09-22 01:28:41','2022-09-22 01:28:41'),(3225,1,'en','plugins/ecommerce/products','control.button_add_image','Add image','2022-09-22 01:28:41','2022-09-22 01:28:41'),(3226,1,'en','plugins/ecommerce/products','price_sale','Sale price','2022-09-22 01:28:41','2022-09-22 01:28:41'),(3227,1,'en','plugins/ecommerce/products','price_group_title','Manager product price','2022-09-22 01:28:41','2022-09-22 01:28:41'),(3228,1,'en','plugins/ecommerce/products','store_house_group_title','Manager store house','2022-09-22 01:28:41','2022-09-22 01:28:41'),(3229,1,'en','plugins/ecommerce/products','shipping_group_title','Manager shipping','2022-09-22 01:28:41','2022-09-22 01:28:41'),(3230,1,'en','plugins/ecommerce/products','overview','Overview','2022-09-22 01:28:41','2022-09-22 01:28:41'),(3231,1,'en','plugins/ecommerce/products','attributes','Attributes','2022-09-22 01:28:41','2022-09-22 01:28:41'),(3232,1,'en','plugins/ecommerce/products','product_has_variations','Product has variations','2022-09-22 01:28:42','2022-09-22 01:28:42'),(3233,1,'en','plugins/ecommerce/products','manage_products','Manage products','2022-09-22 01:28:42','2022-09-22 01:28:42'),(3234,1,'en','plugins/ecommerce/products','add_new_product','Add a new product','2022-09-22 01:28:42','2022-09-22 01:28:42'),(3235,1,'en','plugins/ecommerce/products','start_by_adding_new_product','Start by adding new products.','2022-09-22 01:28:42','2022-09-22 01:28:42'),(3236,1,'en','plugins/ecommerce/products','edit_this_product','Edit this product','2022-09-22 01:28:42','2022-09-22 01:28:42'),(3237,1,'en','plugins/ecommerce/products','delete','Delete','2022-09-22 01:28:42','2022-09-22 01:28:42'),(3238,1,'en','plugins/ecommerce/products','related_products','Related products','2022-09-22 01:28:42','2022-09-22 01:28:42'),(3239,1,'en','plugins/ecommerce/products','cross_selling_products','Cross-selling products','2022-09-22 01:28:42','2022-09-22 01:28:42'),(3240,1,'en','plugins/ecommerce/products','up_selling_products','Up-selling products','2022-09-22 01:28:42','2022-09-22 01:28:42'),(3241,1,'en','plugins/ecommerce/products','grouped_products','Grouped products','2022-09-22 01:28:42','2022-09-22 01:28:42'),(3242,1,'en','plugins/ecommerce/products','search_products','Search products','2022-09-22 01:28:42','2022-09-22 01:28:42'),(3243,1,'en','plugins/ecommerce/products','selected_products','Selected products','2022-09-22 01:28:42','2022-09-22 01:28:42'),(3244,1,'en','plugins/ecommerce/products','edit_variation_item','Edit','2022-09-22 01:28:42','2022-09-22 01:28:42'),(3245,1,'en','plugins/ecommerce/products','variations_box_description','Click on \"Edit attribute\" to add/remove attributes of variation or click on \"Add new variation\" to add variation.','2022-09-22 01:28:42','2022-09-22 01:28:42'),(3246,1,'en','plugins/ecommerce/products','save_changes','Save changes','2022-09-22 01:28:42','2022-09-22 01:28:42'),(3247,1,'en','plugins/ecommerce/products','continue','Continue','2022-09-22 01:28:42','2022-09-22 01:28:42'),(3248,1,'en','plugins/ecommerce/products','edit_attribute','Edit attribute','2022-09-22 01:28:42','2022-09-22 01:28:42'),(3249,1,'en','plugins/ecommerce/products','select_attribute','Select attribute','2022-09-22 01:28:42','2022-09-22 01:28:42'),(3250,1,'en','plugins/ecommerce/products','add_new_variation','Add new variation','2022-09-22 01:28:42','2022-09-22 01:28:42'),(3251,1,'en','plugins/ecommerce/products','edit_variation','Edit variation','2022-09-22 01:28:42','2022-09-22 01:28:42'),(3252,1,'en','plugins/ecommerce/products','generate_all_variations','Generate all variations','2022-09-22 01:28:42','2022-09-22 01:28:42'),(3253,1,'en','plugins/ecommerce/products','generate_all_variations_confirmation','Are you sure you want to generate all variations for this product?','2022-09-22 01:28:42','2022-09-22 01:28:42'),(3254,1,'en','plugins/ecommerce/products','delete_variation','Delete variation?','2022-09-22 01:28:42','2022-09-22 01:28:42'),(3255,1,'en','plugins/ecommerce/products','delete_variation_confirmation','Are you sure you want to delete this variation? This action cannot be undo.','2022-09-22 01:28:42','2022-09-22 01:28:42'),(3256,1,'en','plugins/ecommerce/products','delete_variations_confirmation','Are you sure you want to delete those variations? This action cannot be undo.','2022-09-22 01:28:42','2022-09-22 01:28:42'),(3257,1,'en','plugins/ecommerce/products','product_create_validate_name_required','Please enter product\'s name','2022-09-22 01:28:42','2022-09-22 01:28:42'),(3258,1,'en','plugins/ecommerce/products','product_create_validate_sale_price_max','The discount must be less than the original price','2022-09-22 01:28:42','2022-09-22 01:28:42'),(3259,1,'en','plugins/ecommerce/products','product_create_validate_sale_price_required_if','Must enter a discount when you want to schedule a promotion','2022-09-22 01:28:42','2022-09-22 01:28:42'),(3260,1,'en','plugins/ecommerce/products','product_create_validate_end_date_after','End date must be after start date','2022-09-22 01:28:42','2022-09-22 01:28:42'),(3261,1,'en','plugins/ecommerce/products','product_create_validate_start_date_required_if','Discount start date cannot be left blank when scheduling is selected','2022-09-22 01:28:42','2022-09-22 01:28:42'),(3262,1,'en','plugins/ecommerce/products','product_create_validate_sale_price','Discounts cannot be left blank when scheduling is selected','2022-09-22 01:28:42','2022-09-22 01:28:42'),(3263,1,'en','plugins/ecommerce/products','stock_statuses.in_stock','In stock','2022-09-22 01:28:42','2022-09-22 01:28:42'),(3264,1,'en','plugins/ecommerce/products','stock_statuses.out_of_stock','Out of stock','2022-09-22 01:28:42','2022-09-22 01:28:42'),(3265,1,'en','plugins/ecommerce/products','stock_statuses.on_backorder','On backorder','2022-09-22 01:28:42','2022-09-22 01:28:42'),(3266,1,'en','plugins/ecommerce/products','stock_status','Stock status','2022-09-22 01:28:42','2022-09-22 01:28:42'),(3267,1,'en','plugins/ecommerce/products','processing','Processing...','2022-09-22 01:28:42','2022-09-22 01:28:42'),(3268,1,'en','plugins/ecommerce/products','delete_selected_variations','Delete selected variations','2022-09-22 01:28:42','2022-09-22 01:28:42'),(3269,1,'en','plugins/ecommerce/products','delete_variations','Delete variations','2022-09-22 01:28:42','2022-09-22 01:28:42'),(3270,1,'en','plugins/ecommerce/products','category','Category','2022-09-22 01:28:42','2022-09-22 01:28:42'),(3271,1,'en','plugins/ecommerce/products','product_price_flash_sale_warning','This product is in flash sale <strong>:name</strong> so its price is <strong>:price</strong>.','2022-09-22 01:28:42','2022-09-22 01:28:42'),(3272,1,'en','plugins/ecommerce/products','product_price_discount_warning','This product is in discount <strong>:name</strong> so its price is <strong>:price</strong>.','2022-09-22 01:28:42','2022-09-22 01:28:42'),(3273,1,'en','plugins/ecommerce/products','product_image','Product image','2022-09-22 01:28:42','2022-09-22 01:28:42'),(3274,1,'en','plugins/ecommerce/products','product_name','Product name','2022-09-22 01:28:42','2022-09-22 01:28:42'),(3275,1,'en','plugins/ecommerce/products','types.physical','Physical','2022-09-22 01:28:42','2022-09-22 01:28:42'),(3276,1,'en','plugins/ecommerce/products','types.digital','Digital','2022-09-22 01:28:42','2022-09-22 01:28:42'),(3277,1,'en','plugins/ecommerce/products','digital_attachments.title','Digital attachments','2022-09-22 01:28:42','2022-09-22 01:28:42'),(3278,1,'en','plugins/ecommerce/products','digital_attachments.add','Add Attachment','2022-09-22 01:28:42','2022-09-22 01:28:42'),(3279,1,'en','plugins/ecommerce/products','digital_attachments.file_name','File name','2022-09-22 01:28:42','2022-09-22 01:28:42'),(3280,1,'en','plugins/ecommerce/products','digital_attachments.file_size','File size','2022-09-22 01:28:42','2022-09-22 01:28:42'),(3281,1,'en','plugins/ecommerce/products','digital_attachments.unsaved','Unsaved','2022-09-22 01:28:42','2022-09-22 01:28:42'),(3282,1,'en','plugins/ecommerce/reports','name','Report','2022-09-22 01:28:42','2022-09-22 01:28:42'),(3283,1,'en','plugins/ecommerce/reports','widget.order.title','Orders','2022-09-22 01:28:42','2022-09-22 01:28:42'),(3284,1,'en','plugins/ecommerce/reports','count.revenue','Today revenue','2022-09-22 01:28:42','2022-09-22 01:28:42'),(3285,1,'en','plugins/ecommerce/reports','count.orders','Today orders','2022-09-22 01:28:42','2022-09-22 01:28:42'),(3286,1,'en','plugins/ecommerce/reports','count.products','Total products','2022-09-22 01:28:42','2022-09-22 01:28:42'),(3287,1,'en','plugins/ecommerce/reports','count.customers','Total customers','2022-09-22 01:28:42','2022-09-22 01:28:42'),(3288,1,'en','plugins/ecommerce/reports','product_name','Product name','2022-09-22 01:28:42','2022-09-22 01:28:42'),(3289,1,'en','plugins/ecommerce/reports','quantity','Quantity','2022-09-22 01:28:42','2022-09-22 01:28:42'),(3290,1,'en','plugins/ecommerce/reports','revenue_statistics','Revenue statistics','2022-09-22 01:28:42','2022-09-22 01:28:42'),(3291,1,'en','plugins/ecommerce/reports','top_selling_products','Top Selling Products','2022-09-22 01:28:42','2022-09-22 01:28:42'),(3292,1,'en','plugins/ecommerce/reports','ranges.today','Today','2022-09-22 01:28:42','2022-09-22 01:28:42'),(3293,1,'en','plugins/ecommerce/reports','ranges.this_week','This week','2022-09-22 01:28:42','2022-09-22 01:28:42'),(3294,1,'en','plugins/ecommerce/reports','ranges.last_7_days','Last 7 days','2022-09-22 01:28:42','2022-09-22 01:28:42'),(3295,1,'en','plugins/ecommerce/reports','ranges.last_30_days','Last 30 days','2022-09-22 01:28:42','2022-09-22 01:28:42'),(3296,1,'en','plugins/ecommerce/reports','ranges.this_month','This month','2022-09-22 01:28:42','2022-09-22 01:28:42'),(3297,1,'en','plugins/ecommerce/reports','ranges.this_year','This year','2022-09-22 01:28:42','2022-09-22 01:28:42'),(3298,1,'en','plugins/ecommerce/reports','revenue_this_month','Revenue this month','2022-09-22 01:28:42','2022-09-22 01:28:42'),(3299,1,'en','plugins/ecommerce/reports','order_processing_this_month','order(s) processing in this month','2022-09-22 01:28:42','2022-09-22 01:28:42'),(3300,1,'en','plugins/ecommerce/reports','order_completed_this_month','order(s) completed in this month','2022-09-22 01:28:42','2022-09-22 01:28:42'),(3301,1,'en','plugins/ecommerce/reports','product_will_be_out_of_stock','product(s) will be out of stock soon','2022-09-22 01:28:43','2022-09-22 01:28:43'),(3302,1,'en','plugins/ecommerce/reports','product_out_of_stock','product(s) out of stock','2022-09-22 01:28:43','2022-09-22 01:28:43'),(3303,1,'en','plugins/ecommerce/reports','sales_reports','Sales Reports','2022-09-22 01:28:43','2022-09-22 01:28:43'),(3304,1,'en','plugins/ecommerce/reports','total_earnings','Total Earnings','2022-09-22 01:28:43','2022-09-22 01:28:43'),(3305,1,'en','plugins/ecommerce/reports','recent_orders','Recent Orders','2022-09-22 01:28:43','2022-09-22 01:28:43'),(3306,1,'en','plugins/ecommerce/reports','statistics','Statistics','2022-09-22 01:28:43','2022-09-22 01:28:43'),(3307,1,'en','plugins/ecommerce/reports','items_earning_sales','Items Earning Sales: :value','2022-09-22 01:28:43','2022-09-22 01:28:43'),(3308,1,'en','plugins/ecommerce/reports','revenue','Revenue','2022-09-22 01:28:43','2022-09-22 01:28:43'),(3309,1,'en','plugins/ecommerce/reports','orders','Orders','2022-09-22 01:28:43','2022-09-22 01:28:43'),(3310,1,'en','plugins/ecommerce/reports','products','Products','2022-09-22 01:28:43','2022-09-22 01:28:43'),(3311,1,'en','plugins/ecommerce/reports','customers','Customers','2022-09-22 01:28:43','2022-09-22 01:28:43'),(3312,1,'en','plugins/ecommerce/reports','earnings','Earnings','2022-09-22 01:28:43','2022-09-22 01:28:43'),(3313,1,'en','plugins/ecommerce/reports','date_range_format_value','From :from to :to','2022-09-22 01:28:43','2022-09-22 01:28:43'),(3314,1,'en','plugins/ecommerce/reports','select_range','Select Range','2022-09-22 01:28:43','2022-09-22 01:28:43'),(3315,1,'en','plugins/ecommerce/review','name','Reviews','2022-09-22 01:28:43','2022-09-22 01:28:43'),(3316,1,'en','plugins/ecommerce/review','add_review','Add review','2022-09-22 01:28:43','2022-09-22 01:28:43'),(3317,1,'en','plugins/ecommerce/review','delete_review','Delete review','2022-09-22 01:28:43','2022-09-22 01:28:43'),(3318,1,'en','plugins/ecommerce/review','create_review','Create Review','2022-09-22 01:28:43','2022-09-22 01:28:43'),(3319,1,'en','plugins/ecommerce/review','please_select_rating','Please select rating','2022-09-22 01:28:43','2022-09-22 01:28:43'),(3320,1,'en','plugins/ecommerce/review','comment','Comment','2022-09-22 01:28:43','2022-09-22 01:28:43'),(3321,1,'en','plugins/ecommerce/review','approve','Approve','2022-09-22 01:28:43','2022-09-22 01:28:43'),(3322,1,'en','plugins/ecommerce/review','approved','Approved','2022-09-22 01:28:43','2022-09-22 01:28:43'),(3323,1,'en','plugins/ecommerce/review','disapprove','Disapprove','2022-09-22 01:28:43','2022-09-22 01:28:43'),(3324,1,'en','plugins/ecommerce/review','disapproved','Disapproved','2022-09-22 01:28:43','2022-09-22 01:28:43'),(3325,1,'en','plugins/ecommerce/review','product','Product','2022-09-22 01:28:43','2022-09-22 01:28:43'),(3326,1,'en','plugins/ecommerce/review','user','User','2022-09-22 01:28:43','2022-09-22 01:28:43'),(3327,1,'en','plugins/ecommerce/review','star','Star','2022-09-22 01:28:43','2022-09-22 01:28:43'),(3328,1,'en','plugins/ecommerce/review','status','Status','2022-09-22 01:28:43','2022-09-22 01:28:43'),(3329,1,'en','plugins/ecommerce/review','list_review','Customer reviews','2022-09-22 01:28:43','2022-09-22 01:28:43'),(3330,1,'en','plugins/ecommerce/review','intro.title','Manage customer reviews','2022-09-22 01:28:43','2022-09-22 01:28:43'),(3331,1,'en','plugins/ecommerce/review','intro.description','Customer reviews will be shown here and you can manage it to show/hide in product detail page.','2022-09-22 01:28:43','2022-09-22 01:28:43'),(3332,1,'en','plugins/ecommerce/review','images','Images','2022-09-22 01:28:43','2022-09-22 01:28:43'),(3333,1,'en','plugins/ecommerce/shipping','name','Shipping Rules','2022-09-22 01:28:43','2022-09-22 01:28:43'),(3334,1,'en','plugins/ecommerce/shipping','shipping','Shipping','2022-09-22 01:28:43','2022-09-22 01:28:43'),(3335,1,'en','plugins/ecommerce/shipping','title','Title','2022-09-22 01:28:43','2022-09-22 01:28:43'),(3336,1,'en','plugins/ecommerce/shipping','amount','Amount','2022-09-22 01:28:43','2022-09-22 01:28:43'),(3337,1,'en','plugins/ecommerce/shipping','enable','Enable','2022-09-22 01:28:43','2022-09-22 01:28:43'),(3338,1,'en','plugins/ecommerce/shipping','enabled','Enabled','2022-09-22 01:28:43','2022-09-22 01:28:43'),(3339,1,'en','plugins/ecommerce/shipping','disable','Disable','2022-09-22 01:28:43','2022-09-22 01:28:43'),(3340,1,'en','plugins/ecommerce/shipping','disabled','Disabled','2022-09-22 01:28:43','2022-09-22 01:28:43'),(3341,1,'en','plugins/ecommerce/shipping','create_shipping','Create a shipping','2022-09-22 01:28:43','2022-09-22 01:28:43'),(3342,1,'en','plugins/ecommerce/shipping','edit_shipping','Edit shipping :code','2022-09-22 01:28:43','2022-09-22 01:28:43'),(3343,1,'en','plugins/ecommerce/shipping','status','Status','2022-09-22 01:28:43','2022-09-22 01:28:43'),(3344,1,'en','plugins/ecommerce/shipping','shipping_methods','Shipping methods','2022-09-22 01:28:43','2022-09-22 01:28:43'),(3345,1,'en','plugins/ecommerce/shipping','create_shipping_method','Create shipping method','2022-09-22 01:28:43','2022-09-22 01:28:43'),(3346,1,'en','plugins/ecommerce/shipping','edit_shipping_method','Edit shipping method','2022-09-22 01:28:43','2022-09-22 01:28:43'),(3347,1,'en','plugins/ecommerce/shipping','add_shipping_region','Add shipping region','2022-09-22 01:28:43','2022-09-22 01:28:43'),(3348,1,'en','plugins/ecommerce/shipping','country','Country','2022-09-22 01:28:43','2022-09-22 01:28:43'),(3349,1,'en','plugins/ecommerce/shipping','state','State','2022-09-22 01:28:43','2022-09-22 01:28:43'),(3350,1,'en','plugins/ecommerce/shipping','city','City','2022-09-22 01:28:43','2022-09-22 01:28:43'),(3351,1,'en','plugins/ecommerce/shipping','address','Address','2022-09-22 01:28:43','2022-09-22 01:28:43'),(3352,1,'en','plugins/ecommerce/shipping','phone','Phone','2022-09-22 01:28:43','2022-09-22 01:28:43'),(3353,1,'en','plugins/ecommerce/shipping','email','Email','2022-09-22 01:28:43','2022-09-22 01:28:43'),(3354,1,'en','plugins/ecommerce/shipping','zip_code','Zip code','2022-09-22 01:28:43','2022-09-22 01:28:43'),(3355,1,'en','plugins/ecommerce/shipping','methods.default','Default','2022-09-22 01:28:43','2022-09-22 01:28:43'),(3356,1,'en','plugins/ecommerce/shipping','statuses.not_approved','Not approved','2022-09-22 01:28:43','2022-09-22 01:28:43'),(3357,1,'en','plugins/ecommerce/shipping','statuses.approved','Approved','2022-09-22 01:28:43','2022-09-22 01:28:43'),(3358,1,'en','plugins/ecommerce/shipping','statuses.pending','Pending','2022-09-22 01:28:43','2022-09-22 01:28:43'),(3359,1,'en','plugins/ecommerce/shipping','statuses.arrange_shipment','Arrange shipment','2022-09-22 01:28:43','2022-09-22 01:28:43'),(3360,1,'en','plugins/ecommerce/shipping','statuses.ready_to_be_shipped_out','Ready to be shipped out','2022-09-22 01:28:43','2022-09-22 01:28:43'),(3361,1,'en','plugins/ecommerce/shipping','statuses.picking','Picking','2022-09-22 01:28:43','2022-09-22 01:28:43'),(3362,1,'en','plugins/ecommerce/shipping','statuses.delay_picking','Delay picking','2022-09-22 01:28:43','2022-09-22 01:28:43'),(3363,1,'en','plugins/ecommerce/shipping','statuses.picked','Picked','2022-09-22 01:28:43','2022-09-22 01:28:43'),(3364,1,'en','plugins/ecommerce/shipping','statuses.not_picked','Not picked','2022-09-22 01:28:43','2022-09-22 01:28:43'),(3365,1,'en','plugins/ecommerce/shipping','statuses.delivering','Delivering','2022-09-22 01:28:43','2022-09-22 01:28:43'),(3366,1,'en','plugins/ecommerce/shipping','statuses.delivered','Delivered','2022-09-22 01:28:43','2022-09-22 01:28:43'),(3367,1,'en','plugins/ecommerce/shipping','statuses.not_delivered','Not delivered','2022-09-22 01:28:43','2022-09-22 01:28:43'),(3368,1,'en','plugins/ecommerce/shipping','statuses.audited','Audited','2022-09-22 01:28:43','2022-09-22 01:28:43'),(3369,1,'en','plugins/ecommerce/shipping','statuses.canceled','Canceled','2022-09-22 01:28:44','2022-09-22 01:28:44'),(3370,1,'en','plugins/ecommerce/shipping','cod_statuses.pending','Pending','2022-09-22 01:28:44','2022-09-22 01:28:44'),(3371,1,'en','plugins/ecommerce/shipping','cod_statuses.completed','Completed','2022-09-22 01:28:44','2022-09-22 01:28:44'),(3372,1,'en','plugins/ecommerce/shipping','delete','Delete','2022-09-22 01:28:44','2022-09-22 01:28:44'),(3373,1,'en','plugins/ecommerce/shipping','shipping_rules','Shipping Rules','2022-09-22 01:28:44','2022-09-22 01:28:44'),(3374,1,'en','plugins/ecommerce/shipping','shipping_rules_description','Rules to calculate shipping fee.','2022-09-22 01:28:44','2022-09-22 01:28:44'),(3375,1,'en','plugins/ecommerce/shipping','select_country','Select country','2022-09-22 01:28:44','2022-09-22 01:28:44'),(3376,1,'en','plugins/ecommerce/shipping','add_shipping_rule','Add shipping rule','2022-09-22 01:28:44','2022-09-22 01:28:44'),(3377,1,'en','plugins/ecommerce/shipping','delete_shipping_rate','Delete shipping rate for area','2022-09-22 01:28:44','2022-09-22 01:28:44'),(3378,1,'en','plugins/ecommerce/shipping','delete_shipping_rate_confirmation','Are you sure you want to delete <strong class=\"region-price-item-label\"></strong> from this shipping area?','2022-09-22 01:28:44','2022-09-22 01:28:44'),(3379,1,'en','plugins/ecommerce/shipping','delete_shipping_area','Delete shipping area','2022-09-22 01:28:44','2022-09-22 01:28:44'),(3380,1,'en','plugins/ecommerce/shipping','delete_shipping_area_confirmation','Are you sure you want to delete shipping area <strong class=\"region-item-label\"></strong>?','2022-09-22 01:28:44','2022-09-22 01:28:44'),(3381,1,'en','plugins/ecommerce/shipping','add_shipping_fee_for_area','Add shipping fee for area','2022-09-22 01:28:44','2022-09-22 01:28:44'),(3382,1,'en','plugins/ecommerce/shipping','confirm','Confirm','2022-09-22 01:28:44','2022-09-22 01:28:44'),(3383,1,'en','plugins/ecommerce/shipping','save','Save','2022-09-22 01:28:44','2022-09-22 01:28:44'),(3384,1,'en','plugins/ecommerce/shipping','greater_than','Greater than','2022-09-22 01:28:44','2022-09-22 01:28:44'),(3385,1,'en','plugins/ecommerce/shipping','type','Type','2022-09-22 01:28:44','2022-09-22 01:28:44'),(3386,1,'en','plugins/ecommerce/shipping','shipping_rule_name','Name of shipping rule','2022-09-22 01:28:44','2022-09-22 01:28:44'),(3387,1,'en','plugins/ecommerce/shipping','shipping_fee','Shipping fee','2022-09-22 01:28:44','2022-09-22 01:28:44'),(3388,1,'en','plugins/ecommerce/shipping','cancel','Cancel','2022-09-22 01:28:44','2022-09-22 01:28:44'),(3389,1,'en','plugins/ecommerce/shipping','base_on_weight','Based on product\'s weight (:unit)','2022-09-22 01:28:44','2022-09-22 01:28:44'),(3390,1,'en','plugins/ecommerce/shipping','base_on_price','Based on product\'s price','2022-09-22 01:28:44','2022-09-22 01:28:44'),(3391,1,'en','plugins/ecommerce/shipping','shipment_canceled','Shipment was canceled','2022-09-22 01:28:44','2022-09-22 01:28:44'),(3392,1,'en','plugins/ecommerce/shipping','at','At','2022-09-22 01:28:44','2022-09-22 01:28:44'),(3393,1,'en','plugins/ecommerce/shipping','cash_on_delivery','Cash on delivery (COD)','2022-09-22 01:28:44','2022-09-22 01:28:44'),(3394,1,'en','plugins/ecommerce/shipping','update_shipping_status','Update shipping status','2022-09-22 01:28:44','2022-09-22 01:28:44'),(3395,1,'en','plugins/ecommerce/shipping','update_cod_status','Update COD status','2022-09-22 01:28:44','2022-09-22 01:28:44'),(3396,1,'en','plugins/ecommerce/shipping','history','History','2022-09-22 01:28:44','2022-09-22 01:28:44'),(3397,1,'en','plugins/ecommerce/shipping','shipment_information','Shipment information','2022-09-22 01:28:44','2022-09-22 01:28:44'),(3398,1,'en','plugins/ecommerce/shipping','order_number','Order number','2022-09-22 01:28:44','2022-09-22 01:28:44'),(3399,1,'en','plugins/ecommerce/shipping','shipping_method','Shipping method','2022-09-22 01:28:44','2022-09-22 01:28:44'),(3400,1,'en','plugins/ecommerce/shipping','select_shipping_method','Select shipping method','2022-09-22 01:28:44','2022-09-22 01:28:44'),(3401,1,'en','plugins/ecommerce/shipping','cod_status','COD status','2022-09-22 01:28:44','2022-09-22 01:28:44'),(3402,1,'en','plugins/ecommerce/shipping','shipping_status','Shipping status','2022-09-22 01:28:44','2022-09-22 01:28:44'),(3403,1,'en','plugins/ecommerce/shipping','customer_information','Customer information','2022-09-22 01:28:44','2022-09-22 01:28:44'),(3404,1,'en','plugins/ecommerce/shipping','sku','SKU','2022-09-22 01:28:44','2022-09-22 01:28:44'),(3405,1,'en','plugins/ecommerce/shipping','change_status_confirm_title','Confirm <span class=\"shipment-status-label\"></span> ?','2022-09-22 01:28:44','2022-09-22 01:28:44'),(3406,1,'en','plugins/ecommerce/shipping','change_status_confirm_description','Are you sure you want to confirm <span class=\"shipment-status-label\"></span> for this shipment?','2022-09-22 01:28:44','2022-09-22 01:28:44'),(3407,1,'en','plugins/ecommerce/shipping','accept','Accept','2022-09-22 01:28:44','2022-09-22 01:28:44'),(3408,1,'en','plugins/ecommerce/shipping','weight_unit','Weight (:unit)','2022-09-22 01:28:44','2022-09-22 01:28:44'),(3409,1,'en','plugins/ecommerce/shipping','updated_at','Last Update','2022-09-22 01:28:44','2022-09-22 01:28:44'),(3410,1,'en','plugins/ecommerce/shipping','cod_amount','Cash on delivery amount (COD)','2022-09-22 01:28:44','2022-09-22 01:28:44'),(3411,1,'en','plugins/ecommerce/shipping','cancel_shipping','Cancel shipping','2022-09-22 01:28:44','2022-09-22 01:28:44'),(3412,1,'en','plugins/ecommerce/shipping','shipping_address','Shipping address','2022-09-22 01:28:44','2022-09-22 01:28:44'),(3413,1,'en','plugins/ecommerce/shipping','packages','Packages','2022-09-22 01:28:44','2022-09-22 01:28:44'),(3414,1,'en','plugins/ecommerce/shipping','edit','Edit','2022-09-22 01:28:44','2022-09-22 01:28:44'),(3415,1,'en','plugins/ecommerce/shipping','fee','Fee','2022-09-22 01:28:44','2022-09-22 01:28:44'),(3416,1,'en','plugins/ecommerce/shipping','note','Note','2022-09-22 01:28:44','2022-09-22 01:28:44'),(3417,1,'en','plugins/ecommerce/shipping','finish','Finish','2022-09-22 01:28:44','2022-09-22 01:28:44'),(3418,1,'en','plugins/ecommerce/shipping','shipping_fee_cod','Shipping fee/COD','2022-09-22 01:28:44','2022-09-22 01:28:44'),(3419,1,'en','plugins/ecommerce/shipping','send_confirmation_email_to_customer','Send confirmation email to customer','2022-09-22 01:28:44','2022-09-22 01:28:44'),(3420,1,'en','plugins/ecommerce/shipping','form_name','Name','2022-09-22 01:28:44','2022-09-22 01:28:44'),(3421,1,'en','plugins/ecommerce/shipping','changed_shipping_status','Changed status of shipping to: :status. Updated by: %user_name%','2022-09-22 01:28:45','2022-09-22 01:28:45'),(3422,1,'en','plugins/ecommerce/shipping','order_confirmed_by','Order confirmed by %user_name%','2022-09-22 01:28:45','2022-09-22 01:28:45'),(3423,1,'en','plugins/ecommerce/shipping','shipping_canceled_by','Shipping is cancelled by %user_name%','2022-09-22 01:28:45','2022-09-22 01:28:45'),(3424,1,'en','plugins/ecommerce/shipping','update_shipping_status_success','Update shipping status successfully!','2022-09-22 01:28:45','2022-09-22 01:28:45'),(3425,1,'en','plugins/ecommerce/shipping','update_cod_status_success','Updated COD status of shipping successfully!','2022-09-22 01:28:45','2022-09-22 01:28:45'),(3426,1,'en','plugins/ecommerce/shipping','updated_cod_status_by','Updated COD status to :status . Updated by: %user_name%','2022-09-22 01:28:45','2022-09-22 01:28:45'),(3427,1,'en','plugins/ecommerce/shipping','all','All','2022-09-22 01:28:45','2022-09-22 01:28:45'),(3428,1,'en','plugins/ecommerce/shipping','error_when_adding_new_region','There is an error when adding new region!','2022-09-22 01:28:45','2022-09-22 01:28:45'),(3429,1,'en','plugins/ecommerce/shipping','delivery','Delivery','2022-09-22 01:28:45','2022-09-22 01:28:45'),(3430,1,'en','plugins/ecommerce/shipping','adjustment_price_of','Adjustment price of :key','2022-09-22 01:28:45','2022-09-22 01:28:45'),(3431,1,'en','plugins/ecommerce/shipping','warehouse','Warehouse','2022-09-22 01:28:45','2022-09-22 01:28:45'),(3432,1,'en','plugins/ecommerce/shipping','delivery_note','Delivery note','2022-09-22 01:28:45','2022-09-22 01:28:45'),(3433,1,'en','plugins/ecommerce/shipping','shipments','Shipments','2022-09-22 01:28:45','2022-09-22 01:28:45'),(3434,1,'en','plugins/ecommerce/shipping','order_id','Order ID','2022-09-22 01:28:45','2022-09-22 01:28:45'),(3435,1,'en','plugins/ecommerce/shipping','not_available','Not available','2022-09-22 01:28:45','2022-09-22 01:28:45'),(3436,1,'en','plugins/ecommerce/shipping','shipping_amount','Shipping Amount','2022-09-22 01:28:45','2022-09-22 01:28:45'),(3437,1,'en','plugins/ecommerce/shipping','additional_shipment_information','Additional shipment information','2022-09-22 01:28:45','2022-09-22 01:28:45'),(3438,1,'en','plugins/ecommerce/shipping','shipping_company_name','Shipping Company Name','2022-09-22 01:28:45','2022-09-22 01:28:45'),(3439,1,'en','plugins/ecommerce/shipping','tracking_id','Tracking ID','2022-09-22 01:28:45','2022-09-22 01:28:45'),(3440,1,'en','plugins/ecommerce/shipping','tracking_link','Tracking Link','2022-09-22 01:28:45','2022-09-22 01:28:45'),(3441,1,'en','plugins/ecommerce/shipping','estimate_date_shipped','Estimate Date Shipped','2022-09-22 01:28:45','2022-09-22 01:28:45'),(3442,1,'en','plugins/ecommerce/shipping','date_shipped','Date Shipped','2022-09-22 01:28:45','2022-09-22 01:28:45'),(3443,1,'en','plugins/ecommerce/shipping','add_note','Add note...','2022-09-22 01:28:45','2022-09-22 01:28:45'),(3444,1,'en','plugins/ecommerce/shipping','view_order','View Order :order_id','2022-09-22 01:28:45','2022-09-22 01:28:45'),(3445,1,'en','plugins/ecommerce/store-locator','name','Store locators','2022-09-22 01:28:45','2022-09-22 01:28:45'),(3446,1,'en','plugins/ecommerce/store-locator','description','This address will appear on your invoice and will be used to calculate your shipping price.','2022-09-22 01:28:46','2022-09-22 01:28:46'),(3447,1,'en','plugins/ecommerce/store-locator','shop_name','Shop name','2022-09-22 01:28:46','2022-09-22 01:28:46'),(3448,1,'en','plugins/ecommerce/store-locator','phone','Phone','2022-09-22 01:28:46','2022-09-22 01:28:46'),(3449,1,'en','plugins/ecommerce/store-locator','email','Email','2022-09-22 01:28:46','2022-09-22 01:28:46'),(3450,1,'en','plugins/ecommerce/store-locator','state','State','2022-09-22 01:28:46','2022-09-22 01:28:46'),(3451,1,'en','plugins/ecommerce/store-locator','city','City','2022-09-22 01:28:46','2022-09-22 01:28:46'),(3452,1,'en','plugins/ecommerce/store-locator','country','Country','2022-09-22 01:28:46','2022-09-22 01:28:46'),(3453,1,'en','plugins/ecommerce/store-locator','address','Address','2022-09-22 01:28:46','2022-09-22 01:28:46'),(3454,1,'en','plugins/ecommerce/store-locator','primary_store_is','Primary store is','2022-09-22 01:28:46','2022-09-22 01:28:46'),(3455,1,'en','plugins/ecommerce/store-locator','store_name','Store name','2022-09-22 01:28:46','2022-09-22 01:28:46'),(3456,1,'en','plugins/ecommerce/store-locator','select_country','Select country...','2022-09-22 01:28:46','2022-09-22 01:28:46'),(3457,1,'en','plugins/ecommerce/store-locator','default_shipping_location','Default shipping location','2022-09-22 01:28:46','2022-09-22 01:28:46'),(3458,1,'en','plugins/ecommerce/store-locator','default_store','Default store','2022-09-22 01:28:46','2022-09-22 01:28:46'),(3459,1,'en','plugins/ecommerce/tax','name','Taxes','2022-09-22 01:28:46','2022-09-22 01:28:46'),(3460,1,'en','plugins/ecommerce/tax','create','Create a tax','2022-09-22 01:28:46','2022-09-22 01:28:46'),(3461,1,'en','plugins/ecommerce/tax','edit','Edit tax :title','2022-09-22 01:28:47','2022-09-22 01:28:47'),(3462,1,'en','plugins/ecommerce/tax','title','Title','2022-09-22 01:28:47','2022-09-22 01:28:47'),(3463,1,'en','plugins/ecommerce/tax','percentage','Percentage %','2022-09-22 01:28:47','2022-09-22 01:28:47'),(3464,1,'en','plugins/ecommerce/tax','priority','Priority','2022-09-22 01:28:48','2022-09-22 01:28:48'),(3465,1,'en','plugins/ecommerce/tax','select_tax','-- select --','2022-09-22 01:28:48','2022-09-22 01:28:48'),(3466,1,'vi','plugins/ecommerce/brands','name','Thương hiệu','2022-09-22 01:28:49','2022-09-22 01:28:49'),(3467,1,'vi','plugins/ecommerce/brands','create','Thêm thương hiệu mới','2022-09-22 01:28:49','2022-09-22 01:28:49'),(3468,1,'vi','plugins/ecommerce/brands','edit','Sửa thương hiệu','2022-09-22 01:28:49','2022-09-22 01:28:49'),(3469,1,'vi','plugins/ecommerce/brands','form.name','Tên','2022-09-22 01:28:49','2022-09-22 01:28:49'),(3470,1,'vi','plugins/ecommerce/brands','form.name_placeholder','Tên thương hiệu (tối đa 255 kí tự)','2022-09-22 01:28:49','2022-09-22 01:28:49'),(3471,1,'vi','plugins/ecommerce/brands','form.description','Mô tả','2022-09-22 01:28:49','2022-09-22 01:28:49'),(3472,1,'vi','plugins/ecommerce/brands','form.description_placeholder','Mô tả ngắn cho thương hiệu này (tối đa 400 kí tự)','2022-09-22 01:28:49','2022-09-22 01:28:49'),(3473,1,'vi','plugins/ecommerce/brands','form.website','Website','2022-09-22 01:28:49','2022-09-22 01:28:49'),(3474,1,'vi','plugins/ecommerce/brands','form.logo','Logo','2022-09-22 01:28:49','2022-09-22 01:28:49'),(3475,1,'vi','plugins/ecommerce/brands','form.is_featured','Nổi bật?','2022-09-22 01:28:49','2022-09-22 01:28:49'),(3476,1,'vi','plugins/ecommerce/brands','logo','Logo','2022-09-22 01:28:50','2022-09-22 01:28:50'),(3477,1,'vi','plugins/ecommerce/brands','website','Website','2022-09-22 01:28:50','2022-09-22 01:28:50'),(3478,1,'vi','plugins/ecommerce/brands','notices.no_select','Không có bản ghi nào được chọn!','2022-09-22 01:28:50','2022-09-22 01:28:50'),(3479,1,'vi','plugins/ecommerce/brands','notices.update_success_message','Cập nhật thành công','2022-09-22 01:28:50','2022-09-22 01:28:50'),(3480,1,'vi','plugins/ecommerce/brands','cannot_delete','Xoá không thành công','2022-09-22 01:28:50','2022-09-22 01:28:50'),(3481,1,'vi','plugins/ecommerce/brands','brand_deleted','Xoá thương hiệu thành công','2022-09-22 01:28:50','2022-09-22 01:28:50'),(3482,1,'vi','plugins/ecommerce/brands','menu','Thương hiệu','2022-09-22 01:28:51','2022-09-22 01:28:51'),(3483,1,'vi','plugins/ecommerce/brands','intro.title','Quản lý danh sách thương hiệu','2022-09-22 01:28:51','2022-09-22 01:28:51'),(3484,1,'vi','plugins/ecommerce/brands','intro.description','Các thương hiệu của sản phẩm như Nike, Adidas, Bitis ...','2022-09-22 01:28:51','2022-09-22 01:28:51'),(3485,1,'vi','plugins/ecommerce/brands','intro.button_text','Tạo thương hiệu','2022-09-22 01:28:51','2022-09-22 01:28:51'),(3486,1,'vi','plugins/ecommerce/brands','no_brand','Không có thương hiệu','2022-09-22 01:28:51','2022-09-22 01:28:51'),(3487,1,'vi','plugins/ecommerce/currencies','name','Tiền tệ','2022-09-22 01:28:52','2022-09-22 01:28:52'),(3488,1,'vi','plugins/ecommerce/currencies','create','Thêm loại tiền tệ mới','2022-09-22 01:28:52','2022-09-22 01:28:52'),(3489,1,'vi','plugins/ecommerce/currencies','edit','Sửa tiền tệ','2022-09-22 01:28:52','2022-09-22 01:28:52'),(3490,1,'vi','plugins/ecommerce/currencies','list','Danh sách tiền tệ','2022-09-22 01:28:52','2022-09-22 01:28:52'),(3491,1,'vi','plugins/ecommerce/currencies','tables.title','Tên','2022-09-22 01:28:52','2022-09-22 01:28:52'),(3492,1,'vi','plugins/ecommerce/currencies','tables.code','Mã','2022-09-22 01:28:52','2022-09-22 01:28:52'),(3493,1,'vi','plugins/ecommerce/currencies','tables.symbol','Kí hiệu','2022-09-22 01:28:52','2022-09-22 01:28:52'),(3494,1,'vi','plugins/ecommerce/currencies','tables.is_prefix_symbol','Sử dụng ký hiệu trước số tiền','2022-09-22 01:28:52','2022-09-22 01:28:52'),(3495,1,'vi','plugins/ecommerce/currencies','tables.status','Trạng thái','2022-09-22 01:28:52','2022-09-22 01:28:52'),(3496,1,'vi','plugins/ecommerce/currencies','tables.order','Sắp xếp','2022-09-22 01:28:52','2022-09-22 01:28:52'),(3497,1,'vi','plugins/ecommerce/currencies','forms.title','Tiêu đề','2022-09-22 01:28:52','2022-09-22 01:28:52'),(3498,1,'vi','plugins/ecommerce/currencies','forms.code','Mã','2022-09-22 01:28:52','2022-09-22 01:28:52'),(3499,1,'vi','plugins/ecommerce/currencies','forms.symbol','Kí hiệu','2022-09-22 01:28:52','2022-09-22 01:28:52'),(3500,1,'vi','plugins/ecommerce/currencies','forms.is_prefix_symbol','Sử dụng ký hiệu trước số tiền','2022-09-22 01:28:52','2022-09-22 01:28:52'),(3501,1,'vi','plugins/ecommerce/currencies','forms.status','Trạng thái','2022-09-22 01:28:52','2022-09-22 01:28:52'),(3502,1,'vi','plugins/ecommerce/currencies','forms.order','Sắp xếp','2022-09-22 01:28:52','2022-09-22 01:28:52'),(3503,1,'vi','plugins/ecommerce/currencies','forms.decimals','Số kí tự sau dấu phân cách','2022-09-22 01:28:52','2022-09-22 01:28:52'),(3504,1,'vi','plugins/ecommerce/currencies','forms.activated','Đã kích hoạt','2022-09-22 01:28:53','2022-09-22 01:28:53'),(3505,1,'vi','plugins/ecommerce/currencies','forms.deactivated','Đã bị huỷ kích hoạt','2022-09-22 01:28:53','2022-09-22 01:28:53'),(3506,1,'vi','plugins/ecommerce/currencies','forms.yes','Có','2022-09-22 01:28:53','2022-09-22 01:28:53'),(3507,1,'vi','plugins/ecommerce/currencies','forms.no','Không','2022-09-22 01:28:53','2022-09-22 01:28:53'),(3508,1,'vi','plugins/ecommerce/currency','currencies','Tiền tệ','2022-09-22 01:28:53','2022-09-22 01:28:53'),(3509,1,'vi','plugins/ecommerce/currency','setting_description','Các loại tiền tệ được sử dụng trên website.','2022-09-22 01:28:53','2022-09-22 01:28:53'),(3510,1,'vi','plugins/ecommerce/currency','name','Tên','2022-09-22 01:28:53','2022-09-22 01:28:53'),(3511,1,'vi','plugins/ecommerce/currency','symbol','Ký hiệu','2022-09-22 01:28:53','2022-09-22 01:28:53'),(3512,1,'vi','plugins/ecommerce/currency','number_of_decimals','Số thập phân','2022-09-22 01:28:53','2022-09-22 01:28:53'),(3513,1,'vi','plugins/ecommerce/currency','exchange_rate','Tỷ giá','2022-09-22 01:28:53','2022-09-22 01:28:53'),(3514,1,'vi','plugins/ecommerce/currency','is_prefix_symbol','Vị trí ký hiệu','2022-09-22 01:28:53','2022-09-22 01:28:53'),(3515,1,'vi','plugins/ecommerce/currency','is_default','Mặc định?','2022-09-22 01:28:53','2022-09-22 01:28:53'),(3516,1,'vi','plugins/ecommerce/currency','remove','Xoá','2022-09-22 01:28:53','2022-09-22 01:28:53'),(3517,1,'vi','plugins/ecommerce/currency','new_currency','Thêm tiền tệ mới','2022-09-22 01:28:53','2022-09-22 01:28:53'),(3518,1,'vi','plugins/ecommerce/currency','save_settings','Lưu cài đặt','2022-09-22 01:28:53','2022-09-22 01:28:53'),(3519,1,'vi','plugins/ecommerce/currency','before_number','Trước số','2022-09-22 01:28:53','2022-09-22 01:28:53'),(3520,1,'vi','plugins/ecommerce/currency','after_number','Sau số','2022-09-22 01:28:53','2022-09-22 01:28:53'),(3521,1,'vi','plugins/ecommerce/customer','name','Khách hàng','2022-09-22 01:28:53','2022-09-22 01:28:53'),(3522,1,'vi','plugins/ecommerce/customer','create','Create a customer','2022-09-22 01:28:53','2022-09-22 01:28:53'),(3523,1,'vi','plugins/ecommerce/customer','edit','Edit customer \":name\"','2022-09-22 01:28:53','2022-09-22 01:28:53'),(3524,1,'vi','plugins/ecommerce/customer','email','Email','2022-09-22 01:28:53','2022-09-22 01:28:53'),(3525,1,'vi','plugins/ecommerce/customer','email_placeholder','Ex: example@gmail.com','2022-09-22 01:28:53','2022-09-22 01:28:53'),(3526,1,'vi','plugins/ecommerce/customer','password','Password','2022-09-22 01:28:53','2022-09-22 01:28:53'),(3527,1,'vi','plugins/ecommerce/customer','change_password','Change password?','2022-09-22 01:28:53','2022-09-22 01:28:53'),(3528,1,'vi','plugins/ecommerce/customer','password_confirmation','Password confirmation','2022-09-22 01:28:53','2022-09-22 01:28:53'),(3529,1,'vi','plugins/ecommerce/customer','intro.title','Quản lý danh sách khách hàng','2022-09-22 01:28:53','2022-09-22 01:28:53'),(3530,1,'vi','plugins/ecommerce/customer','intro.description','Khi khách hàng đặt hàng, bạn sẽ biết được thông tin và lịch sử mua hàng của khách hàng.','2022-09-22 01:28:53','2022-09-22 01:28:53'),(3531,1,'vi','plugins/ecommerce/customer','intro.button_text','Tạo khách hàng','2022-09-22 01:28:53','2022-09-22 01:28:53'),(3532,1,'vi','plugins/ecommerce/discount','name','Khuyến mãi','2022-09-22 01:28:53','2022-09-22 01:28:53'),(3533,1,'vi','plugins/ecommerce/discount','invalid_coupon','Mã khuyến mãi không hợp lệ hoặc đã hết hạn!','2022-09-22 01:28:53','2022-09-22 01:28:53'),(3534,1,'vi','plugins/ecommerce/discount','cannot_use_same_time_with_other_discount_program','Mã khuyến mãi này không thể sử dụng chung với chương trình khuyến mãi!','2022-09-22 01:28:53','2022-09-22 01:28:53'),(3535,1,'vi','plugins/ecommerce/discount','not_used','Chưa sử dụng mã giảm giá này','2022-09-22 01:28:53','2022-09-22 01:28:53'),(3536,1,'vi','plugins/ecommerce/discount','detail','Detail','2022-09-22 01:28:53','2022-09-22 01:28:53'),(3537,1,'vi','plugins/ecommerce/discount','used','Used','2022-09-22 01:28:53','2022-09-22 01:28:53'),(3538,1,'vi','plugins/ecommerce/discount','start_date','Start date','2022-09-22 01:28:53','2022-09-22 01:28:53'),(3539,1,'vi','plugins/ecommerce/discount','end_date','End date','2022-09-22 01:28:53','2022-09-22 01:28:53'),(3540,1,'vi','plugins/ecommerce/discount','intro.title','Chương trình khuyến mãi','2022-09-22 01:28:53','2022-09-22 01:28:53'),(3541,1,'vi','plugins/ecommerce/discount','intro.description','Tạo ra các mã coupon, cài đặt một sản phẩm, hoặc một nhóm sản phẩm khuyến mãi dành cho các khách hàng thân thiết của bạn.','2022-09-22 01:28:53','2022-09-22 01:28:53'),(3542,1,'vi','plugins/ecommerce/discount','intro.button_text','Tạo khuyến mãi','2022-09-22 01:28:53','2022-09-22 01:28:53'),(3543,1,'vi','plugins/ecommerce/discount','create','Create discount','2022-09-22 01:28:53','2022-09-22 01:28:53'),(3544,1,'vi','plugins/ecommerce/discount','expired','Expired','2022-09-22 01:28:53','2022-09-22 01:28:53'),(3545,1,'vi','plugins/ecommerce/discount','discount_promotion','Discount promotion','2022-09-22 01:28:53','2022-09-22 01:28:53'),(3546,1,'vi','plugins/ecommerce/discount','can','can','2022-09-22 01:28:54','2022-09-22 01:28:54'),(3547,1,'vi','plugins/ecommerce/discount','cannot','cannot','2022-09-22 01:28:54','2022-09-22 01:28:54'),(3548,1,'vi','plugins/ecommerce/discount','use_with_promotion','be used with promotion','2022-09-22 01:28:54','2022-09-22 01:28:54'),(3549,1,'vi','plugins/ecommerce/discount','create_discount_validate_title_required_if','Please enter the name of the promotion','2022-09-22 01:28:54','2022-09-22 01:28:54'),(3550,1,'vi','plugins/ecommerce/discount','create_discount_validate_code_required_if','Please enter the promotion code','2022-09-22 01:28:54','2022-09-22 01:28:54'),(3551,1,'vi','plugins/ecommerce/discount','create_discount_validate_value_required','Amount must be greater than 0','2022-09-22 01:28:54','2022-09-22 01:28:54'),(3552,1,'vi','plugins/ecommerce/discount','create_discount_validate_target_required','No object selected for promotion','2022-09-22 01:28:54','2022-09-22 01:28:54'),(3553,1,'vi','plugins/ecommerce/discount','enums.type-options.amount','Amount - Fixed','2022-09-22 01:28:54','2022-09-22 01:28:54'),(3554,1,'vi','plugins/ecommerce/discount','enums.type-options.percentage','Discount %','2022-09-22 01:28:54','2022-09-22 01:28:54'),(3555,1,'vi','plugins/ecommerce/discount','enums.type-options.shipping','Free shipping','2022-09-22 01:28:55','2022-09-22 01:28:55'),(3556,1,'vi','plugins/ecommerce/discount','enums.type-options.same-price','Same price','2022-09-22 01:28:55','2022-09-22 01:28:55'),(3557,1,'vi','plugins/ecommerce/discount','discount','Discount','2022-09-22 01:28:55','2022-09-22 01:28:55'),(3558,1,'vi','plugins/ecommerce/discount','create_coupon_code','Tạo mã khuyến mãi','2022-09-22 01:28:55','2022-09-22 01:28:55'),(3559,1,'vi','plugins/ecommerce/discount','create_discount_promotion','Create discount promotion','2022-09-22 01:28:55','2022-09-22 01:28:55'),(3560,1,'vi','plugins/ecommerce/discount','generate_coupon_code','Generate coupon code','2022-09-22 01:28:55','2022-09-22 01:28:55'),(3561,1,'vi','plugins/ecommerce/discount','customers_will_enter_this_coupon_code_when_they_checkout','Customers will enter this coupon code when they checkout','2022-09-22 01:28:55','2022-09-22 01:28:55'),(3562,1,'vi','plugins/ecommerce/discount','select_type_of_discount','Select type of discount','2022-09-22 01:28:55','2022-09-22 01:28:55'),(3563,1,'vi','plugins/ecommerce/discount','coupon_code','Coupon code','2022-09-22 01:28:55','2022-09-22 01:28:55'),(3564,1,'vi','plugins/ecommerce/discount','promotion','Promotion','2022-09-22 01:28:55','2022-09-22 01:28:55'),(3565,1,'vi','plugins/ecommerce/discount','can_be_used_with_promotion','Can be used with promotion','2022-09-22 01:28:55','2022-09-22 01:28:55'),(3566,1,'vi','plugins/ecommerce/discount','unlimited_coupon','Unlimited coupon','2022-09-22 01:28:55','2022-09-22 01:28:55'),(3567,1,'vi','plugins/ecommerce/discount','enter_number','Enter number','2022-09-22 01:28:55','2022-09-22 01:28:55'),(3568,1,'vi','plugins/ecommerce/discount','coupon_type','Coupon type','2022-09-22 01:28:55','2022-09-22 01:28:55'),(3569,1,'vi','plugins/ecommerce/discount','percentage_discount','Percentage discount (%)','2022-09-22 01:28:55','2022-09-22 01:28:55'),(3570,1,'vi','plugins/ecommerce/discount','free_shipping','Free shipping','2022-09-22 01:28:55','2022-09-22 01:28:55'),(3571,1,'vi','plugins/ecommerce/discount','same_price','Same price','2022-09-22 01:28:55','2022-09-22 01:28:55'),(3572,1,'vi','plugins/ecommerce/discount','apply_for','apply for','2022-09-22 01:28:55','2022-09-22 01:28:55'),(3573,1,'vi','plugins/ecommerce/discount','all_orders','All orders','2022-09-22 01:28:55','2022-09-22 01:28:55'),(3574,1,'vi','plugins/ecommerce/discount','order_amount_from','Order amount from','2022-09-22 01:28:55','2022-09-22 01:28:55'),(3575,1,'vi','plugins/ecommerce/discount','product_collection','Product collection','2022-09-22 01:28:55','2022-09-22 01:28:55'),(3576,1,'vi','plugins/ecommerce/discount','product','Product','2022-09-22 01:28:55','2022-09-22 01:28:55'),(3577,1,'vi','plugins/ecommerce/discount','customer','Customer','2022-09-22 01:28:55','2022-09-22 01:28:55'),(3578,1,'vi','plugins/ecommerce/discount','variant','Variant','2022-09-22 01:28:55','2022-09-22 01:28:55'),(3579,1,'vi','plugins/ecommerce/discount','search_product','Search product','2022-09-22 01:28:55','2022-09-22 01:28:55'),(3580,1,'vi','plugins/ecommerce/discount','no_products_found','No products found!','2022-09-22 01:28:55','2022-09-22 01:28:55'),(3581,1,'vi','plugins/ecommerce/discount','search_customer','Search customer','2022-09-22 01:28:55','2022-09-22 01:28:55'),(3582,1,'vi','plugins/ecommerce/discount','no_customer_found','No customer found!','2022-09-22 01:28:55','2022-09-22 01:28:55'),(3583,1,'vi','plugins/ecommerce/discount','one_time_per_order','One time per order','2022-09-22 01:28:55','2022-09-22 01:28:55'),(3584,1,'vi','plugins/ecommerce/discount','one_time_per_product_in_cart','One time per product in cart','2022-09-22 01:28:55','2022-09-22 01:28:55'),(3585,1,'vi','plugins/ecommerce/discount','number_of_products','Number of products required to apply','2022-09-22 01:28:55','2022-09-22 01:28:55'),(3586,1,'vi','plugins/ecommerce/discount','selected_products','Selected products','2022-09-22 01:28:55','2022-09-22 01:28:55'),(3587,1,'vi','plugins/ecommerce/discount','selected_customers','Selected customers','2022-09-22 01:28:55','2022-09-22 01:28:55'),(3588,1,'vi','plugins/ecommerce/discount','time','Time','2022-09-22 01:28:56','2022-09-22 01:28:56'),(3589,1,'vi','plugins/ecommerce/discount','never_expired','Never expired','2022-09-22 01:28:56','2022-09-22 01:28:56'),(3590,1,'vi','plugins/ecommerce/discount','save','Save','2022-09-22 01:28:56','2022-09-22 01:28:56'),(3591,1,'vi','plugins/ecommerce/discount','enter_promotion_name','Enter promotion name','2022-09-22 01:28:56','2022-09-22 01:28:56'),(3592,1,'vi','plugins/ecommerce/discount','enter_coupon_name','Enter coupon name','2022-09-22 01:28:56','2022-09-22 01:28:56'),(3593,1,'vi','plugins/ecommerce/discount','cancel','Cancel','2022-09-22 01:28:56','2022-09-22 01:28:56'),(3594,1,'vi','plugins/ecommerce/discount','is','Is','2022-09-22 01:28:56','2022-09-22 01:28:56'),(3595,1,'vi','plugins/ecommerce/discount','when_shipping_fee_less_than','when shipping fee less than','2022-09-22 01:28:56','2022-09-22 01:28:56'),(3596,1,'vi','plugins/ecommerce/ecommerce','settings','Cài đặt','2022-09-22 01:28:56','2022-09-22 01:28:56'),(3597,1,'vi','plugins/ecommerce/ecommerce','name','Thương mại điện tử','2022-09-22 01:28:56','2022-09-22 01:28:56'),(3598,1,'vi','plugins/ecommerce/ecommerce','setting.email.title','E-commerce','2022-09-22 01:28:56','2022-09-22 01:28:56'),(3599,1,'vi','plugins/ecommerce/ecommerce','setting.email.description','Ecommerce email config','2022-09-22 01:28:56','2022-09-22 01:28:56'),(3600,1,'vi','plugins/ecommerce/ecommerce','setting.email.order_confirm_subject','Subject of order confirmation email','2022-09-22 01:28:56','2022-09-22 01:28:56'),(3601,1,'vi','plugins/ecommerce/ecommerce','setting.email.order_confirm_subject_placeholder','The subject of email confirmation send to the customer','2022-09-22 01:28:56','2022-09-22 01:28:56'),(3602,1,'vi','plugins/ecommerce/ecommerce','setting.email.order_confirm_content','Content of order confirmation email','2022-09-22 01:28:56','2022-09-22 01:28:56'),(3603,1,'vi','plugins/ecommerce/ecommerce','setting.email.order_status_change_subject','Subject of email when changing order\'s status','2022-09-22 01:28:56','2022-09-22 01:28:56'),(3604,1,'vi','plugins/ecommerce/ecommerce','setting.email.order_status_change_subject_placeholder','Subject of email when changing order\'s status send to customer','2022-09-22 01:28:57','2022-09-22 01:28:57'),(3605,1,'vi','plugins/ecommerce/ecommerce','setting.email.order_status_change_content','Content of email when changing order\'s status','2022-09-22 01:28:57','2022-09-22 01:28:57'),(3606,1,'vi','plugins/ecommerce/ecommerce','setting.email.from_email','Email from','2022-09-22 01:28:57','2022-09-22 01:28:57'),(3607,1,'vi','plugins/ecommerce/ecommerce','setting.email.from_email_placeholder','Email from address to display in mail. Ex: example@gmail.com','2022-09-22 01:28:57','2022-09-22 01:28:57'),(3608,1,'vi','plugins/ecommerce/ecommerce','store_address','Địa chỉ cửa hàng','2022-09-22 01:28:57','2022-09-22 01:28:57'),(3609,1,'vi','plugins/ecommerce/ecommerce','store_phone','Số điện thoại cửa hàng','2022-09-22 01:28:57','2022-09-22 01:28:57'),(3610,1,'vi','plugins/ecommerce/ecommerce','order_id','Mã đơn hàng','2022-09-22 01:28:57','2022-09-22 01:28:57'),(3611,1,'vi','plugins/ecommerce/ecommerce','order_token','Chuỗi mã hoá đơn hàng','2022-09-22 01:28:58','2022-09-22 01:28:58'),(3612,1,'vi','plugins/ecommerce/ecommerce','customer_name','Tên khách hàng','2022-09-22 01:28:58','2022-09-22 01:28:58'),(3613,1,'vi','plugins/ecommerce/ecommerce','customer_email','Email khách hàng','2022-09-22 01:28:58','2022-09-22 01:28:58'),(3614,1,'vi','plugins/ecommerce/ecommerce','customer_phone','Số điện thoại khách hàng','2022-09-22 01:28:59','2022-09-22 01:28:59'),(3615,1,'vi','plugins/ecommerce/ecommerce','customer_address','Địa chỉ khách hàng','2022-09-22 01:28:59','2022-09-22 01:28:59'),(3616,1,'vi','plugins/ecommerce/ecommerce','product_list','Danh sách sản phẩm trong đơn hàng','2022-09-22 01:28:59','2022-09-22 01:28:59'),(3617,1,'vi','plugins/ecommerce/ecommerce','payment_detail','Chi tiết thanh toán','2022-09-22 01:28:59','2022-09-22 01:28:59'),(3618,1,'vi','plugins/ecommerce/ecommerce','shipping_method','Phương thức vận chuyển','2022-09-22 01:28:59','2022-09-22 01:28:59'),(3619,1,'vi','plugins/ecommerce/ecommerce','payment_method','Phương thức thanh toán','2022-09-22 01:28:59','2022-09-22 01:28:59'),(3620,1,'vi','plugins/ecommerce/ecommerce','standard_and_format','Tiêu chuẩn & Định dạng','2022-09-22 01:28:59','2022-09-22 01:28:59'),(3621,1,'vi','plugins/ecommerce/ecommerce','standard_and_format_description','Các tiêu chuẩn và các định dạng được sử dụng để tính toán những thứ như giá cả sản phẩm, trọng lượng vận chuyển và thời gian đơn hàng được đặt.','2022-09-22 01:28:59','2022-09-22 01:28:59'),(3622,1,'vi','plugins/ecommerce/ecommerce','change_order_format','Chỉnh sửa định dạng mã đơn hàng (tùy chọn)','2022-09-22 01:28:59','2022-09-22 01:28:59'),(3623,1,'vi','plugins/ecommerce/ecommerce','change_order_format_description','Mã đơn hàng mặc định bắt đầu từ :number. Bạn có thể thay đổi chuỗi bắt đầu hoặc kết thúc để tạo mã đơn hàng theo ý bạn, ví dụ \"DH-:number\" hoặc \":number-A\"','2022-09-22 01:28:59','2022-09-22 01:28:59'),(3624,1,'vi','plugins/ecommerce/ecommerce','start_with','Bắt đầu bằng','2022-09-22 01:28:59','2022-09-22 01:28:59'),(3625,1,'vi','plugins/ecommerce/ecommerce','end_with','Kết thúc bằng','2022-09-22 01:28:59','2022-09-22 01:28:59'),(3626,1,'vi','plugins/ecommerce/ecommerce','order_will_be_shown','Mã đơn hàng của bạn sẽ hiển thị theo mẫu','2022-09-22 01:29:00','2022-09-22 01:29:00'),(3627,1,'vi','plugins/ecommerce/ecommerce','weight_unit','Đơn vị cân nặng','2022-09-22 01:29:00','2022-09-22 01:29:00'),(3628,1,'vi','plugins/ecommerce/ecommerce','height_unit','Đơn vị chiều dài/chiều cao','2022-09-22 01:29:00','2022-09-22 01:29:00'),(3629,1,'vi','plugins/ecommerce/email','customer_new_order_title','Xác nhận đơn hàng','2022-09-22 01:29:00','2022-09-22 01:29:00'),(3630,1,'vi','plugins/ecommerce/email','customer_new_order_description','Được gửi khi khách hàng tạo đơn hàng','2022-09-22 01:29:00','2022-09-22 01:29:00'),(3631,1,'vi','plugins/ecommerce/email','order_cancellation_title','Hủy đơn hàng','2022-09-22 01:29:00','2022-09-22 01:29:00'),(3632,1,'vi','plugins/ecommerce/email','order_cancellation_description','Được gửi khi khách hàng hủy đơn hàng','2022-09-22 01:29:00','2022-09-22 01:29:00'),(3633,1,'vi','plugins/ecommerce/email','delivery_confirmation_title','Xác nhận giao hàng','2022-09-22 01:29:00','2022-09-22 01:29:00'),(3634,1,'vi','plugins/ecommerce/email','delivery_confirmation_description','Được gửi đến khách hàng khi bắt đầu giao hàng','2022-09-22 01:29:00','2022-09-22 01:29:00'),(3635,1,'vi','plugins/ecommerce/email','admin_new_order_title','Thông báo có đơn hàng mới','2022-09-22 01:29:00','2022-09-22 01:29:00'),(3636,1,'vi','plugins/ecommerce/email','admin_new_order_description','Được gửi cho quản trị viên khi có khách mua hàng','2022-09-22 01:29:00','2022-09-22 01:29:00'),(3637,1,'vi','plugins/ecommerce/email','order_confirmation_title','Xác nhận đơn hàng','2022-09-22 01:29:00','2022-09-22 01:29:00'),(3638,1,'vi','plugins/ecommerce/email','order_confirmation_description','Email được gửi đến khách hàng khi đơn hàng xác nhận','2022-09-22 01:29:00','2022-09-22 01:29:00'),(3639,1,'vi','plugins/ecommerce/email','payment_confirmation_title','Xác nhận thanh toán','2022-09-22 01:29:00','2022-09-22 01:29:00'),(3640,1,'vi','plugins/ecommerce/email','payment_confirmation_description','Email được gửi đến khách hàng khi đơn hàng xác nhận thanh toán','2022-09-22 01:29:00','2022-09-22 01:29:00'),(3641,1,'vi','plugins/ecommerce/email','order_recover_title','Đơn hàng đang chờ hoàn tất','2022-09-22 01:29:00','2022-09-22 01:29:00'),(3642,1,'vi','plugins/ecommerce/email','order_recover_description','Email nhắc nhở khách hàng hoàn tất đơn hàng','2022-09-22 01:29:00','2022-09-22 01:29:00'),(3643,1,'vi','plugins/ecommerce/email','link_go_to_our_shop','hoặc <a href=\":link\">Truy cập website</a>','2022-09-22 01:29:00','2022-09-22 01:29:00'),(3644,1,'vi','plugins/ecommerce/email','order_information','Thông tin đơn hàng','2022-09-22 01:29:00','2022-09-22 01:29:00'),(3645,1,'vi','plugins/ecommerce/email','order_number','Mã đơn hàng: <strong>:order_id</strong>','2022-09-22 01:29:00','2022-09-22 01:29:00'),(3646,1,'vi','plugins/ecommerce/email','view_order','Xem đơn hàng','2022-09-22 01:29:00','2022-09-22 01:29:00'),(3647,1,'vi','plugins/ecommerce/order','statuses.pending','Chưa xử lý','2022-09-22 01:29:00','2022-09-22 01:29:00'),(3648,1,'vi','plugins/ecommerce/order','statuses.processing','Đang xử lý','2022-09-22 01:29:01','2022-09-22 01:29:01'),(3649,1,'vi','plugins/ecommerce/order','statuses.completed','Hoàn thành','2022-09-22 01:29:01','2022-09-22 01:29:01'),(3650,1,'vi','plugins/ecommerce/order','statuses.canceled','Bị huỷ','2022-09-22 01:29:01','2022-09-22 01:29:01'),(3651,1,'vi','plugins/ecommerce/order','name','Đơn hàng','2022-09-22 01:29:01','2022-09-22 01:29:01'),(3652,1,'vi','plugins/ecommerce/order','incomplete_order','Đơn hàng chưa hoàn tất','2022-09-22 01:29:01','2022-09-22 01:29:01'),(3653,1,'vi','plugins/ecommerce/order','order_id','Mã đơn hàng','2022-09-22 01:29:01','2022-09-22 01:29:01'),(3654,1,'vi','plugins/ecommerce/order','customer_label','Khách hàng','2022-09-22 01:29:01','2022-09-22 01:29:01'),(3655,1,'vi','plugins/ecommerce/order','amount','Tổng cộng','2022-09-22 01:29:01','2022-09-22 01:29:01'),(3656,1,'vi','plugins/ecommerce/order','shipping_amount','Phí vận chuyển','2022-09-22 01:29:01','2022-09-22 01:29:01'),(3657,1,'vi','plugins/ecommerce/order','payment_method','Phương thức thanh toán','2022-09-22 01:29:01','2022-09-22 01:29:01'),(3658,1,'vi','plugins/ecommerce/order','payment_status_label','Trạng thái thanh toán','2022-09-22 01:29:01','2022-09-22 01:29:01'),(3659,1,'vi','plugins/ecommerce/order','manage_orders','Quản lý đơn hàng','2022-09-22 01:29:01','2022-09-22 01:29:01'),(3660,1,'vi','plugins/ecommerce/order','order_intro_description','Một khi cửa hàng của bạn có đơn đặt hàng, đây sẽ là nơi bạn xử lý và theo dõi những đơn đặt hàng đó.','2022-09-22 01:29:02','2022-09-22 01:29:02'),(3661,1,'vi','plugins/ecommerce/order','create_new_order','Tạo đơn hàng','2022-09-22 01:29:02','2022-09-22 01:29:02'),(3662,1,'vi','plugins/ecommerce/order','manage_incomplete_orders','Quản lý đơn hàng chưa hoàn tất','2022-09-22 01:29:02','2022-09-22 01:29:02'),(3663,1,'vi','plugins/ecommerce/order','incomplete_orders_intro_description','Đơn hàng chưa hoàn tất là đơn hàng được tạo khi khách hàng thêm sản phẩm vào giỏ hàng, tiến hành điền thông tin mua hàng nhưng không hoàn tất quá trình thanh toán.','2022-09-22 01:29:02','2022-09-22 01:29:02'),(3664,1,'vi','plugins/ecommerce/order','cannot_send_order_recover_to_mail','Không tìm thấy email nên không thể gửi email khôi phục cho khách hàng.','2022-09-22 01:29:02','2022-09-22 01:29:02'),(3665,1,'vi','plugins/ecommerce/order','menu','Đơn hàng','2022-09-22 01:29:02','2022-09-22 01:29:02'),(3666,1,'vi','plugins/ecommerce/order','order_information','Thông tin đơn hàng','2022-09-22 01:29:02','2022-09-22 01:29:02'),(3667,1,'vi','plugins/ecommerce/order','create','Create an order','2022-09-22 01:29:02','2022-09-22 01:29:02'),(3668,1,'vi','plugins/ecommerce/order','cancel_error','The order is delivering or completed','2022-09-22 01:29:02','2022-09-22 01:29:02'),(3669,1,'vi','plugins/ecommerce/order','cancel_success','You do cancel the order successful','2022-09-22 01:29:02','2022-09-22 01:29:02'),(3670,1,'vi','plugins/ecommerce/order','product_id','Product ID','2022-09-22 01:29:02','2022-09-22 01:29:02'),(3671,1,'vi','plugins/ecommerce/order','tax_amount','Tax Amount','2022-09-22 01:29:02','2022-09-22 01:29:02'),(3672,1,'vi','plugins/ecommerce/order','invoice_for_order','Invoice for order','2022-09-22 01:29:02','2022-09-22 01:29:02'),(3673,1,'vi','plugins/ecommerce/order','created','Created','2022-09-22 01:29:02','2022-09-22 01:29:02'),(3674,1,'vi','plugins/ecommerce/order','invoice','Invoice','2022-09-22 01:29:02','2022-09-22 01:29:02'),(3675,1,'vi','plugins/ecommerce/order','return','Return','2022-09-22 01:29:02','2022-09-22 01:29:02'),(3676,1,'vi','plugins/ecommerce/order','total_refund_amount','Total refund amount','2022-09-22 01:29:03','2022-09-22 01:29:03'),(3677,1,'vi','plugins/ecommerce/order','total_amount_can_be_refunded','Total amount can be refunded','2022-09-22 01:29:03','2022-09-22 01:29:03'),(3678,1,'vi','plugins/ecommerce/order','refund_reason','Refund reason (optional)','2022-09-22 01:29:03','2022-09-22 01:29:03'),(3679,1,'vi','plugins/ecommerce/order','products','product(s)','2022-09-22 01:29:03','2022-09-22 01:29:03'),(3680,1,'vi','plugins/ecommerce/order','default','Default','2022-09-22 01:29:03','2022-09-22 01:29:03'),(3681,1,'vi','plugins/ecommerce/order','system','System','2022-09-22 01:29:03','2022-09-22 01:29:03'),(3682,1,'vi','plugins/ecommerce/order','new_order_from','New order :order_id from :customer','2022-09-22 01:29:03','2022-09-22 01:29:03'),(3683,1,'vi','plugins/ecommerce/order','confirmation_email_was_sent_to_customer','The email confirmation was sent to customer','2022-09-22 01:29:03','2022-09-22 01:29:03'),(3684,1,'vi','plugins/ecommerce/order','address_name_required','The name field is required.','2022-09-22 01:29:03','2022-09-22 01:29:03'),(3685,1,'vi','plugins/ecommerce/order','address_phone_required','The phone field is required.','2022-09-22 01:29:03','2022-09-22 01:29:03'),(3686,1,'vi','plugins/ecommerce/order','address_email_required','The email field is required.','2022-09-22 01:29:03','2022-09-22 01:29:03'),(3687,1,'vi','plugins/ecommerce/order','address_email_unique','The customer with that email is existed, please choose other email or login with this email!','2022-09-22 01:29:03','2022-09-22 01:29:03'),(3688,1,'vi','plugins/ecommerce/order','address_state_required','The state field is required.','2022-09-22 01:29:03','2022-09-22 01:29:03'),(3689,1,'vi','plugins/ecommerce/order','address_city_required','The city field is required.','2022-09-22 01:29:03','2022-09-22 01:29:03'),(3690,1,'vi','plugins/ecommerce/order','address_country_required','The country field is required.','2022-09-22 01:29:03','2022-09-22 01:29:03'),(3691,1,'vi','plugins/ecommerce/order','address_address_required','The address field is required.','2022-09-22 01:29:03','2022-09-22 01:29:03'),(3692,1,'vi','plugins/ecommerce/order','create_order_from_payment_page','Order was created from checkout page','2022-09-22 01:29:03','2022-09-22 01:29:03'),(3693,1,'vi','plugins/ecommerce/order','order_was_verified_by','Order was verified by %user_name%','2022-09-22 01:29:03','2022-09-22 01:29:03'),(3694,1,'vi','plugins/ecommerce/order','new_order','New order :order_id','2022-09-22 01:29:03','2022-09-22 01:29:03'),(3695,1,'vi','plugins/ecommerce/order','payment_was_confirmed_by','Payment was confirmed (amount :money) by %user_name%','2022-09-22 01:29:03','2022-09-22 01:29:03'),(3696,1,'vi','plugins/ecommerce/order','edit_order','Edit order :code','2022-09-22 01:29:03','2022-09-22 01:29:03'),(3697,1,'vi','plugins/ecommerce/order','confirm_order_success','Confirm order successfully!','2022-09-22 01:29:03','2022-09-22 01:29:03'),(3698,1,'vi','plugins/ecommerce/order','error_when_sending_email','There is an error when sending email','2022-09-22 01:29:03','2022-09-22 01:29:03'),(3699,1,'vi','plugins/ecommerce/order','sent_confirmation_email_success','Sent confirmation email successfully!','2022-09-22 01:29:03','2022-09-22 01:29:03'),(3700,1,'vi','plugins/ecommerce/order','order_was_sent_to_shipping_team','Order was sent to shipping team','2022-09-22 01:29:03','2022-09-22 01:29:03'),(3701,1,'vi','plugins/ecommerce/order','by_username','by %user_name%','2022-09-22 01:29:03','2022-09-22 01:29:03'),(3702,1,'vi','plugins/ecommerce/order','shipping_was_created_from','Shipping was created from order %order_id%','2022-09-22 01:29:03','2022-09-22 01:29:03'),(3703,1,'vi','plugins/ecommerce/order','shipping_was_canceled_success','Shipping was cancelled successfully!','2022-09-22 01:29:03','2022-09-22 01:29:03'),(3704,1,'vi','plugins/ecommerce/order','shipping_was_canceled_by','Shipping was cancelled by %user_name%','2022-09-22 01:29:03','2022-09-22 01:29:03'),(3705,1,'vi','plugins/ecommerce/order','update_shipping_address_success','Update shipping address successfully!','2022-09-22 01:29:03','2022-09-22 01:29:03'),(3706,1,'vi','plugins/ecommerce/order','order_was_canceled_by','Order was cancelled by %user_name%','2022-09-22 01:29:03','2022-09-22 01:29:03'),(3707,1,'vi','plugins/ecommerce/order','confirm_payment_success','Confirm payment successfully!','2022-09-22 01:29:03','2022-09-22 01:29:03'),(3708,1,'vi','plugins/ecommerce/order','refund_amount_invalid','Refund amount must be lower or equal :price','2022-09-22 01:29:03','2022-09-22 01:29:03'),(3709,1,'vi','plugins/ecommerce/order','number_of_products_invalid','Number of products refund is not valid!','2022-09-22 01:29:03','2022-09-22 01:29:03'),(3710,1,'vi','plugins/ecommerce/order','cannot_found_payment_for_this_order','Cannot found payment for this order!','2022-09-22 01:29:03','2022-09-22 01:29:03'),(3711,1,'vi','plugins/ecommerce/order','refund_success_with_price','Refund success :price','2022-09-22 01:29:03','2022-09-22 01:29:03'),(3712,1,'vi','plugins/ecommerce/order','refund_success','Refund successfully!','2022-09-22 01:29:03','2022-09-22 01:29:03'),(3713,1,'vi','plugins/ecommerce/order','order_is_not_existed','Order is not existed!','2022-09-22 01:29:03','2022-09-22 01:29:03'),(3714,1,'vi','plugins/ecommerce/order','reorder','Reorder','2022-09-22 01:29:03','2022-09-22 01:29:03'),(3715,1,'vi','plugins/ecommerce/order','sent_email_incomplete_order_success','Sent email to remind about incomplete order successfully!','2022-09-22 01:29:03','2022-09-22 01:29:03'),(3716,1,'vi','plugins/ecommerce/order','applied_coupon_success','Applied coupon \":code\" successfully!','2022-09-22 01:29:03','2022-09-22 01:29:03'),(3717,1,'vi','plugins/ecommerce/order','new_order_notice','You have <span class=\"bold\">:count</span> New Order(s)','2022-09-22 01:29:03','2022-09-22 01:29:03'),(3718,1,'vi','plugins/ecommerce/order','view_all','View all','2022-09-22 01:29:03','2022-09-22 01:29:03'),(3719,1,'vi','plugins/ecommerce/order','cancel_order','Cancel order','2022-09-22 01:29:03','2022-09-22 01:29:03'),(3720,1,'vi','plugins/ecommerce/order','order_canceled','Order canceled','2022-09-22 01:29:03','2022-09-22 01:29:03'),(3721,1,'vi','plugins/ecommerce/order','order_was_canceled_at','Order was canceled at','2022-09-22 01:29:03','2022-09-22 01:29:03'),(3722,1,'vi','plugins/ecommerce/order','completed','Completed','2022-09-22 01:29:03','2022-09-22 01:29:03'),(3723,1,'vi','plugins/ecommerce/order','uncompleted','Uncompleted','2022-09-22 01:29:03','2022-09-22 01:29:03'),(3724,1,'vi','plugins/ecommerce/order','sku','SKU','2022-09-22 01:29:03','2022-09-22 01:29:03'),(3725,1,'vi','plugins/ecommerce/order','warehouse','Warehouse','2022-09-22 01:29:03','2022-09-22 01:29:03'),(3726,1,'vi','plugins/ecommerce/order','sub_amount','Sub amount','2022-09-22 01:29:03','2022-09-22 01:29:03'),(3727,1,'vi','plugins/ecommerce/order','coupon_code','Coupon code: \":code\"','2022-09-22 01:29:04','2022-09-22 01:29:04'),(3728,1,'vi','plugins/ecommerce/order','shipping_fee','Shipping fee','2022-09-22 01:29:04','2022-09-22 01:29:04'),(3729,1,'vi','plugins/ecommerce/order','tax','Tax','2022-09-22 01:29:04','2022-09-22 01:29:04'),(3730,1,'vi','plugins/ecommerce/order','refunded_amount','Refunded amount','2022-09-22 01:29:04','2022-09-22 01:29:04'),(3731,1,'vi','plugins/ecommerce/order','amount_received','The amount actually received','2022-09-22 01:29:04','2022-09-22 01:29:04'),(3732,1,'vi','plugins/ecommerce/order','download_invoice','Download invoice','2022-09-22 01:29:04','2022-09-22 01:29:04'),(3733,1,'vi','plugins/ecommerce/order','add_note','Add note...','2022-09-22 01:29:04','2022-09-22 01:29:04'),(3734,1,'vi','plugins/ecommerce/order','order_was_confirmed','Order was confirmed','2022-09-22 01:29:04','2022-09-22 01:29:04'),(3735,1,'vi','plugins/ecommerce/order','confirm_order','Confirm order','2022-09-22 01:29:04','2022-09-22 01:29:04'),(3736,1,'vi','plugins/ecommerce/order','confirm','Confirm','2022-09-22 01:29:04','2022-09-22 01:29:04'),(3737,1,'vi','plugins/ecommerce/order','order_was_canceled','Order was canceled','2022-09-22 01:29:04','2022-09-22 01:29:04'),(3738,1,'vi','plugins/ecommerce/order','pending_payment','Pending payment','2022-09-22 01:29:04','2022-09-22 01:29:04'),(3739,1,'vi','plugins/ecommerce/order','payment_was_accepted','Payment :money was accepted','2022-09-22 01:29:04','2022-09-22 01:29:04'),(3740,1,'vi','plugins/ecommerce/order','payment_was_refunded','Payment was refunded','2022-09-22 01:29:04','2022-09-22 01:29:04'),(3741,1,'vi','plugins/ecommerce/order','confirm_payment','Confirm payment','2022-09-22 01:29:04','2022-09-22 01:29:04'),(3742,1,'vi','plugins/ecommerce/order','refund','Refund','2022-09-22 01:29:04','2022-09-22 01:29:04'),(3743,1,'vi','plugins/ecommerce/order','all_products_are_not_delivered','All products are not delivered','2022-09-22 01:29:04','2022-09-22 01:29:04'),(3744,1,'vi','plugins/ecommerce/order','delivery','Delivery','2022-09-22 01:29:04','2022-09-22 01:29:04'),(3745,1,'vi','plugins/ecommerce/order','history','History','2022-09-22 01:29:04','2022-09-22 01:29:04'),(3746,1,'vi','plugins/ecommerce/order','order_number','Order number','2022-09-22 01:29:04','2022-09-22 01:29:04'),(3747,1,'vi','plugins/ecommerce/order','from','from','2022-09-22 01:29:04','2022-09-22 01:29:04'),(3748,1,'vi','plugins/ecommerce/order','status','Status','2022-09-22 01:29:04','2022-09-22 01:29:04'),(3749,1,'vi','plugins/ecommerce/order','successfully','Successfully','2022-09-22 01:29:04','2022-09-22 01:29:04'),(3750,1,'vi','plugins/ecommerce/order','transaction_type','Transaction\'s type','2022-09-22 01:29:04','2022-09-22 01:29:04'),(3751,1,'vi','plugins/ecommerce/order','staff','Staff','2022-09-22 01:29:04','2022-09-22 01:29:04'),(3752,1,'vi','plugins/ecommerce/order','refund_date','Refund date','2022-09-22 01:29:04','2022-09-22 01:29:04'),(3753,1,'vi','plugins/ecommerce/order','n_a','N\\A','2022-09-22 01:29:05','2022-09-22 01:29:05'),(3754,1,'vi','plugins/ecommerce/order','payment_date','Payment date','2022-09-22 01:29:05','2022-09-22 01:29:05'),(3755,1,'vi','plugins/ecommerce/order','payment_gateway','Payment gateway','2022-09-22 01:29:05','2022-09-22 01:29:05'),(3756,1,'vi','plugins/ecommerce/order','transaction_amount','Transaction amount','2022-09-22 01:29:05','2022-09-22 01:29:05'),(3757,1,'vi','plugins/ecommerce/order','resend','Resend','2022-09-22 01:29:05','2022-09-22 01:29:05'),(3758,1,'vi','plugins/ecommerce/order','default_store','Default store','2022-09-22 01:29:05','2022-09-22 01:29:05'),(3759,1,'vi','plugins/ecommerce/order','update_address','Update address','2022-09-22 01:29:05','2022-09-22 01:29:05'),(3760,1,'vi','plugins/ecommerce/order','have_an_account_already','Have an account already','2022-09-22 01:29:05','2022-09-22 01:29:05'),(3761,1,'vi','plugins/ecommerce/order','dont_have_an_account_yet','Don\'t have an account yet','2022-09-22 01:29:05','2022-09-22 01:29:05'),(3762,1,'vi','plugins/ecommerce/order','mark_payment_as_confirmed','Mark <span>:method</span> as confirmed','2022-09-22 01:29:05','2022-09-22 01:29:05'),(3763,1,'vi','plugins/ecommerce/order','resend_order_confirmation','Resend order confirmation','2022-09-22 01:29:05','2022-09-22 01:29:05'),(3764,1,'vi','plugins/ecommerce/order','resend_order_confirmation_description','Confirmation email will be sent to <strong>:email</strong>?','2022-09-22 01:29:05','2022-09-22 01:29:05'),(3765,1,'vi','plugins/ecommerce/order','send','Send','2022-09-22 01:29:05','2022-09-22 01:29:05'),(3766,1,'vi','plugins/ecommerce/order','update','Update','2022-09-22 01:29:05','2022-09-22 01:29:05'),(3767,1,'vi','plugins/ecommerce/order','cancel_shipping_confirmation','Cancel shipping confirmation?','2022-09-22 01:29:06','2022-09-22 01:29:06'),(3768,1,'vi','plugins/ecommerce/order','cancel_shipping_confirmation_description','Cancel shipping confirmation?','2022-09-22 01:29:06','2022-09-22 01:29:06'),(3769,1,'vi','plugins/ecommerce/order','cancel_order_confirmation','Cancel order confirmation?','2022-09-22 01:29:06','2022-09-22 01:29:06'),(3770,1,'vi','plugins/ecommerce/order','cancel_order_confirmation_description','Are you sure you want to cancel this order? This action cannot rollback','2022-09-22 01:29:06','2022-09-22 01:29:06'),(3771,1,'vi','plugins/ecommerce/order','confirm_payment_confirmation_description','Processed by <strong>:method</strong>. Did you receive payment outside the system? This payment won\'t be saved into system and cannot be refunded','2022-09-22 01:29:06','2022-09-22 01:29:06'),(3772,1,'vi','plugins/ecommerce/order','save_note','Save note','2022-09-22 01:29:06','2022-09-22 01:29:06'),(3773,1,'vi','plugins/ecommerce/order','order_note','Order note','2022-09-22 01:29:06','2022-09-22 01:29:06'),(3774,1,'vi','plugins/ecommerce/order','order_note_placeholder','Note about order, ex: time or shipping instruction.','2022-09-22 01:29:06','2022-09-22 01:29:06'),(3775,1,'vi','plugins/ecommerce/order','order_amount','Order amount','2022-09-22 01:29:06','2022-09-22 01:29:06'),(3776,1,'vi','plugins/ecommerce/order','additional_information','Additional information','2022-09-22 01:29:06','2022-09-22 01:29:06'),(3777,1,'vi','plugins/ecommerce/order','notice_about_incomplete_order','Notice about incomplete order','2022-09-22 01:29:06','2022-09-22 01:29:06'),(3778,1,'vi','plugins/ecommerce/order','notice_about_incomplete_order_description','Remind email about uncompleted order will be send to <strong>:email</strong>?','2022-09-22 01:29:06','2022-09-22 01:29:06'),(3779,1,'vi','plugins/ecommerce/order','incomplete_order_description_1','An incomplete order is when a potential customer places items in their shopping cart, and goes all the way through to the payment page, but then doesn\'t complete the transaction.','2022-09-22 01:29:06','2022-09-22 01:29:06'),(3780,1,'vi','plugins/ecommerce/order','incomplete_order_description_2','If you have contacted customers and they want to continue buying, you can help them complete their order by following the link:','2022-09-22 01:29:06','2022-09-22 01:29:06'),(3781,1,'vi','plugins/ecommerce/order','send_an_email_to_recover_this_order','Send an email to customer to recover this order','2022-09-22 01:29:06','2022-09-22 01:29:06'),(3782,1,'vi','plugins/ecommerce/order','see_maps','See maps','2022-09-22 01:29:06','2022-09-22 01:29:06'),(3783,1,'vi','plugins/ecommerce/order','one_or_more_products_dont_have_enough_quantity','One or more products don\'t have enough quantity!','2022-09-22 01:29:06','2022-09-22 01:29:06'),(3784,1,'vi','plugins/ecommerce/order','payment_info','Payment Info','2022-09-22 01:29:06','2022-09-22 01:29:06'),(3785,1,'vi','plugins/ecommerce/order','payment_method_refund_automatic','Your customer will be refunded using :method automatically.','2022-09-22 01:29:06','2022-09-22 01:29:06'),(3786,1,'vi','plugins/ecommerce/order','order','Order','2022-09-22 01:29:07','2022-09-22 01:29:07'),(3787,1,'vi','plugins/ecommerce/order','create_a_new_product','Create a new product','2022-09-22 01:29:07','2022-09-22 01:29:07'),(3788,1,'vi','plugins/ecommerce/order','out_of_stock','Out of stock','2022-09-22 01:29:07','2022-09-22 01:29:07'),(3789,1,'vi','plugins/ecommerce/order','products_available','product(s) available','2022-09-22 01:29:07','2022-09-22 01:29:07'),(3790,1,'vi','plugins/ecommerce/order','no_products_found','No products found!','2022-09-22 01:29:07','2022-09-22 01:29:07'),(3791,1,'vi','plugins/ecommerce/order','note','Note','2022-09-22 01:29:07','2022-09-22 01:29:07'),(3792,1,'vi','plugins/ecommerce/order','note_for_order','Note for order...','2022-09-22 01:29:07','2022-09-22 01:29:07'),(3793,1,'vi','plugins/ecommerce/order','add_discount','Add discount','2022-09-22 01:29:07','2022-09-22 01:29:07'),(3794,1,'vi','plugins/ecommerce/order','discount','Discount','2022-09-22 01:29:07','2022-09-22 01:29:07'),(3795,1,'vi','plugins/ecommerce/order','add_shipping_fee','Add shipping fee','2022-09-22 01:29:07','2022-09-22 01:29:07'),(3796,1,'vi','plugins/ecommerce/order','shipping','Shipping','2022-09-22 01:29:07','2022-09-22 01:29:07'),(3797,1,'vi','plugins/ecommerce/order','total_amount','Total amount','2022-09-22 01:29:07','2022-09-22 01:29:07'),(3798,1,'vi','plugins/ecommerce/order','confirm_payment_and_create_order','Confirm payment and create order','2022-09-22 01:29:07','2022-09-22 01:29:07'),(3799,1,'vi','plugins/ecommerce/order','paid','Paid','2022-09-22 01:29:07','2022-09-22 01:29:07'),(3800,1,'vi','plugins/ecommerce/order','pay_later','Pay later','2022-09-22 01:29:07','2022-09-22 01:29:07'),(3801,1,'vi','plugins/ecommerce/order','customer_information','Customer information','2022-09-22 01:29:07','2022-09-22 01:29:07'),(3802,1,'vi','plugins/ecommerce/order','create_new_customer','Create new customer','2022-09-22 01:29:07','2022-09-22 01:29:07'),(3803,1,'vi','plugins/ecommerce/order','no_customer_found','No customer found!','2022-09-22 01:29:07','2022-09-22 01:29:07'),(3804,1,'vi','plugins/ecommerce/order','customer','Customer','2022-09-22 01:29:07','2022-09-22 01:29:07'),(3805,1,'vi','plugins/ecommerce/order','orders','order(s)','2022-09-22 01:29:07','2022-09-22 01:29:07'),(3806,1,'vi','plugins/ecommerce/order','shipping_address','Shipping Address','2022-09-22 01:29:07','2022-09-22 01:29:07'),(3807,1,'vi','plugins/ecommerce/order','see_on_maps','See on maps','2022-09-22 01:29:07','2022-09-22 01:29:07'),(3808,1,'vi','plugins/ecommerce/order','price','Price','2022-09-22 01:29:07','2022-09-22 01:29:07'),(3809,1,'vi','plugins/ecommerce/order','sku_optional','SKU (optional)','2022-09-22 01:29:07','2022-09-22 01:29:07'),(3810,1,'vi','plugins/ecommerce/order','with_storehouse_management','With storehouse management?','2022-09-22 01:29:07','2022-09-22 01:29:07'),(3811,1,'vi','plugins/ecommerce/order','quantity','Quantity','2022-09-22 01:29:07','2022-09-22 01:29:07'),(3812,1,'vi','plugins/ecommerce/order','allow_customer_checkout_when_this_product_out_of_stock','Allow customer checkout when this product out of stock?','2022-09-22 01:29:08','2022-09-22 01:29:08'),(3813,1,'vi','plugins/ecommerce/order','address','Address','2022-09-22 01:29:08','2022-09-22 01:29:08'),(3814,1,'vi','plugins/ecommerce/order','phone','Phone','2022-09-22 01:29:08','2022-09-22 01:29:08'),(3815,1,'vi','plugins/ecommerce/order','country','Country','2022-09-22 01:29:08','2022-09-22 01:29:08'),(3816,1,'vi','plugins/ecommerce/order','state','State','2022-09-22 01:29:08','2022-09-22 01:29:08'),(3817,1,'vi','plugins/ecommerce/order','city','City','2022-09-22 01:29:08','2022-09-22 01:29:08'),(3818,1,'vi','plugins/ecommerce/order','zip_code','Zip code','2022-09-22 01:29:08','2022-09-22 01:29:08'),(3819,1,'vi','plugins/ecommerce/order','discount_based_on','Discount based on','2022-09-22 01:29:08','2022-09-22 01:29:08'),(3820,1,'vi','plugins/ecommerce/order','or_coupon_code','Or coupon code','2022-09-22 01:29:08','2022-09-22 01:29:08'),(3821,1,'vi','plugins/ecommerce/order','description','Description','2022-09-22 01:29:08','2022-09-22 01:29:08'),(3822,1,'vi','plugins/ecommerce/order','how_to_select_configured_shipping','How to select configured shipping?','2022-09-22 01:29:08','2022-09-22 01:29:08'),(3823,1,'vi','plugins/ecommerce/order','please_add_customer_information_with_the_complete_shipping_address_to_see_the_configured_shipping_rates','Please add customer information with the complete shipping address to see the configured shipping rates','2022-09-22 01:29:08','2022-09-22 01:29:08'),(3824,1,'vi','plugins/ecommerce/order','free_shipping','Free shipping','2022-09-22 01:29:08','2022-09-22 01:29:08'),(3825,1,'vi','plugins/ecommerce/order','custom','Custom','2022-09-22 01:29:08','2022-09-22 01:29:08'),(3826,1,'vi','plugins/ecommerce/order','email','Email','2022-09-22 01:29:08','2022-09-22 01:29:08'),(3827,1,'vi','plugins/ecommerce/order','create_order','Create order','2022-09-22 01:29:08','2022-09-22 01:29:08'),(3828,1,'vi','plugins/ecommerce/order','close','Close','2022-09-22 01:29:08','2022-09-22 01:29:08'),(3829,1,'vi','plugins/ecommerce/order','confirm_payment_is_paid_for_this_order','Confirm payment is paid for this order','2022-09-22 01:29:08','2022-09-22 01:29:08'),(3830,1,'vi','plugins/ecommerce/order','payment_status_of_the_order_is_paid_once_the_order_has_been_created_you_cannot_change_the_payment_method_or_status','Payment status of the order is Paid. Once the order has been created, you cannot change the payment method or status','2022-09-22 01:29:08','2022-09-22 01:29:08'),(3831,1,'vi','plugins/ecommerce/order','select_payment_method','Select payment method','2022-09-22 01:29:08','2022-09-22 01:29:08'),(3832,1,'vi','plugins/ecommerce/order','cash_on_delivery_cod','Cash on delivery (COD)','2022-09-22 01:29:08','2022-09-22 01:29:08'),(3833,1,'vi','plugins/ecommerce/order','bank_transfer','Bank transfer','2022-09-22 01:29:08','2022-09-22 01:29:08'),(3834,1,'vi','plugins/ecommerce/order','paid_amount','Paid amount','2022-09-22 01:29:08','2022-09-22 01:29:08'),(3835,1,'vi','plugins/ecommerce/order','confirm_that_payment_for_this_order_will_be_paid_later','Confirm that payment for this order will be paid later','2022-09-22 01:29:08','2022-09-22 01:29:08'),(3836,1,'vi','plugins/ecommerce/order','payment_status_of_the_order_is_pending_once_the_order_has_been_created_you_cannot_change_the_payment_method_or_status','Payment status of the order is Pending. Once the order has been created, you cannot change the payment method or status','2022-09-22 01:29:09','2022-09-22 01:29:09'),(3837,1,'vi','plugins/ecommerce/order','pending_amount','Pending amount','2022-09-22 01:29:09','2022-09-22 01:29:09'),(3838,1,'vi','plugins/ecommerce/order','update_email','Update email','2022-09-22 01:29:09','2022-09-22 01:29:09'),(3839,1,'vi','plugins/ecommerce/order','save','Save','2022-09-22 01:29:09','2022-09-22 01:29:09'),(3840,1,'vi','plugins/ecommerce/order','cancel','Cancel','2022-09-22 01:29:09','2022-09-22 01:29:09'),(3841,1,'vi','plugins/ecommerce/order','create_a_new_order','Create a new order','2022-09-22 01:29:09','2022-09-22 01:29:09'),(3842,1,'vi','plugins/ecommerce/order','search_or_create_new_product','Search or create a new product','2022-09-22 01:29:09','2022-09-22 01:29:09'),(3843,1,'vi','plugins/ecommerce/order','search_or_create_new_customer','Search or create a new customer','2022-09-22 01:29:09','2022-09-22 01:29:09'),(3844,1,'vi','plugins/ecommerce/order','discount_description','Discount description','2022-09-22 01:29:09','2022-09-22 01:29:09'),(3845,1,'vi','plugins/ecommerce/order','cant_select_out_of_stock_product','Cannot select out of stock product!','2022-09-22 01:29:09','2022-09-22 01:29:09'),(3846,1,'vi','plugins/ecommerce/payment','name','Thanh toán','2022-09-22 01:29:09','2022-09-22 01:29:09'),(3847,1,'vi','plugins/ecommerce/payment','payment_method','Phương thức thanh toán','2022-09-22 01:29:09','2022-09-22 01:29:09'),(3848,1,'vi','plugins/ecommerce/payment','view_payment','Xem thanh toán #','2022-09-22 01:29:09','2022-09-22 01:29:09'),(3849,1,'vi','plugins/ecommerce/payment','charge_id','Mã giao dịch','2022-09-22 01:29:09','2022-09-22 01:29:09'),(3850,1,'vi','plugins/ecommerce/payment','amount','Số tiền','2022-09-22 01:29:09','2022-09-22 01:29:09'),(3851,1,'vi','plugins/ecommerce/payment','currency','Đơn vị tiền tệ','2022-09-22 01:29:09','2022-09-22 01:29:09'),(3852,1,'vi','plugins/ecommerce/payment','user','Người dùng','2022-09-22 01:29:09','2022-09-22 01:29:09'),(3853,1,'vi','plugins/ecommerce/payment','paypal_name_required','Tên của phương thức PayPal là bắt buộc!','2022-09-22 01:29:09','2022-09-22 01:29:09'),(3854,1,'vi','plugins/ecommerce/payment','paypal_name_max','Tên của phương thức PayPal quá dài!','2022-09-22 01:29:09','2022-09-22 01:29:09'),(3855,1,'vi','plugins/ecommerce/payment','status','Trạng thái','2022-09-22 01:29:09','2022-09-22 01:29:09'),(3856,1,'vi','plugins/ecommerce/payment','enabled','Bật','2022-09-22 01:29:09','2022-09-22 01:29:09'),(3857,1,'vi','plugins/ecommerce/payment','disabled','Tắt','2022-09-22 01:29:09','2022-09-22 01:29:09'),(3858,1,'vi','plugins/ecommerce/payment','client_id','Client ID','2022-09-22 01:29:09','2022-09-22 01:29:09'),(3859,1,'vi','plugins/ecommerce/payment','client_secret','Client Secret','2022-09-22 01:29:09','2022-09-22 01:29:09'),(3860,1,'vi','plugins/ecommerce/payment','mode','Chế độ','2022-09-22 01:29:09','2022-09-22 01:29:09'),(3861,1,'vi','plugins/ecommerce/payment','sandbox','Sandbox','2022-09-22 01:29:09','2022-09-22 01:29:09'),(3862,1,'vi','plugins/ecommerce/payment','live','Live','2022-09-22 01:29:09','2022-09-22 01:29:09'),(3863,1,'vi','plugins/ecommerce/payment','enable_payment_log','Bật lưu nhật ký thanh toán','2022-09-22 01:29:09','2022-09-22 01:29:09'),(3864,1,'vi','plugins/ecommerce/payment','yes','Có','2022-09-22 01:29:09','2022-09-22 01:29:09'),(3865,1,'vi','plugins/ecommerce/payment','no','Không','2022-09-22 01:29:09','2022-09-22 01:29:09'),(3866,1,'vi','plugins/ecommerce/payment','client_key','Client Key','2022-09-22 01:29:09','2022-09-22 01:29:09'),(3867,1,'vi','plugins/ecommerce/payment','paypal','PayPal','2022-09-22 01:29:09','2022-09-22 01:29:09'),(3868,1,'vi','plugins/ecommerce/payment','action','Hành động','2022-09-22 01:29:09','2022-09-22 01:29:09'),(3869,1,'vi','plugins/ecommerce/payment','go_back','Quay lại','2022-09-22 01:29:09','2022-09-22 01:29:09'),(3870,1,'vi','plugins/ecommerce/payment','view','Xem','2022-09-22 01:29:09','2022-09-22 01:29:09'),(3871,1,'vi','plugins/ecommerce/payment','cash_on_delivery','Thanh toán khi nhận hàng (COD)','2022-09-22 01:29:09','2022-09-22 01:29:09'),(3872,1,'vi','plugins/ecommerce/payment','via_bank_transfer','Thông qua chuyển khoản ngân hàng','2022-09-22 01:29:09','2022-09-22 01:29:09'),(3873,1,'vi','plugins/ecommerce/payment','payment_via_cart','Thanh toán bằng thẻ','2022-09-22 01:29:09','2022-09-22 01:29:09'),(3874,1,'vi','plugins/ecommerce/payment','card_number','Số thẻ','2022-09-22 01:29:09','2022-09-22 01:29:09'),(3875,1,'vi','plugins/ecommerce/payment','full_name','Tên trên thẻ','2022-09-22 01:29:09','2022-09-22 01:29:09'),(3876,1,'vi','plugins/ecommerce/payment','payment_via_paypal','Thanh toán thông qua PayPal','2022-09-22 01:29:09','2022-09-22 01:29:09'),(3877,1,'vi','plugins/ecommerce/payment','mm_yy','MM/YY','2022-09-22 01:29:09','2022-09-22 01:29:09'),(3878,1,'vi','plugins/ecommerce/payment','cvc','CVC','2022-09-22 01:29:09','2022-09-22 01:29:09'),(3879,1,'vi','plugins/ecommerce/payment','details','Chi tiết','2022-09-22 01:29:09','2022-09-22 01:29:09'),(3880,1,'vi','plugins/ecommerce/payment','payer_name','Người thanh toán','2022-09-22 01:29:09','2022-09-22 01:29:09'),(3881,1,'vi','plugins/ecommerce/payment','email','Địa chỉ email','2022-09-22 01:29:09','2022-09-22 01:29:09'),(3882,1,'vi','plugins/ecommerce/payment','phone','Điện thoại','2022-09-22 01:29:09','2022-09-22 01:29:09'),(3883,1,'vi','plugins/ecommerce/payment','country','Quốc gia','2022-09-22 01:29:09','2022-09-22 01:29:09'),(3884,1,'vi','plugins/ecommerce/payment','shipping_address','Địa chỉ giao hàng','2022-09-22 01:29:09','2022-09-22 01:29:09'),(3885,1,'vi','plugins/ecommerce/payment','payment_details','Chi tiết giao dịch','2022-09-22 01:29:09','2022-09-22 01:29:09'),(3886,1,'vi','plugins/ecommerce/payment','card','Thẻ','2022-09-22 01:29:09','2022-09-22 01:29:09'),(3887,1,'vi','plugins/ecommerce/payment','address','Địa chỉ','2022-09-22 01:29:10','2022-09-22 01:29:10'),(3888,1,'vi','plugins/ecommerce/payment','new_payment','Thanh toán cho đơn hàng :id','2022-09-22 01:29:10','2022-09-22 01:29:10'),(3889,1,'vi','plugins/ecommerce/payment','payment_id','Mã thanh toán','2022-09-22 01:29:10','2022-09-22 01:29:10'),(3890,1,'vi','plugins/ecommerce/prices','name','Price','2022-09-22 01:29:10','2022-09-22 01:29:10'),(3891,1,'vi','plugins/ecommerce/prices','create','New price','2022-09-22 01:29:10','2022-09-22 01:29:10'),(3892,1,'vi','plugins/ecommerce/prices','edit','Edit price','2022-09-22 01:29:10','2022-09-22 01:29:10'),(3893,1,'vi','plugins/ecommerce/prices','list','List price','2022-09-22 01:29:10','2022-09-22 01:29:10'),(3894,1,'vi','plugins/ecommerce/product-attribute-sets','name','Product attribute sets','2022-09-22 01:29:10','2022-09-22 01:29:10'),(3895,1,'vi','plugins/ecommerce/product-attribute-sets','create','New product attribute set','2022-09-22 01:29:11','2022-09-22 01:29:11'),(3896,1,'vi','plugins/ecommerce/product-attribute-sets','edit','Edit product attribute set','2022-09-22 01:29:11','2022-09-22 01:29:11'),(3897,1,'vi','plugins/ecommerce/product-attribute-sets','visible_in_categories','Visible in categories','2022-09-22 01:29:11','2022-09-22 01:29:11'),(3898,1,'vi','plugins/ecommerce/product-attribute-sets','product_with_more_version','Product with more version','2022-09-22 01:29:11','2022-09-22 01:29:11'),(3899,1,'vi','plugins/ecommerce/product-attribute-sets','create_a_version','Create a version','2022-09-22 01:29:11','2022-09-22 01:29:11'),(3900,1,'vi','plugins/ecommerce/product-attribute-sets','enabled','Enabled','2022-09-22 01:29:11','2022-09-22 01:29:11'),(3901,1,'vi','plugins/ecommerce/product-attribute-sets','attributes','Attributes','2022-09-22 01:29:11','2022-09-22 01:29:11'),(3902,1,'vi','plugins/ecommerce/product-attribute-sets','price','Price','2022-09-22 01:29:11','2022-09-22 01:29:11'),(3903,1,'vi','plugins/ecommerce/product-attribute-sets','edit_btn','Edit','2022-09-22 01:29:11','2022-09-22 01:29:11'),(3904,1,'vi','plugins/ecommerce/product-attribute-sets','remove_btn','Remove','2022-09-22 01:29:11','2022-09-22 01:29:11'),(3905,1,'vi','plugins/ecommerce/product-attribute-sets','product','Product','2022-09-22 01:29:11','2022-09-22 01:29:11'),(3906,1,'vi','plugins/ecommerce/product-attribute-sets','back_to_product','Back to product','2022-09-22 01:29:11','2022-09-22 01:29:11'),(3907,1,'vi','plugins/ecommerce/product-attribute-sets','save','Save','2022-09-22 01:29:11','2022-09-22 01:29:11'),(3908,1,'vi','plugins/ecommerce/product-attribute-sets','other_existing_versions','Other existing versions','2022-09-22 01:29:11','2022-09-22 01:29:11'),(3909,1,'vi','plugins/ecommerce/product-attribute-sets','version_information','Version information','2022-09-22 01:29:11','2022-09-22 01:29:11'),(3910,1,'vi','plugins/ecommerce/product-attribute-sets','add_rule','Add rule','2022-09-22 01:29:12','2022-09-22 01:29:12'),(3911,1,'vi','plugins/ecommerce/product-attribute-sets','rules','Rules','2022-09-22 01:29:12','2022-09-22 01:29:12'),(3912,1,'vi','plugins/ecommerce/product-attribute-sets','pricing','Pricing','2022-09-22 01:29:12','2022-09-22 01:29:12'),(3913,1,'vi','plugins/ecommerce/product-attribute-sets','sale_price','Sale price','2022-09-22 01:29:12','2022-09-22 01:29:12'),(3914,1,'vi','plugins/ecommerce/product-attribute-sets','sale_type','Sale type','2022-09-22 01:29:12','2022-09-22 01:29:12'),(3915,1,'vi','plugins/ecommerce/product-attribute-sets','no_sale_price','No sale price','2022-09-22 01:29:13','2022-09-22 01:29:13'),(3916,1,'vi','plugins/ecommerce/product-attribute-sets','always_on_sale','Always on sale','2022-09-22 01:29:13','2022-09-22 01:29:13'),(3917,1,'vi','plugins/ecommerce/product-attribute-sets','limited_time','Limited time','2022-09-22 01:29:14','2022-09-22 01:29:14'),(3918,1,'vi','plugins/ecommerce/product-attribute-sets','from','From','2022-09-22 01:29:14','2022-09-22 01:29:14'),(3919,1,'vi','plugins/ecommerce/product-attribute-sets','to','To','2022-09-22 01:29:14','2022-09-22 01:29:14'),(3920,1,'vi','plugins/ecommerce/product-attribute-sets','storehouse','Storehouse','2022-09-22 01:29:14','2022-09-22 01:29:14'),(3921,1,'vi','plugins/ecommerce/product-attribute-sets','no_storehouse_management','No storehouse management','2022-09-22 01:29:14','2022-09-22 01:29:14'),(3922,1,'vi','plugins/ecommerce/product-attribute-sets','with_storehouse_management','With storehouse management','2022-09-22 01:29:14','2022-09-22 01:29:14'),(3923,1,'vi','plugins/ecommerce/product-attribute-sets','quantity','Quantity','2022-09-22 01:29:14','2022-09-22 01:29:14'),(3924,1,'vi','plugins/ecommerce/product-attribute-sets','allow_customer_checkout_out_of_stock','Allow customer checkout when this product out of stock','2022-09-22 01:29:14','2022-09-22 01:29:14'),(3925,1,'vi','plugins/ecommerce/product-attribute-sets','shipping','Shipping','2022-09-22 01:29:14','2022-09-22 01:29:14'),(3926,1,'vi','plugins/ecommerce/product-attribute-sets','length','Length','2022-09-22 01:29:14','2022-09-22 01:29:14'),(3927,1,'vi','plugins/ecommerce/product-attribute-sets','wide','Wide','2022-09-22 01:29:14','2022-09-22 01:29:14'),(3928,1,'vi','plugins/ecommerce/product-attribute-sets','height','Height','2022-09-22 01:29:14','2022-09-22 01:29:14'),(3929,1,'vi','plugins/ecommerce/product-attribute-sets','weight','Weight','2022-09-22 01:29:14','2022-09-22 01:29:14'),(3930,1,'vi','plugins/ecommerce/product-attribute-sets','version_images','Version images','2022-09-22 01:29:14','2022-09-22 01:29:14'),(3931,1,'vi','plugins/ecommerce/product-attribute-sets','add_new_image','Add new image','2022-09-22 01:29:14','2022-09-22 01:29:14'),(3932,1,'vi','plugins/ecommerce/product-attribute-sets','attribute_set','Attribute set','2022-09-22 01:29:14','2022-09-22 01:29:14'),(3933,1,'vi','plugins/ecommerce/product-attribute-sets','value','Value','2022-09-22 01:29:14','2022-09-22 01:29:14'),(3934,1,'vi','plugins/ecommerce/product-attribute-sets','dropdown_swatch','Dropdown Swatch','2022-09-22 01:29:14','2022-09-22 01:29:14'),(3935,1,'vi','plugins/ecommerce/product-attribute-sets','visual_swatch','Visual Swatch','2022-09-22 01:29:14','2022-09-22 01:29:14'),(3936,1,'vi','plugins/ecommerce/product-attribute-sets','text_swatch','Text Swatch','2022-09-22 01:29:14','2022-09-22 01:29:14'),(3937,1,'vi','plugins/ecommerce/product-attributes','name','Thuộc tính sản phẩm','2022-09-22 01:29:14','2022-09-22 01:29:14'),(3938,1,'vi','plugins/ecommerce/product-attributes','create','Tạo','2022-09-22 01:29:14','2022-09-22 01:29:14'),(3939,1,'vi','plugins/ecommerce/product-attributes','edit','Sửa','2022-09-22 01:29:14','2022-09-22 01:29:14'),(3940,1,'vi','plugins/ecommerce/product-attributes','intro.title','Quản lý danh sách thuộc tính sản phẩm','2022-09-22 01:29:14','2022-09-22 01:29:14'),(3941,1,'vi','plugins/ecommerce/product-attributes','intro.description','Các thuộc tính của sản phẩm như màu sắc, kích thước ...','2022-09-22 01:29:14','2022-09-22 01:29:14'),(3942,1,'vi','plugins/ecommerce/product-attributes','intro.button_text','Tạo thuộc tính sản phẩm','2022-09-22 01:29:14','2022-09-22 01:29:14'),(3943,1,'vi','plugins/ecommerce/product-categories','create','Create new product category','2022-09-22 01:29:14','2022-09-22 01:29:14'),(3944,1,'vi','plugins/ecommerce/product-categories','edit','Edit product category','2022-09-22 01:29:14','2022-09-22 01:29:14'),(3945,1,'vi','plugins/ecommerce/product-categories','name','Danh mục sản phẩm','2022-09-22 01:29:14','2022-09-22 01:29:14'),(3946,1,'vi','plugins/ecommerce/product-categories','none','Không có','2022-09-22 01:29:14','2022-09-22 01:29:14'),(3947,1,'vi','plugins/ecommerce/product-categories','menu','Danh mục sản phẩm','2022-09-22 01:29:14','2022-09-22 01:29:14'),(3948,1,'vi','plugins/ecommerce/product-categories','intro.title','Quản lý danh sách danh mục sản phẩm','2022-09-22 01:29:14','2022-09-22 01:29:14'),(3949,1,'vi','plugins/ecommerce/product-categories','intro.description','Danh mục sản phẩm như quần áo, giày dép, linh kiện điện tử ...','2022-09-22 01:29:14','2022-09-22 01:29:14'),(3950,1,'vi','plugins/ecommerce/product-categories','intro.button_text','Tạo danh mục sản phẩm','2022-09-22 01:29:14','2022-09-22 01:29:14'),(3951,1,'vi','plugins/ecommerce/product-categories','total_products','Tổng sản phẩm: :total','2022-09-22 01:29:14','2022-09-22 01:29:14'),(3952,1,'vi','plugins/ecommerce/product-collections','name','Nhóm sản phẩm','2022-09-22 01:29:14','2022-09-22 01:29:14'),(3953,1,'vi','plugins/ecommerce/product-collections','create','Thêm nhóm sản phẩm','2022-09-22 01:29:14','2022-09-22 01:29:14'),(3954,1,'vi','plugins/ecommerce/product-collections','edit','Sửa nhóm sản phẩm','2022-09-22 01:29:14','2022-09-22 01:29:14'),(3955,1,'vi','plugins/ecommerce/product-collections','slug_help_block','Label key: <code>:slug</code>. We will use this key for filter.','2022-09-22 01:29:14','2022-09-22 01:29:14'),(3956,1,'vi','plugins/ecommerce/product-collections','intro.title','Quản lý nhóm sản phẩm','2022-09-22 01:29:14','2022-09-22 01:29:14'),(3957,1,'vi','plugins/ecommerce/product-collections','intro.description','Nhóm sản phẩm giúp quản lý sản phẩm và khách hàng tìm kiếm sản phẩm một cách dễ dàng.','2022-09-22 01:29:14','2022-09-22 01:29:14'),(3958,1,'vi','plugins/ecommerce/product-collections','intro.button_text','Tạo nhóm sản phẩm','2022-09-22 01:29:14','2022-09-22 01:29:14'),(3959,1,'vi','plugins/ecommerce/products','name','Sản phẩm','2022-09-22 01:29:14','2022-09-22 01:29:14'),(3960,1,'vi','plugins/ecommerce/products','create','Thêm sản phẩm mới','2022-09-22 01:29:14','2022-09-22 01:29:14'),(3961,1,'vi','plugins/ecommerce/products','edit','Sửa sản phẩm - :name','2022-09-22 01:29:14','2022-09-22 01:29:14'),(3962,1,'vi','plugins/ecommerce/products','form.name','Tên sản phẩm','2022-09-22 01:29:14','2022-09-22 01:29:14'),(3963,1,'vi','plugins/ecommerce/products','form.name_placeholder','Tên sản phẩm (Tối đa 120 chữ cái)','2022-09-22 01:29:14','2022-09-22 01:29:14'),(3964,1,'vi','plugins/ecommerce/products','form.description','Mô tả ngắn','2022-09-22 01:29:14','2022-09-22 01:29:14'),(3965,1,'vi','plugins/ecommerce/products','form.description_placeholder','Mô tả ngắn gọn cho sản phẩm (Tối đa 400 chữ cái)','2022-09-22 01:29:14','2022-09-22 01:29:14'),(3966,1,'vi','plugins/ecommerce/products','form.categories','Danh mục','2022-09-22 01:29:14','2022-09-22 01:29:14'),(3967,1,'vi','plugins/ecommerce/products','form.content','Chi tiết sản phẩm','2022-09-22 01:29:14','2022-09-22 01:29:14'),(3968,1,'vi','plugins/ecommerce/products','form.price','Giá cơ bản','2022-09-22 01:29:14','2022-09-22 01:29:14'),(3969,1,'vi','plugins/ecommerce/products','form.price_sale','Giá giảm','2022-09-22 01:29:14','2022-09-22 01:29:14'),(3970,1,'vi','plugins/ecommerce/products','form.quantity','Số lượng','2022-09-22 01:29:14','2022-09-22 01:29:14'),(3971,1,'vi','plugins/ecommerce/products','form.brand','Thương hiệu','2022-09-22 01:29:14','2022-09-22 01:29:14'),(3972,1,'vi','plugins/ecommerce/products','form.width','Rộng','2022-09-22 01:29:14','2022-09-22 01:29:14'),(3973,1,'vi','plugins/ecommerce/products','form.height','Cao','2022-09-22 01:29:14','2022-09-22 01:29:14'),(3974,1,'vi','plugins/ecommerce/products','form.weight','Cân nặng','2022-09-22 01:29:14','2022-09-22 01:29:14'),(3975,1,'vi','plugins/ecommerce/products','form.image','Hình ảnh','2022-09-22 01:29:14','2022-09-22 01:29:14'),(3976,1,'vi','plugins/ecommerce/products','form.product_type.title','Loại sản phẩm','2022-09-22 01:29:14','2022-09-22 01:29:14'),(3977,1,'vi','plugins/ecommerce/products','form.stock.title','Tình trạng kho','2022-09-22 01:29:14','2022-09-22 01:29:14'),(3978,1,'vi','plugins/ecommerce/products','form.stock.in_stock','Còn hàng','2022-09-22 01:29:14','2022-09-22 01:29:14'),(3979,1,'vi','plugins/ecommerce/products','form.stock.out_stock','Hết hàng','2022-09-22 01:29:14','2022-09-22 01:29:14'),(3980,1,'vi','plugins/ecommerce/products','form.stock.allow_order_when_out','Cho phép đặt hàng khi hết','2022-09-22 01:29:14','2022-09-22 01:29:14'),(3981,1,'vi','plugins/ecommerce/products','form.storehouse.title','Quản lý kho','2022-09-22 01:29:14','2022-09-22 01:29:14'),(3982,1,'vi','plugins/ecommerce/products','form.storehouse.no_storehouse','Không quản lý kho','2022-09-22 01:29:14','2022-09-22 01:29:14'),(3983,1,'vi','plugins/ecommerce/products','form.storehouse.storehouse','Quản lý kho','2022-09-22 01:29:14','2022-09-22 01:29:14'),(3984,1,'vi','plugins/ecommerce/products','form.storehouse.quantity','Số lượng','2022-09-22 01:29:14','2022-09-22 01:29:14'),(3985,1,'vi','plugins/ecommerce/products','form.shipping.title','Giao hàng','2022-09-22 01:29:14','2022-09-22 01:29:14'),(3986,1,'vi','plugins/ecommerce/products','form.shipping.length','Chiều dài','2022-09-22 01:29:14','2022-09-22 01:29:14'),(3987,1,'vi','plugins/ecommerce/products','form.shipping.wide','Chiều rộng','2022-09-22 01:29:14','2022-09-22 01:29:14'),(3988,1,'vi','plugins/ecommerce/products','form.shipping.height','Chiều cao','2022-09-22 01:29:14','2022-09-22 01:29:14'),(3989,1,'vi','plugins/ecommerce/products','form.shipping.weight','Cân nặng','2022-09-22 01:29:14','2022-09-22 01:29:14'),(3990,1,'vi','plugins/ecommerce/products','form.date.start','Ngày bắt đầu','2022-09-22 01:29:14','2022-09-22 01:29:14'),(3991,1,'vi','plugins/ecommerce/products','form.date.end','Ngày kết thúc','2022-09-22 01:29:14','2022-09-22 01:29:14'),(3992,1,'vi','plugins/ecommerce/products','form.tags','Nhãn','2022-09-22 01:29:14','2022-09-22 01:29:14'),(3993,1,'vi','plugins/ecommerce/products','form.tax','Thuế','2022-09-22 01:29:15','2022-09-22 01:29:15'),(3994,1,'vi','plugins/ecommerce/products','price','Giá cơ bản','2022-09-22 01:29:15','2022-09-22 01:29:15'),(3995,1,'vi','plugins/ecommerce/products','price_sale','Giá giảm','2022-09-22 01:29:15','2022-09-22 01:29:15'),(3996,1,'vi','plugins/ecommerce/products','quantity','Số lượng','2022-09-22 01:29:15','2022-09-22 01:29:15'),(3997,1,'vi','plugins/ecommerce/products','type','Loại sản phẩm','2022-09-22 01:29:15','2022-09-22 01:29:15'),(3998,1,'vi','plugins/ecommerce/products','image','Ảnh','2022-09-22 01:29:15','2022-09-22 01:29:15'),(3999,1,'vi','plugins/ecommerce/products','sku','Mã sản phẩm','2022-09-22 01:29:15','2022-09-22 01:29:15'),(4000,1,'vi','plugins/ecommerce/products','brand','Thương hiệu','2022-09-22 01:29:15','2022-09-22 01:29:15'),(4001,1,'vi','plugins/ecommerce/products','cannot_delete','Product could not be deleted','2022-09-22 01:29:15','2022-09-22 01:29:15'),(4002,1,'vi','plugins/ecommerce/products','product_deleted','Product deleted','2022-09-22 01:29:15','2022-09-22 01:29:15'),(4003,1,'vi','plugins/ecommerce/products','products','Sản phẩm','2022-09-22 01:29:15','2022-09-22 01:29:15'),(4004,1,'vi','plugins/ecommerce/products','menu','Sản phẩm','2022-09-22 01:29:15','2022-09-22 01:29:15'),(4005,1,'vi','plugins/ecommerce/products','control.button_add_image','Thêm hình ảnh','2022-09-22 01:29:15','2022-09-22 01:29:15'),(4006,1,'vi','plugins/ecommerce/products','overview','Tổng quan','2022-09-22 01:29:15','2022-09-22 01:29:15'),(4007,1,'vi','plugins/ecommerce/products','attributes','Thuộc tính','2022-09-22 01:29:15','2022-09-22 01:29:15'),(4008,1,'vi','plugins/ecommerce/products','product_has_variations','Sản phẩm có nhiều phiên bản','2022-09-22 01:29:15','2022-09-22 01:29:15'),(4009,1,'vi','plugins/ecommerce/products','manage_products','Quản lý danh sách sản phẩm','2022-09-22 01:29:15','2022-09-22 01:29:15'),(4010,1,'vi','plugins/ecommerce/products','add_new_product','Tạo sản phẩm','2022-09-22 01:29:15','2022-09-22 01:29:15'),(4011,1,'vi','plugins/ecommerce/products','start_by_adding_new_product','Bắt đầu bán hàng bằng việc thêm sản phẩm.','2022-09-22 01:29:15','2022-09-22 01:29:15'),(4012,1,'vi','plugins/ecommerce/reports','name','Báo cáo','2022-09-22 01:29:15','2022-09-22 01:29:15'),(4013,1,'vi','plugins/ecommerce/reports','widget.order.title','Đơn hàng','2022-09-22 01:29:15','2022-09-22 01:29:15'),(4014,1,'vi','plugins/ecommerce/reports','count.revenue','Doanh thu hôm nay','2022-09-22 01:29:15','2022-09-22 01:29:15'),(4015,1,'vi','plugins/ecommerce/reports','count.orders','Đơn hàng hôm nay','2022-09-22 01:29:15','2022-09-22 01:29:15'),(4016,1,'vi','plugins/ecommerce/reports','count.products','Sản phẩm','2022-09-22 01:29:15','2022-09-22 01:29:15'),(4017,1,'vi','plugins/ecommerce/reports','count.customers','Khách hàng','2022-09-22 01:29:15','2022-09-22 01:29:15'),(4018,1,'vi','plugins/ecommerce/reports','product_name','Tên sản phẩm','2022-09-22 01:29:15','2022-09-22 01:29:15'),(4019,1,'vi','plugins/ecommerce/reports','quantity','Số lượng','2022-09-22 01:29:15','2022-09-22 01:29:15'),(4020,1,'vi','plugins/ecommerce/reports','revenue_statistics','Thống kê doanh thu','2022-09-22 01:29:15','2022-09-22 01:29:15'),(4021,1,'vi','plugins/ecommerce/reports','top_selling_products','Sản phẩm bán chạy trong tháng','2022-09-22 01:29:15','2022-09-22 01:29:15'),(4022,1,'vi','plugins/ecommerce/review','name','Đánh giá','2022-09-22 01:29:15','2022-09-22 01:29:15'),(4023,1,'vi','plugins/ecommerce/review','list_review','Khách hàng đánh giá','2022-09-22 01:29:15','2022-09-22 01:29:15'),(4024,1,'vi','plugins/ecommerce/review','add_review','Thêm đánh giá','2022-09-22 01:29:15','2022-09-22 01:29:15'),(4025,1,'vi','plugins/ecommerce/review','delete_review','Xóa đánh giá','2022-09-22 01:29:15','2022-09-22 01:29:15'),(4026,1,'vi','plugins/ecommerce/review','create_review','Tạo đánh giá','2022-09-22 01:29:15','2022-09-22 01:29:15'),(4027,1,'vi','plugins/ecommerce/review','please_select_rating','Chọn đánh giá','2022-09-22 01:29:15','2022-09-22 01:29:15'),(4028,1,'vi','plugins/ecommerce/review','comment','Bình luận','2022-09-22 01:29:15','2022-09-22 01:29:15'),(4029,1,'vi','plugins/ecommerce/review','approve','Chấp thuận','2022-09-22 01:29:15','2022-09-22 01:29:15'),(4030,1,'vi','plugins/ecommerce/review','approved','Đã chấp thuận','2022-09-22 01:29:15','2022-09-22 01:29:15'),(4031,1,'vi','plugins/ecommerce/review','disapprove','Không chấp thuận','2022-09-22 01:29:15','2022-09-22 01:29:15'),(4032,1,'vi','plugins/ecommerce/review','disapproved','Đã không chấp thuận','2022-09-22 01:29:15','2022-09-22 01:29:15'),(4033,1,'vi','plugins/ecommerce/review','product','Sản phẩm','2022-09-22 01:29:15','2022-09-22 01:29:15'),(4034,1,'vi','plugins/ecommerce/review','user','Người dùng','2022-09-22 01:29:15','2022-09-22 01:29:15'),(4035,1,'vi','plugins/ecommerce/review','star','Sao','2022-09-22 01:29:15','2022-09-22 01:29:15'),(4036,1,'vi','plugins/ecommerce/review','status','Trạng thái','2022-09-22 01:29:15','2022-09-22 01:29:15'),(4037,1,'vi','plugins/ecommerce/review','intro.title','Quản lý danh sách nhận xét của khách hàng','2022-09-22 01:29:15','2022-09-22 01:29:15'),(4038,1,'vi','plugins/ecommerce/review','intro.description','Lưu trữ các nhận xét, đánh giá của khách hàng','2022-09-22 01:29:15','2022-09-22 01:29:15'),(4039,1,'vi','plugins/ecommerce/shipping','name','Phí vận chuyển','2022-09-22 01:29:15','2022-09-22 01:29:15'),(4040,1,'vi','plugins/ecommerce/shipping','shipping','Vận chuyển','2022-09-22 01:29:15','2022-09-22 01:29:15'),(4041,1,'vi','plugins/ecommerce/shipping','title','Title','2022-09-22 01:29:15','2022-09-22 01:29:15'),(4042,1,'vi','plugins/ecommerce/shipping','country','Quốc gia','2022-09-22 01:29:15','2022-09-22 01:29:15'),(4043,1,'vi','plugins/ecommerce/shipping','state','State','2022-09-22 01:29:15','2022-09-22 01:29:15'),(4044,1,'vi','plugins/ecommerce/shipping','city','City','2022-09-22 01:29:15','2022-09-22 01:29:15'),(4045,1,'vi','plugins/ecommerce/shipping','amount','Amount','2022-09-22 01:29:15','2022-09-22 01:29:15'),(4046,1,'vi','plugins/ecommerce/shipping','enable','Enable','2022-09-22 01:29:15','2022-09-22 01:29:15'),(4047,1,'vi','plugins/ecommerce/shipping','enabled','Enabled','2022-09-22 01:29:15','2022-09-22 01:29:15'),(4048,1,'vi','plugins/ecommerce/shipping','disable','Disable','2022-09-22 01:29:15','2022-09-22 01:29:15'),(4049,1,'vi','plugins/ecommerce/shipping','disabled','Disabled','2022-09-22 01:29:15','2022-09-22 01:29:15'),(4050,1,'vi','plugins/ecommerce/shipping','create_shipping','Create a shipping','2022-09-22 01:29:15','2022-09-22 01:29:15'),(4051,1,'vi','plugins/ecommerce/shipping','edit_shipping','Edit shipping #','2022-09-22 01:29:15','2022-09-22 01:29:15'),(4052,1,'vi','plugins/ecommerce/shipping','status','Status','2022-09-22 01:29:15','2022-09-22 01:29:15'),(4053,1,'vi','plugins/ecommerce/shipping','shipping_methods','Phương thức vận chuyển','2022-09-22 01:29:15','2022-09-22 01:29:15'),(4054,1,'vi','plugins/ecommerce/shipping','create_shipping_method','Tạo phương thức vận chuyển','2022-09-22 01:29:15','2022-09-22 01:29:15'),(4055,1,'vi','plugins/ecommerce/shipping','edit_shipping_method','Sửa phương thức vận chuyển','2022-09-22 01:29:15','2022-09-22 01:29:15'),(4056,1,'vi','plugins/ecommerce/shipping','add_shipping_region','Thêm khu vực vận chuyển','2022-09-22 01:29:15','2022-09-22 01:29:15'),(4057,1,'vi','plugins/ecommerce/shipping','methods.default','Default','2022-09-22 01:29:15','2022-09-22 01:29:15'),(4058,1,'vi','plugins/ecommerce/shipping','statuses.not_approved','Not approved','2022-09-22 01:29:15','2022-09-22 01:29:15'),(4059,1,'vi','plugins/ecommerce/shipping','statuses.approved','Approved','2022-09-22 01:29:15','2022-09-22 01:29:15'),(4060,1,'vi','plugins/ecommerce/shipping','statuses.picking','Picking','2022-09-22 01:29:15','2022-09-22 01:29:15'),(4061,1,'vi','plugins/ecommerce/shipping','statuses.delay_picking','Delay picking','2022-09-22 01:29:15','2022-09-22 01:29:15'),(4062,1,'vi','plugins/ecommerce/shipping','statuses.picked','Picked','2022-09-22 01:29:15','2022-09-22 01:29:15'),(4063,1,'vi','plugins/ecommerce/shipping','statuses.not_picked','Not picked','2022-09-22 01:29:16','2022-09-22 01:29:16'),(4064,1,'vi','plugins/ecommerce/shipping','statuses.delivering','Delivering','2022-09-22 01:29:16','2022-09-22 01:29:16'),(4065,1,'vi','plugins/ecommerce/shipping','statuses.delivered','Delivered','2022-09-22 01:29:16','2022-09-22 01:29:16'),(4066,1,'vi','plugins/ecommerce/shipping','statuses.not_delivered','Not delivered','2022-09-22 01:29:16','2022-09-22 01:29:16'),(4067,1,'vi','plugins/ecommerce/shipping','statuses.audited','Audited','2022-09-22 01:29:16','2022-09-22 01:29:16'),(4068,1,'vi','plugins/ecommerce/shipping','statuses.canceled','Canceled','2022-09-22 01:29:16','2022-09-22 01:29:16'),(4069,1,'vi','plugins/ecommerce/shipping','cod_statuses.pending','Pending','2022-09-22 01:29:16','2022-09-22 01:29:16'),(4070,1,'vi','plugins/ecommerce/shipping','cod_statuses.completed','Completed','2022-09-22 01:29:16','2022-09-22 01:29:16'),(4071,1,'vi','plugins/ecommerce/store-locator','name','Địa chỉ cửa hàng','2022-09-22 01:29:16','2022-09-22 01:29:16'),(4072,1,'vi','plugins/ecommerce/store-locator','description','Địa chỉ này sẽ xuất hiện trên hoá đơn của bạn và sẽ được sử dụng để tính toán mức giá vận chuyển của bạn.','2022-09-22 01:29:16','2022-09-22 01:29:16'),(4073,1,'vi','plugins/ecommerce/store-locator','shop_name','Tên cửa hàng','2022-09-22 01:29:16','2022-09-22 01:29:16'),(4074,1,'vi','plugins/ecommerce/store-locator','phone','Điện thoại','2022-09-22 01:29:16','2022-09-22 01:29:16'),(4075,1,'vi','plugins/ecommerce/store-locator','address','Địa chỉ','2022-09-22 01:29:16','2022-09-22 01:29:16'),(4076,1,'vi','plugins/ecommerce/tax','name','Thuế','2022-09-22 01:29:16','2022-09-22 01:29:16'),(4077,1,'vi','plugins/ecommerce/tax','create','Tạo thuế','2022-09-22 01:29:16','2022-09-22 01:29:16'),(4078,1,'vi','plugins/ecommerce/tax','edit','Chỉnh sửa thuế :title','2022-09-22 01:29:16','2022-09-22 01:29:16'),(4079,1,'vi','plugins/ecommerce/tax','title','Tiêu đề','2022-09-22 01:29:16','2022-09-22 01:29:16'),(4080,1,'vi','plugins/ecommerce/tax','percentage','Tỉ lệ phần trăm %','2022-09-22 01:29:16','2022-09-22 01:29:16'),(4081,1,'vi','plugins/ecommerce/tax','priority','Thứ tự ưu tiên','2022-09-22 01:29:16','2022-09-22 01:29:16'),(4082,1,'vi','plugins/ecommerce/tax','select_tax','-- lựa chọn --','2022-09-22 01:29:16','2022-09-22 01:29:16'),(4083,1,'en','plugins/faq/faq-category','name','Categories','2022-09-22 01:29:16','2022-09-22 01:29:16'),(4084,1,'en','plugins/faq/faq-category','create','New category','2022-09-22 01:29:16','2022-09-22 01:29:16'),(4085,1,'en','plugins/faq/faq-category','edit','Edit category','2022-09-22 01:29:16','2022-09-22 01:29:16'),(4086,1,'en','plugins/faq/faq','name','FAQ','2022-09-22 01:29:16','2022-09-22 01:29:16'),(4087,1,'en','plugins/faq/faq','create','New faq','2022-09-22 01:29:16','2022-09-22 01:29:16'),(4088,1,'en','plugins/faq/faq','edit','Edit faq','2022-09-22 01:29:16','2022-09-22 01:29:16'),(4089,1,'en','plugins/faq/faq','question','Question','2022-09-22 01:29:16','2022-09-22 01:29:16'),(4090,1,'en','plugins/faq/faq','answer','Answer','2022-09-22 01:29:16','2022-09-22 01:29:16'),(4091,1,'en','plugins/faq/faq','category','Category','2022-09-22 01:29:16','2022-09-22 01:29:16'),(4092,1,'en','plugins/faq/faq','all','All','2022-09-22 01:29:16','2022-09-22 01:29:16'),(4093,1,'en','plugins/faq/faq','faq_schema_config','FAQ schema configuration (:link)','2022-09-22 01:29:16','2022-09-22 01:29:16'),(4094,1,'en','plugins/faq/faq','learn_more','Learn more','2022-09-22 01:29:16','2022-09-22 01:29:16'),(4095,1,'en','plugins/faq/faq','settings.title','FAQ','2022-09-22 01:29:16','2022-09-22 01:29:16'),(4096,1,'en','plugins/faq/faq','settings.description','Settings for FAQ','2022-09-22 01:29:16','2022-09-22 01:29:16'),(4097,1,'en','plugins/faq/faq','settings.enable_faq_schema','Enable FAQ Schema?','2022-09-22 01:29:16','2022-09-22 01:29:16'),(4098,1,'en','plugins/faq/faq','settings.enable_faq_schema_description','Learn more: https://developers.google.com/search/docs/data-types/faqpage','2022-09-22 01:29:16','2022-09-22 01:29:16'),(4099,1,'en','plugins/faq/faq','select_category','Select a category','2022-09-22 01:29:16','2022-09-22 01:29:16'),(4100,1,'en','plugins/faq/faq','add_item','Add item','2022-09-22 01:29:16','2022-09-22 01:29:16'),(4101,1,'vi','plugins/faq/faq-category','create','Thêm danh mục','2022-09-22 01:29:16','2022-09-22 01:29:16'),(4102,1,'vi','plugins/faq/faq-category','edit','Sửa danh mục','2022-09-22 01:29:16','2022-09-22 01:29:16'),(4103,1,'vi','plugins/faq/faq-category','name','Danh mục','2022-09-22 01:29:16','2022-09-22 01:29:16'),(4104,1,'vi','plugins/faq/faq','name','Câu hỏi thường gặp','2022-09-22 01:29:16','2022-09-22 01:29:16'),(4105,1,'vi','plugins/faq/faq','create','Thêm câu hỏi','2022-09-22 01:29:16','2022-09-22 01:29:16'),(4106,1,'vi','plugins/faq/faq','edit','Sửa câu hỏi','2022-09-22 01:29:16','2022-09-22 01:29:16'),(4107,1,'vi','plugins/faq/faq','question','Câu hỏi','2022-09-22 01:29:16','2022-09-22 01:29:16'),(4108,1,'vi','plugins/faq/faq','answer','Trả lời','2022-09-22 01:29:16','2022-09-22 01:29:16'),(4109,1,'en','plugins/language/language','name','Languages','2022-09-22 01:29:16','2022-09-22 01:29:16'),(4110,1,'en','plugins/language/language','choose_language','Choose a language','2022-09-22 01:29:16','2022-09-22 01:29:16'),(4111,1,'en','plugins/language/language','select_language','Select language','2022-09-22 01:29:16','2022-09-22 01:29:16'),(4112,1,'en','plugins/language/language','choose_language_helper','You can choose a language in the list or directly edit it below.','2022-09-22 01:29:16','2022-09-22 01:29:16'),(4113,1,'en','plugins/language/language','language_name','Language name','2022-09-22 01:29:16','2022-09-22 01:29:16'),(4114,1,'en','plugins/language/language','language_name_helper','The name is how it is displayed on your site (for example: English).','2022-09-22 01:29:16','2022-09-22 01:29:16'),(4115,1,'en','plugins/language/language','locale','Locale','2022-09-22 01:29:16','2022-09-22 01:29:16'),(4116,1,'en','plugins/language/language','locale_helper','Laravel Locale for the language (for example: <code>en</code>).','2022-09-22 01:29:16','2022-09-22 01:29:16'),(4117,1,'en','plugins/language/language','language_code','Language code','2022-09-22 01:29:16','2022-09-22 01:29:16'),(4118,1,'en','plugins/language/language','language_code_helper','Language code - preferably 2-letters ISO 639-1 (for example: en)','2022-09-22 01:29:16','2022-09-22 01:29:16'),(4119,1,'en','plugins/language/language','text_direction','Text direction','2022-09-22 01:29:16','2022-09-22 01:29:16'),(4120,1,'en','plugins/language/language','text_direction_helper','Choose the text direction for the language','2022-09-22 01:29:16','2022-09-22 01:29:16'),(4121,1,'en','plugins/language/language','left_to_right','Left to right','2022-09-22 01:29:16','2022-09-22 01:29:16'),(4122,1,'en','plugins/language/language','right_to_left','Right to left','2022-09-22 01:29:16','2022-09-22 01:29:16'),(4123,1,'en','plugins/language/language','flag','Flag','2022-09-22 01:29:16','2022-09-22 01:29:16'),(4124,1,'en','plugins/language/language','flag_helper','Choose a flag for the language.','2022-09-22 01:29:16','2022-09-22 01:29:16'),(4125,1,'en','plugins/language/language','order','Order','2022-09-22 01:29:16','2022-09-22 01:29:16'),(4126,1,'en','plugins/language/language','order_helper','Position of the language in the language switcher','2022-09-22 01:29:16','2022-09-22 01:29:16'),(4127,1,'en','plugins/language/language','add_new_language','Add new language','2022-09-22 01:29:16','2022-09-22 01:29:16'),(4128,1,'en','plugins/language/language','code','Code','2022-09-22 01:29:16','2022-09-22 01:29:16'),(4129,1,'en','plugins/language/language','default_language','Is default?','2022-09-22 01:29:16','2022-09-22 01:29:16'),(4130,1,'en','plugins/language/language','actions','Actions','2022-09-22 01:29:16','2022-09-22 01:29:16'),(4131,1,'en','plugins/language/language','translations','Translations','2022-09-22 01:29:16','2022-09-22 01:29:16'),(4132,1,'en','plugins/language/language','edit','Edit','2022-09-22 01:29:16','2022-09-22 01:29:16'),(4133,1,'en','plugins/language/language','edit_tooltip','Edit this language','2022-09-22 01:29:16','2022-09-22 01:29:16'),(4134,1,'en','plugins/language/language','delete','Delete','2022-09-22 01:29:16','2022-09-22 01:29:16'),(4135,1,'en','plugins/language/language','delete_tooltip','Delete this language and all its associated data','2022-09-22 01:29:17','2022-09-22 01:29:17'),(4136,1,'en','plugins/language/language','choose_default_language','Choose :language as default language','2022-09-22 01:29:17','2022-09-22 01:29:17'),(4137,1,'en','plugins/language/language','current_language','Current record\'s language','2022-09-22 01:29:17','2022-09-22 01:29:17'),(4138,1,'en','plugins/language/language','edit_related','Edit related language for this record','2022-09-22 01:29:17','2022-09-22 01:29:17'),(4139,1,'en','plugins/language/language','add_language_for_item','Add other language version for this record','2022-09-22 01:29:17','2022-09-22 01:29:17'),(4140,1,'en','plugins/language/language','settings','Settings','2022-09-22 01:29:17','2022-09-22 01:29:17'),(4141,1,'en','plugins/language/language','language_hide_default','Hide default language from URL?','2022-09-22 01:29:17','2022-09-22 01:29:17'),(4142,1,'en','plugins/language/language','language_display_flag_only','Flag only','2022-09-22 01:29:17','2022-09-22 01:29:17'),(4143,1,'en','plugins/language/language','language_display_name_only','Name only','2022-09-22 01:29:17','2022-09-22 01:29:17'),(4144,1,'en','plugins/language/language','language_display_all','Display all flag and name','2022-09-22 01:29:17','2022-09-22 01:29:17'),(4145,1,'en','plugins/language/language','language_display','Language display','2022-09-22 01:29:17','2022-09-22 01:29:17'),(4146,1,'en','plugins/language/language','switcher_display','Switcher language display','2022-09-22 01:29:17','2022-09-22 01:29:17'),(4147,1,'en','plugins/language/language','language_switcher_display_dropdown','Dropdown','2022-09-22 01:29:17','2022-09-22 01:29:17'),(4148,1,'en','plugins/language/language','language_switcher_display_list','List','2022-09-22 01:29:17','2022-09-22 01:29:17'),(4149,1,'en','plugins/language/language','current_language_edit_notification','You are editing \"<strong class=\"current_language_text\">:language</strong>\" version','2022-09-22 01:29:17','2022-09-22 01:29:17'),(4150,1,'en','plugins/language/language','confirm-change-language','Confirm change language','2022-09-22 01:29:17','2022-09-22 01:29:17'),(4151,1,'en','plugins/language/language','confirm-change-language-message','Do you really want to change language to \"<strong class=\"change_to_language_text\"></strong>\" ? This action will be override \"<strong class=\"change_to_language_text\"></strong>\" version if it\'s existed!','2022-09-22 01:29:17','2022-09-22 01:29:17'),(4152,1,'en','plugins/language/language','confirm-change-language-btn','Confirm change','2022-09-22 01:29:17','2022-09-22 01:29:17'),(4153,1,'en','plugins/language/language','hide_languages','Hide languages','2022-09-22 01:29:17','2022-09-22 01:29:17'),(4154,1,'en','plugins/language/language','hide_languages_description','You can completely hide content in specific languages from visitors and search engines, but still view it yourself. This allows reviewing translations that are in progress.','2022-09-22 01:29:17','2022-09-22 01:29:17'),(4155,1,'en','plugins/language/language','hide_languages_helper_display_hidden','{0} All languages are currently displayed.|{1} :language is currently hidden to visitors.|[2, Inf] :language are currently hidden to visitors.','2022-09-22 01:29:17','2022-09-22 01:29:17'),(4156,1,'en','plugins/language/language','show_all','Show all','2022-09-22 01:29:17','2022-09-22 01:29:17'),(4157,1,'en','plugins/language/language','change_language','Language','2022-09-22 01:29:17','2022-09-22 01:29:17'),(4158,1,'en','plugins/language/language','language_show_default_item_if_current_version_not_existed','Show item in default language if it is not existed in current language','2022-09-22 01:29:17','2022-09-22 01:29:17'),(4159,1,'en','plugins/language/language','select_flag','Select a flag...','2022-09-22 01:29:17','2022-09-22 01:29:17'),(4160,1,'en','plugins/language/language','delete_confirmation_message','Do you really want to delete this language? It also deletes all items in this language and cannot rollback!','2022-09-22 01:29:17','2022-09-22 01:29:17'),(4161,1,'en','plugins/language/language','added_already','This language was added already!','2022-09-22 01:29:17','2022-09-22 01:29:17'),(4162,1,'en','plugins/language/language','language_auto_detect_user_language','Auto detect user language?','2022-09-22 01:29:17','2022-09-22 01:29:17'),(4163,1,'vi','plugins/language/language','name','Ngôn ngữ','2022-09-22 01:29:17','2022-09-22 01:29:17'),(4164,1,'vi','plugins/language/language','choose_language','Chọn một ngôn ngữ','2022-09-22 01:29:17','2022-09-22 01:29:17'),(4165,1,'vi','plugins/language/language','select_language','Chọn ngôn ngữ','2022-09-22 01:29:17','2022-09-22 01:29:17'),(4166,1,'vi','plugins/language/language','choose_language_helper','Bạn có thể chọn 1 ngôn ngữ trong danh sách hoặc nhập trực tiếp nội dung xuống các mục dưới','2022-09-22 01:29:17','2022-09-22 01:29:17'),(4167,1,'vi','plugins/language/language','language_name','Tên đầy đủ','2022-09-22 01:29:17','2022-09-22 01:29:17'),(4168,1,'vi','plugins/language/language','language_name_helper','Tên ngôn ngữ sẽ được hiển thị trên website (ví dụ: Tiếng Anh).','2022-09-22 01:29:17','2022-09-22 01:29:17'),(4169,1,'vi','plugins/language/language','locale','Locale','2022-09-22 01:29:17','2022-09-22 01:29:17'),(4170,1,'vi','plugins/language/language','locale_helper','Laravel Locale cho ngôn ngữ này (ví dụ: <code>en</code>).','2022-09-22 01:29:17','2022-09-22 01:29:17'),(4171,1,'vi','plugins/language/language','language_code','Mã ngôn ngữ','2022-09-22 01:29:17','2022-09-22 01:29:17'),(4172,1,'vi','plugins/language/language','language_code_helper','Mã ngôn ngữ - ưu tiên dạng 2-kí tự theo chuẩn ISO 639-1 (ví dụ: en)','2022-09-22 01:29:17','2022-09-22 01:29:17'),(4173,1,'vi','plugins/language/language','text_direction','Hướng viết chữ','2022-09-22 01:29:17','2022-09-22 01:29:17'),(4174,1,'vi','plugins/language/language','text_direction_helper','Chọn hướng viết chữ cho ngôn ngữ này','2022-09-22 01:29:17','2022-09-22 01:29:17'),(4175,1,'vi','plugins/language/language','left_to_right','Trái qua phải','2022-09-22 01:29:17','2022-09-22 01:29:17'),(4176,1,'vi','plugins/language/language','right_to_left','Phải qua trái','2022-09-22 01:29:17','2022-09-22 01:29:17'),(4177,1,'vi','plugins/language/language','flag','Cờ','2022-09-22 01:29:17','2022-09-22 01:29:17'),(4178,1,'vi','plugins/language/language','flag_helper','Chọn 1 cờ cho ngôn ngữ này','2022-09-22 01:29:17','2022-09-22 01:29:17'),(4179,1,'vi','plugins/language/language','order','Sắp xếp','2022-09-22 01:29:17','2022-09-22 01:29:17'),(4180,1,'vi','plugins/language/language','order_helper','Vị trí của ngôn ngữ hiển thị trong mục chuyển đổi ngôn ngữ','2022-09-22 01:29:17','2022-09-22 01:29:17'),(4181,1,'vi','plugins/language/language','add_new_language','Thêm ngôn ngữ mới','2022-09-22 01:29:17','2022-09-22 01:29:17'),(4182,1,'vi','plugins/language/language','code','Mã','2022-09-22 01:29:17','2022-09-22 01:29:17'),(4183,1,'vi','plugins/language/language','default_language','Ngôn ngữ mặc định','2022-09-22 01:29:17','2022-09-22 01:29:17'),(4184,1,'vi','plugins/language/language','actions','Hành động','2022-09-22 01:29:17','2022-09-22 01:29:17'),(4185,1,'vi','plugins/language/language','translations','Dịch','2022-09-22 01:29:17','2022-09-22 01:29:17'),(4186,1,'vi','plugins/language/language','edit','Sửa','2022-09-22 01:29:17','2022-09-22 01:29:17'),(4187,1,'vi','plugins/language/language','edit_tooltip','Sửa ngôn ngữ này','2022-09-22 01:29:17','2022-09-22 01:29:17'),(4188,1,'vi','plugins/language/language','delete','Xóa','2022-09-22 01:29:17','2022-09-22 01:29:17'),(4189,1,'vi','plugins/language/language','delete_tooltip','Xóa ngôn ngữ này và các dữ liệu liên quan','2022-09-22 01:29:17','2022-09-22 01:29:17'),(4190,1,'vi','plugins/language/language','choose_default_language','Chọn :language làm ngôn ngữ mặc định','2022-09-22 01:29:17','2022-09-22 01:29:17'),(4191,1,'vi','plugins/language/language','add_language_for_item','Thêm ngôn ngữ khác cho bản ghi này','2022-09-22 01:29:17','2022-09-22 01:29:17'),(4192,1,'vi','plugins/language/language','current_language','Ngôn ngữ hiện tại của bản ghi','2022-09-22 01:29:18','2022-09-22 01:29:18'),(4193,1,'vi','plugins/language/language','edit_related','Sửa bản ngôn ngữ khác của bản ghi này','2022-09-22 01:29:18','2022-09-22 01:29:18'),(4194,1,'vi','plugins/language/language','confirm-change-language','Xác nhận thay đổi ngôn ngữ','2022-09-22 01:29:18','2022-09-22 01:29:18'),(4195,1,'vi','plugins/language/language','confirm-change-language-btn','Xác nhận thay đổi','2022-09-22 01:29:18','2022-09-22 01:29:18'),(4196,1,'vi','plugins/language/language','confirm-change-language-message','Bạn có chắc chắn muốn thay đổi ngôn ngữ sang tiếng \"<strong class=\"change_to_language_text\"></strong>\" ? Điều này sẽ ghi đè bản ghi tiếng \"<strong class=\"change_to_language_text\"></strong>\" nếu nó đã tồn tại!','2022-09-22 01:29:18','2022-09-22 01:29:18'),(4197,1,'vi','plugins/language/language','current_language_edit_notification','Bạn đang chỉnh sửa phiên bản tiếng \"<strong class=\"current_language_text\">:language</strong>\"','2022-09-22 01:29:18','2022-09-22 01:29:18'),(4198,1,'vi','plugins/language/language','hide_languages','Ẩn ngôn ngữ','2022-09-22 01:29:18','2022-09-22 01:29:18'),(4199,1,'vi','plugins/language/language','hide_languages_description','Bạn có thể hoàn toàn ẩn ngôn ngữ cụ thể đối với người truy cập và công cụ tìm kiếm, nhưng sẽ vẫn hiển thị trong trang quản trị. Điều này cho phép bạn biết những ngôn ngữ nào đang được xử lý.','2022-09-22 01:29:18','2022-09-22 01:29:18'),(4200,1,'vi','plugins/language/language','hide_languages_helper_display_hidden','{0} Tất cả ngôn ngữ đang được hiển thị.|{1} :language đang bị ẩn đối với người truy cập.|[2, Inf]  :language đang bị ẩn đối với người truy cập.','2022-09-22 01:29:18','2022-09-22 01:29:18'),(4201,1,'vi','plugins/language/language','language_display','Hiển thị ngôn ngữ','2022-09-22 01:29:18','2022-09-22 01:29:18'),(4202,1,'vi','plugins/language/language','language_display_all','Hiển thị cả cờ và tên ngôn ngữ','2022-09-22 01:29:18','2022-09-22 01:29:18'),(4203,1,'vi','plugins/language/language','language_display_flag_only','Chỉ hiển thị cờ','2022-09-22 01:29:18','2022-09-22 01:29:18'),(4204,1,'vi','plugins/language/language','language_display_name_only','Chỉ hiển thị tên','2022-09-22 01:29:18','2022-09-22 01:29:18'),(4205,1,'vi','plugins/language/language','language_hide_default','Ẩn ngôn ngữ mặc định trên URL','2022-09-22 01:29:18','2022-09-22 01:29:18'),(4206,1,'vi','plugins/language/language','language_switcher_display_dropdown','Dropdown','2022-09-22 01:29:18','2022-09-22 01:29:18'),(4207,1,'vi','plugins/language/language','language_switcher_display_list','Danh sách','2022-09-22 01:29:18','2022-09-22 01:29:18'),(4208,1,'vi','plugins/language/language','settings','Cài đặt','2022-09-22 01:29:18','2022-09-22 01:29:18'),(4209,1,'vi','plugins/language/language','switcher_display','Hiển thị bộ chuyển đổi ngôn ngữ','2022-09-22 01:29:18','2022-09-22 01:29:18'),(4210,1,'vi','plugins/language/language','change_language','Ngôn ngữ','2022-09-22 01:29:18','2022-09-22 01:29:18'),(4211,1,'vi','plugins/language/language','show_all','Hiển thị tất cả','2022-09-22 01:29:18','2022-09-22 01:29:18'),(4212,1,'vi','plugins/language/language','language_show_default_item_if_current_version_not_existed','Hiển thị bản ghi ở ngôn ngữ mặc định nếu phiên bản cho ngôn ngữ hiện tại chưa có','2022-09-22 01:29:18','2022-09-22 01:29:18'),(4213,1,'en','plugins/location/bulk-import','name','Bulk Import','2022-09-22 01:29:18','2022-09-22 01:29:18'),(4214,1,'en','plugins/location/bulk-import','loading_text','Importing','2022-09-22 01:29:18','2022-09-22 01:29:18'),(4215,1,'en','plugins/location/bulk-import','imported_successfully','Imported successfully.','2022-09-22 01:29:18','2022-09-22 01:29:18'),(4216,1,'en','plugins/location/bulk-import','please_choose_the_file_mime','Please choose the file mime :types','2022-09-22 01:29:18','2022-09-22 01:29:18'),(4217,1,'en','plugins/location/bulk-import','please_choose_the_file','Please choose the file','2022-09-22 01:29:18','2022-09-22 01:29:18'),(4218,1,'en','plugins/location/bulk-import','start_import','Start Import','2022-09-22 01:29:18','2022-09-22 01:29:18'),(4219,1,'en','plugins/location/bulk-import','note','Note!','2022-09-22 01:29:18','2022-09-22 01:29:18'),(4220,1,'en','plugins/location/bulk-import','warning_before_importing','If this is your first time using this feature, please read the documentation or contact the Administrator for access to the correct functionality!','2022-09-22 01:29:18','2022-09-22 01:29:18'),(4221,1,'en','plugins/location/bulk-import','results','Result: :success successes, :failed failures','2022-09-22 01:29:18','2022-09-22 01:29:18'),(4222,1,'en','plugins/location/bulk-import','failures','Failures','2022-09-22 01:29:18','2022-09-22 01:29:18'),(4223,1,'en','plugins/location/bulk-import','tables.import','Import','2022-09-22 01:29:18','2022-09-22 01:29:18'),(4224,1,'en','plugins/location/bulk-import','template','Template','2022-09-22 01:29:18','2022-09-22 01:29:18'),(4225,1,'en','plugins/location/bulk-import','rules','Rules','2022-09-22 01:29:18','2022-09-22 01:29:18'),(4226,1,'en','plugins/location/bulk-import','choose_file_with_mime','Choose file with mime: (:types)','2022-09-22 01:29:18','2022-09-22 01:29:18'),(4227,1,'en','plugins/location/bulk-import','choose_file','Choose file','2022-09-22 01:29:18','2022-09-22 01:29:18'),(4228,1,'en','plugins/location/bulk-import','menu','Import locations','2022-09-22 01:29:18','2022-09-22 01:29:18'),(4229,1,'en','plugins/location/bulk-import','download-csv-file','Download CSV template','2022-09-22 01:29:18','2022-09-22 01:29:18'),(4230,1,'en','plugins/location/bulk-import','download-excel-file','Download Excel template','2022-09-22 01:29:18','2022-09-22 01:29:18'),(4231,1,'en','plugins/location/bulk-import','downloading','Downloading...','2022-09-22 01:29:18','2022-09-22 01:29:18'),(4232,1,'en','plugins/location/bulk-import','export.template.input_error','Input error','2022-09-22 01:29:18','2022-09-22 01:29:18'),(4233,1,'en','plugins/location/bulk-import','export.template.number_not_allowed','Number is not allowed!','2022-09-22 01:29:18','2022-09-22 01:29:18'),(4234,1,'en','plugins/location/bulk-import','export.template.allowed_input','Allowed input','2022-09-22 01:29:18','2022-09-22 01:29:18'),(4235,1,'en','plugins/location/bulk-import','export.template.prompt_decimal','Only numbers or decimals are accepted and greater than or equal to :min.','2022-09-22 01:29:18','2022-09-22 01:29:18'),(4236,1,'en','plugins/location/bulk-import','export.template.prompt_whole_number','Only numbers are accepted and greater than or equal to :min.','2022-09-22 01:29:18','2022-09-22 01:29:18'),(4237,1,'en','plugins/location/bulk-import','export.template.prompt_list','Please pick a value from the drop-down list.','2022-09-22 01:29:18','2022-09-22 01:29:18'),(4238,1,'en','plugins/location/bulk-import','export.template.pick_from_list','Pick from list','2022-09-22 01:29:18','2022-09-22 01:29:18'),(4239,1,'en','plugins/location/bulk-import','export.template.value_not_in_list','Value is not in list.','2022-09-22 01:29:18','2022-09-22 01:29:18'),(4240,1,'en','plugins/location/bulk-import','export.template.max_text_length','Max text length','2022-09-22 01:29:18','2022-09-22 01:29:18'),(4241,1,'en','plugins/location/bulk-import','export.template.prompt_max_text_length','Only accept text with length less than or equal to :max.','2022-09-22 01:29:18','2022-09-22 01:29:18'),(4242,1,'en','plugins/location/bulk-import','import_failed_description','Import failed, please check the errors below!','2022-09-22 01:29:18','2022-09-22 01:29:18'),(4243,1,'en','plugins/location/bulk-import','available_enable_multi_language','Only available when you enable \"Is Multi Language?\"','2022-09-22 01:29:18','2022-09-22 01:29:18'),(4244,1,'en','plugins/location/bulk-import','import_type_required_if','The :attribute field is required when \"Import Type\" is :value.','2022-09-22 01:29:18','2022-09-22 01:29:18'),(4245,1,'en','plugins/location/bulk-import','import_available_data','Import available data','2022-09-22 01:29:18','2022-09-22 01:29:18'),(4246,1,'en','plugins/location/bulk-import','import','Import','2022-09-22 01:29:18','2022-09-22 01:29:18'),(4247,1,'en','plugins/location/bulk-import','import_available_data_confirmation','Import available data confirmation','2022-09-22 01:29:18','2022-09-22 01:29:18'),(4248,1,'en','plugins/location/bulk-import','import_available_data_confirmation_content','Do you really want to import states/cities for this country?','2022-09-22 01:29:18','2022-09-22 01:29:18'),(4249,1,'en','plugins/location/city','name','Cities','2022-09-22 01:29:18','2022-09-22 01:29:18'),(4250,1,'en','plugins/location/city','create','New city','2022-09-22 01:29:18','2022-09-22 01:29:18'),(4251,1,'en','plugins/location/city','edit','Edit city','2022-09-22 01:29:18','2022-09-22 01:29:18'),(4252,1,'en','plugins/location/city','state','State','2022-09-22 01:29:18','2022-09-22 01:29:18'),(4253,1,'en','plugins/location/city','select_state','Select state...','2022-09-22 01:29:18','2022-09-22 01:29:18'),(4254,1,'en','plugins/location/city','select_city','Select city...','2022-09-22 01:29:19','2022-09-22 01:29:19'),(4255,1,'en','plugins/location/city','country','Country','2022-09-22 01:29:19','2022-09-22 01:29:19'),(4256,1,'en','plugins/location/city','select_country','Select country...','2022-09-22 01:29:19','2022-09-22 01:29:19'),(4257,1,'en','plugins/location/city','city','City','2022-09-22 01:29:19','2022-09-22 01:29:19'),(4258,1,'en','plugins/location/country','name','Countries','2022-09-22 01:29:19','2022-09-22 01:29:19'),(4259,1,'en','plugins/location/country','create','New country','2022-09-22 01:29:19','2022-09-22 01:29:19'),(4260,1,'en','plugins/location/country','edit','Edit country','2022-09-22 01:29:19','2022-09-22 01:29:19'),(4261,1,'en','plugins/location/country','nationality','Nationality','2022-09-22 01:29:19','2022-09-22 01:29:19'),(4262,1,'en','plugins/location/country','code','Country ISO code','2022-09-22 01:29:19','2022-09-22 01:29:19'),(4263,1,'en','plugins/location/country','code_placeholder','ISO country code, uppercase. Ex: US.','2022-09-22 01:29:19','2022-09-22 01:29:19'),(4264,1,'en','plugins/location/country','code_helper','Find country ISO code from here: https://en.wikipedia.org/wiki/List_of_ISO_3166_country_codes','2022-09-22 01:29:19','2022-09-22 01:29:19'),(4265,1,'en','plugins/location/location','name','Locations','2022-09-22 01:29:19','2022-09-22 01:29:19'),(4266,1,'en','plugins/location/location','create','New location','2022-09-22 01:29:19','2022-09-22 01:29:19'),(4267,1,'en','plugins/location/location','edit','Edit location','2022-09-22 01:29:19','2022-09-22 01:29:19'),(4268,1,'en','plugins/location/location','all_states','All states','2022-09-22 01:29:19','2022-09-22 01:29:19'),(4269,1,'en','plugins/location/location','abbreviation','Abbreviation','2022-09-22 01:29:19','2022-09-22 01:29:19'),(4270,1,'en','plugins/location/location','abbreviation_placeholder','E.g: CA','2022-09-22 01:29:19','2022-09-22 01:29:19'),(4271,1,'en','plugins/location/location','exporting','Exporting','2022-09-22 01:29:19','2022-09-22 01:29:19'),(4272,1,'en','plugins/location/location','total_country','Total countries','2022-09-22 01:29:19','2022-09-22 01:29:19'),(4273,1,'en','plugins/location/location','total_state','Total states','2022-09-22 01:29:19','2022-09-22 01:29:19'),(4274,1,'en','plugins/location/location','total_city','Total cities','2022-09-22 01:29:19','2022-09-22 01:29:19'),(4275,1,'en','plugins/location/location','export_location','Export location','2022-09-22 01:29:19','2022-09-22 01:29:19'),(4276,1,'en','plugins/location/location','start_export','Start exporting','2022-09-22 01:29:19','2022-09-22 01:29:19'),(4277,1,'en','plugins/location/state','name','States','2022-09-22 01:29:19','2022-09-22 01:29:19'),(4278,1,'en','plugins/location/state','create','New state','2022-09-22 01:29:19','2022-09-22 01:29:19'),(4279,1,'en','plugins/location/state','edit','Edit state','2022-09-22 01:29:19','2022-09-22 01:29:19'),(4280,1,'en','plugins/location/state','country','Country','2022-09-22 01:29:19','2022-09-22 01:29:19'),(4281,1,'en','plugins/location/state','select_country','Select a country...','2022-09-22 01:29:19','2022-09-22 01:29:19'),(4282,1,'en','plugins/location/state','state','State','2022-09-22 01:29:19','2022-09-22 01:29:19'),(4283,1,'vi','plugins/location/city','name','Quận/huyện','2022-09-22 01:29:19','2022-09-22 01:29:19'),(4284,1,'vi','plugins/location/city','create','Thêm quận/huyện','2022-09-22 01:29:19','2022-09-22 01:29:19'),(4285,1,'vi','plugins/location/city','edit','Sửa quận/huyện','2022-09-22 01:29:19','2022-09-22 01:29:19'),(4286,1,'vi','plugins/location/city','state','Tỉnh','2022-09-22 01:29:19','2022-09-22 01:29:19'),(4287,1,'vi','plugins/location/city','select_state','Lựa chọn tỉnh/thành phố...','2022-09-22 01:29:19','2022-09-22 01:29:19'),(4288,1,'vi','plugins/location/city','select_city','Lựa chọn quận/huyện...','2022-09-22 01:29:19','2022-09-22 01:29:19'),(4289,1,'vi','plugins/location/city','country','Quốc gia','2022-09-22 01:29:19','2022-09-22 01:29:19'),(4290,1,'vi','plugins/location/city','select_country','Lựa chọn quốc gia...','2022-09-22 01:29:19','2022-09-22 01:29:19'),(4291,1,'vi','plugins/location/city','city','Quận/huyện','2022-09-22 01:29:19','2022-09-22 01:29:19'),(4292,1,'vi','plugins/location/country','name','Quốc gia','2022-09-22 01:29:19','2022-09-22 01:29:19'),(4293,1,'vi','plugins/location/country','create','Thêm quốc gia','2022-09-22 01:29:19','2022-09-22 01:29:19'),(4294,1,'vi','plugins/location/country','edit','Sửa quốc gia','2022-09-22 01:29:19','2022-09-22 01:29:19'),(4295,1,'vi','plugins/location/country','nationality','Quốc tịch','2022-09-22 01:29:19','2022-09-22 01:29:19'),(4296,1,'vi','plugins/location/location','name','Địa điểm','2022-09-22 01:29:19','2022-09-22 01:29:19'),(4297,1,'vi','plugins/location/location','create','Thêm địa điểm','2022-09-22 01:29:20','2022-09-22 01:29:20'),(4298,1,'vi','plugins/location/location','edit','Sửa địa điểm','2022-09-22 01:29:20','2022-09-22 01:29:20'),(4299,1,'vi','plugins/location/location','all_states','Tất cả tỉnh thành','2022-09-22 01:29:20','2022-09-22 01:29:20'),(4300,1,'vi','plugins/location/state','name','Tỉnh/thành phố','2022-09-22 01:29:20','2022-09-22 01:29:20'),(4301,1,'vi','plugins/location/state','create','Thêm tỉnh/thành phố','2022-09-22 01:29:20','2022-09-22 01:29:20'),(4302,1,'vi','plugins/location/state','edit','Sửa tỉnh/thành phố','2022-09-22 01:29:20','2022-09-22 01:29:20'),(4303,1,'vi','plugins/location/state','country','Quốc gia','2022-09-22 01:29:20','2022-09-22 01:29:20'),(4304,1,'vi','plugins/location/state','select_country','Lựa chọn quốc gia...','2022-09-22 01:29:20','2022-09-22 01:29:20'),(4305,1,'vi','plugins/location/state','state','Tỉnh/thành phố','2022-09-22 01:29:20','2022-09-22 01:29:20'),(4306,1,'en','plugins/marketplace/marketplace','name','Marketplace','2022-09-22 01:29:20','2022-09-22 01:29:20'),(4307,1,'en','plugins/marketplace/marketplace','email.store_new_order_title','Notice about new order','2022-09-22 01:29:20','2022-09-22 01:29:20'),(4308,1,'en','plugins/marketplace/marketplace','email.store_new_order_description','Send email to the store owner when an order placed','2022-09-22 01:29:20','2022-09-22 01:29:20'),(4309,1,'en','plugins/marketplace/marketplace','email.verify_vendor_title','Verify vendor','2022-09-22 01:29:20','2022-09-22 01:29:20'),(4310,1,'en','plugins/marketplace/marketplace','email.verify_vendor_description','Send email to the admin when a vendor registers','2022-09-22 01:29:20','2022-09-22 01:29:20'),(4311,1,'en','plugins/marketplace/marketplace','email.pending_product_approval_title','Pending product approval','2022-09-22 01:29:20','2022-09-22 01:29:20'),(4312,1,'en','plugins/marketplace/marketplace','email.pending_product_approval_description','Send email to the admin when a vendor post their products','2022-09-22 01:29:20','2022-09-22 01:29:20'),(4313,1,'en','plugins/marketplace/marketplace','email.vendor_account_approved_title','Vendor account approved','2022-09-22 01:29:20','2022-09-22 01:29:20'),(4314,1,'en','plugins/marketplace/marketplace','email.vendor_account_approved_description','Send email to vendor when their account approved','2022-09-22 01:29:20','2022-09-22 01:29:20'),(4315,1,'en','plugins/marketplace/marketplace','email.product_approved_title','Product approved','2022-09-22 01:29:20','2022-09-22 01:29:20'),(4316,1,'en','plugins/marketplace/marketplace','email.product_approved_description','Send email to vendor when their product approved','2022-09-22 01:29:20','2022-09-22 01:29:20'),(4317,1,'en','plugins/marketplace/marketplace','email.withdrawal_approved_title','Withdrawal approved','2022-09-22 01:29:20','2022-09-22 01:29:20'),(4318,1,'en','plugins/marketplace/marketplace','email.withdrawal_approved_description','Send email to vendor when their withdrawal request approved','2022-09-22 01:29:20','2022-09-22 01:29:20'),(4319,1,'en','plugins/marketplace/marketplace','current_balance','Current balance','2022-09-22 01:29:20','2022-09-22 01:29:20'),(4320,1,'en','plugins/marketplace/marketplace','settings.name','Settings','2022-09-22 01:29:20','2022-09-22 01:29:20'),(4321,1,'en','plugins/marketplace/marketplace','settings.title','Settings for marketplace','2022-09-22 01:29:20','2022-09-22 01:29:20'),(4322,1,'en','plugins/marketplace/marketplace','settings.description','','2022-09-22 01:29:20','2022-09-22 01:29:20'),(4323,1,'en','plugins/marketplace/marketplace','settings.fee_per_order','Fee per order (%), suggest: 2 or 3','2022-09-22 01:29:20','2022-09-22 01:29:20'),(4324,1,'en','plugins/marketplace/marketplace','settings.fee_withdrawal','Fee withdrawal (Fixed amount)','2022-09-22 01:29:20','2022-09-22 01:29:20'),(4325,1,'en','plugins/marketplace/marketplace','settings.check_valid_signature','Check valid signature in vendor\'s earnings','2022-09-22 01:29:20','2022-09-22 01:29:20'),(4326,1,'en','plugins/marketplace/marketplace','settings.verify_vendor','Vendor verification (Vendor just can post their product listing after getting verified)','2022-09-22 01:29:20','2022-09-22 01:29:20'),(4327,1,'en','plugins/marketplace/marketplace','settings.enable_product_approval','Enable product approval','2022-09-22 01:29:20','2022-09-22 01:29:20'),(4328,1,'en','plugins/marketplace/marketplace','settings.hide_store_phone_number','Hide store phone number?','2022-09-22 01:29:20','2022-09-22 01:29:20'),(4329,1,'en','plugins/marketplace/marketplace','theme_options.name','Marketplace','2022-09-22 01:29:20','2022-09-22 01:29:20'),(4330,1,'en','plugins/marketplace/marketplace','theme_options.description','Theme options for Marketplace','2022-09-22 01:29:20','2022-09-22 01:29:20'),(4331,1,'en','plugins/marketplace/marketplace','theme_options.logo_vendor_dashboard','Logo in the vendor dashboard (Default is the main logo)','2022-09-22 01:29:21','2022-09-22 01:29:21'),(4332,1,'en','plugins/marketplace/marketplace','store_name','Store name','2022-09-22 01:29:21','2022-09-22 01:29:21'),(4333,1,'en','plugins/marketplace/marketplace','store_email','Store email','2022-09-22 01:29:21','2022-09-22 01:29:21'),(4334,1,'en','plugins/marketplace/marketplace','store_phone','Store phone','2022-09-22 01:29:21','2022-09-22 01:29:21'),(4335,1,'en','plugins/marketplace/marketplace','product_name','Product name','2022-09-22 01:29:21','2022-09-22 01:29:21'),(4336,1,'en','plugins/marketplace/marketplace','product_url','Product URL','2022-09-22 01:29:21','2022-09-22 01:29:21'),(4337,1,'en','plugins/marketplace/marketplace','withdrawal_amount','Withdrawal amount','2022-09-22 01:29:21','2022-09-22 01:29:21'),(4338,1,'en','plugins/marketplace/marketplace','helpers.customer_status','If you change the status other than \":status\" this vendor\'s store will also change to \":store\"','2022-09-22 01:29:21','2022-09-22 01:29:21'),(4339,1,'en','plugins/marketplace/marketplace','helpers.store_status','If you change the status other than \":status\" this store\'s account will also change to \":customer\"','2022-09-22 01:29:21','2022-09-22 01:29:21'),(4340,1,'en','plugins/marketplace/marketplace','tables.earnings','Earnings','2022-09-22 01:29:21','2022-09-22 01:29:21'),(4341,1,'en','plugins/marketplace/marketplace','tables.products_count','Products Count','2022-09-22 01:29:21','2022-09-22 01:29:21'),(4342,1,'en','plugins/marketplace/order','shipping_method_required','Shipping method for \":name\" store order is required.','2022-09-22 01:29:21','2022-09-22 01:29:21'),(4343,1,'en','plugins/marketplace/order','shipping_method_in','Shipping method for \":name\" store order is invalid.','2022-09-22 01:29:21','2022-09-22 01:29:21'),(4344,1,'en','plugins/marketplace/order','shipping_option_required','Shipping option for \":name\" store order is required.','2022-09-22 01:29:21','2022-09-22 01:29:21'),(4345,1,'en','plugins/marketplace/order','refund.insufficient_balance','Balance of vendor is not enough to refund order, balance: :balance','2022-09-22 01:29:21','2022-09-22 01:29:21'),(4346,1,'en','plugins/marketplace/order','refund.description','Refunded from the order #:order','2022-09-22 01:29:21','2022-09-22 01:29:21'),(4347,1,'en','plugins/marketplace/order','products_are_from_different_vendors','Cannot create order! Products are from different vendors.','2022-09-22 01:29:21','2022-09-22 01:29:21'),(4348,1,'en','plugins/marketplace/revenue','edit','Update wallet balance','2022-09-22 01:29:21','2022-09-22 01:29:21'),(4349,1,'en','plugins/marketplace/revenue','view_store','View store \":store\"','2022-09-22 01:29:21','2022-09-22 01:29:21'),(4350,1,'en','plugins/marketplace/revenue','forms.description_placeholder','Update the exact amount with order #__ORDER_ID__ with reason: __REASON__','2022-09-22 01:29:21','2022-09-22 01:29:21'),(4351,1,'en','plugins/marketplace/revenue','forms.amount','Amount','2022-09-22 01:29:21','2022-09-22 01:29:21'),(4352,1,'en','plugins/marketplace/revenue','forms.amount_placeholder','Enter Amount','2022-09-22 01:29:21','2022-09-22 01:29:21'),(4353,1,'en','plugins/marketplace/revenue','forms.type','Type','2022-09-22 01:29:21','2022-09-22 01:29:21'),(4354,1,'en','plugins/marketplace/revenue','forms.created_by','Created By','2022-09-22 01:29:21','2022-09-22 01:29:21'),(4355,1,'en','plugins/marketplace/revenue','types.add-amount','Add Amount','2022-09-22 01:29:21','2022-09-22 01:29:21'),(4356,1,'en','plugins/marketplace/revenue','types.subtract-amount','Subtract Amount','2022-09-22 01:29:21','2022-09-22 01:29:21'),(4357,1,'en','plugins/marketplace/revenue','store_name','Store Name','2022-09-22 01:29:21','2022-09-22 01:29:21'),(4358,1,'en','plugins/marketplace/revenue','vendor_name','Vendor Name','2022-09-22 01:29:21','2022-09-22 01:29:21'),(4359,1,'en','plugins/marketplace/revenue','balance','Balance','2022-09-22 01:29:21','2022-09-22 01:29:21'),(4360,1,'en','plugins/marketplace/revenue','store_information','Store information','2022-09-22 01:29:21','2022-09-22 01:29:21'),(4361,1,'en','plugins/marketplace/revenue','update_balance','Adjust Balance','2022-09-22 01:29:21','2022-09-22 01:29:21'),(4362,1,'en','plugins/marketplace/revenue','update_balance_title','Add/Subtract amount of vendor','2022-09-22 01:29:21','2022-09-22 01:29:21'),(4363,1,'en','plugins/marketplace/revenue','statements','Statements','2022-09-22 01:29:21','2022-09-22 01:29:21'),(4364,1,'en','plugins/marketplace/revenue','products','Products','2022-09-22 01:29:21','2022-09-22 01:29:21'),(4365,1,'en','plugins/marketplace/store','name','Stores','2022-09-22 01:29:21','2022-09-22 01:29:21'),(4366,1,'en','plugins/marketplace/store','create','New store','2022-09-22 01:29:21','2022-09-22 01:29:21'),(4367,1,'en','plugins/marketplace/store','edit','Edit store','2022-09-22 01:29:21','2022-09-22 01:29:21'),(4368,1,'en','plugins/marketplace/store','view','View','2022-09-22 01:29:21','2022-09-22 01:29:21'),(4369,1,'en','plugins/marketplace/store','forms.logo','Logo','2022-09-22 01:29:21','2022-09-22 01:29:21'),(4370,1,'en','plugins/marketplace/store','forms.email','Email','2022-09-22 01:29:21','2022-09-22 01:29:21'),(4371,1,'en','plugins/marketplace/store','forms.email_placeholder','Ex: name@store.com','2022-09-22 01:29:21','2022-09-22 01:29:21'),(4372,1,'en','plugins/marketplace/store','forms.phone','Phone','2022-09-22 01:29:21','2022-09-22 01:29:21'),(4373,1,'en','plugins/marketplace/store','forms.phone_placeholder','Phone','2022-09-22 01:29:21','2022-09-22 01:29:21'),(4374,1,'en','plugins/marketplace/store','forms.address','Address','2022-09-22 01:29:21','2022-09-22 01:29:21'),(4375,1,'en','plugins/marketplace/store','forms.address_placeholder','Address','2022-09-22 01:29:21','2022-09-22 01:29:21'),(4376,1,'en','plugins/marketplace/store','forms.city','City','2022-09-22 01:29:21','2022-09-22 01:29:21'),(4377,1,'en','plugins/marketplace/store','forms.city_placeholder','City','2022-09-22 01:29:21','2022-09-22 01:29:21'),(4378,1,'en','plugins/marketplace/store','forms.state','State','2022-09-22 01:29:21','2022-09-22 01:29:21'),(4379,1,'en','plugins/marketplace/store','forms.state_placeholder','State','2022-09-22 01:29:21','2022-09-22 01:29:21'),(4380,1,'en','plugins/marketplace/store','forms.country','Country','2022-09-22 01:29:21','2022-09-22 01:29:21'),(4381,1,'en','plugins/marketplace/store','forms.country_placeholder','Country','2022-09-22 01:29:21','2022-09-22 01:29:21'),(4382,1,'en','plugins/marketplace/store','forms.store_owner','Store owner','2022-09-22 01:29:21','2022-09-22 01:29:21'),(4383,1,'en','plugins/marketplace/store','forms.select_store_owner','Select a store owner...','2022-09-22 01:29:22','2022-09-22 01:29:22'),(4384,1,'en','plugins/marketplace/store','forms.store','Store','2022-09-22 01:29:22','2022-09-22 01:29:22'),(4385,1,'en','plugins/marketplace/store','forms.select_store','Select a store...','2022-09-22 01:29:22','2022-09-22 01:29:22'),(4386,1,'en','plugins/marketplace/store','forms.is_vendor','Is vendor?','2022-09-22 01:29:22','2022-09-22 01:29:22'),(4387,1,'en','plugins/marketplace/store','store','Store','2022-09-22 01:29:22','2022-09-22 01:29:22'),(4388,1,'en','plugins/marketplace/store','store_name','Store name','2022-09-22 01:29:22','2022-09-22 01:29:22'),(4389,1,'en','plugins/marketplace/store','store_phone','Store phone','2022-09-22 01:29:22','2022-09-22 01:29:22'),(4390,1,'en','plugins/marketplace/store','store_link','Store link','2022-09-22 01:29:22','2022-09-22 01:29:22'),(4391,1,'en','plugins/marketplace/store','product_approval_notification','This product was created by :vendor. It needs to be approved to be shown on your website. :approve_link','2022-09-22 01:29:22','2022-09-22 01:29:22'),(4392,1,'en','plugins/marketplace/store','approve_here','Approve it here.','2022-09-22 01:29:22','2022-09-22 01:29:22'),(4393,1,'en','plugins/marketplace/store','approve_product_confirmation','Approve product confirmation','2022-09-22 01:29:22','2022-09-22 01:29:22'),(4394,1,'en','plugins/marketplace/store','approve_product_confirmation_description','Are you sure you really want to approve this product from :vendor?','2022-09-22 01:29:22','2022-09-22 01:29:22'),(4395,1,'en','plugins/marketplace/store','approve','Approve','2022-09-22 01:29:22','2022-09-22 01:29:22'),(4396,1,'en','plugins/marketplace/store','approve_product_success','Approved product successfully','2022-09-22 01:29:22','2022-09-22 01:29:22'),(4397,1,'en','plugins/marketplace/store','product_approved_notification','This product was created by :vendor. Approved by :user.','2022-09-22 01:29:22','2022-09-22 01:29:22'),(4398,1,'en','plugins/marketplace/store','information','Store information','2022-09-22 01:29:22','2022-09-22 01:29:22'),(4399,1,'en','plugins/marketplace/store','vendor_information','Vendor information','2022-09-22 01:29:22','2022-09-22 01:29:22'),(4400,1,'en','plugins/marketplace/store','vendor_name','Name','2022-09-22 01:29:22','2022-09-22 01:29:22'),(4401,1,'en','plugins/marketplace/store','withdrawal_approval_notification','This withdrawal request has been created by :vendor. Their current balance is :balance.','2022-09-22 01:29:22','2022-09-22 01:29:22'),(4402,1,'en','plugins/marketplace/unverified-vendor','name','Unverified vendors','2022-09-22 01:29:22','2022-09-22 01:29:22'),(4403,1,'en','plugins/marketplace/unverified-vendor','verify','Verify vendor \":name\"','2022-09-22 01:29:22','2022-09-22 01:29:22'),(4404,1,'en','plugins/marketplace/unverified-vendor','forms.email','Email','2022-09-22 01:29:22','2022-09-22 01:29:22'),(4405,1,'en','plugins/marketplace/unverified-vendor','forms.store_name','Store name','2022-09-22 01:29:22','2022-09-22 01:29:22'),(4406,1,'en','plugins/marketplace/unverified-vendor','forms.store_phone','Store phone','2022-09-22 01:29:22','2022-09-22 01:29:22'),(4407,1,'en','plugins/marketplace/unverified-vendor','forms.vendor_phone','Phone','2022-09-22 01:29:22','2022-09-22 01:29:22'),(4408,1,'en','plugins/marketplace/unverified-vendor','forms.verify_vendor','Verify vendor','2022-09-22 01:29:22','2022-09-22 01:29:22'),(4409,1,'en','plugins/marketplace/unverified-vendor','forms.registered_at','Registered At','2022-09-22 01:29:22','2022-09-22 01:29:22'),(4410,1,'en','plugins/marketplace/unverified-vendor','approve','Approve','2022-09-22 01:29:22','2022-09-22 01:29:22'),(4411,1,'en','plugins/marketplace/unverified-vendor','approve_vendor_confirmation','Approve vendor confirmation','2022-09-22 01:29:22','2022-09-22 01:29:22'),(4412,1,'en','plugins/marketplace/unverified-vendor','approve_vendor_confirmation_description','Are you sure you really want to approve :vendor for selling on this site?','2022-09-22 01:29:22','2022-09-22 01:29:22'),(4413,1,'en','plugins/marketplace/unverified-vendor','vendor_approval_notification','Do you want to approve this vendor for selling on this site? Approve here :approve_link','2022-09-22 01:29:22','2022-09-22 01:29:22'),(4414,1,'en','plugins/marketplace/withdrawal','name','Withdrawals','2022-09-22 01:29:22','2022-09-22 01:29:22'),(4415,1,'en','plugins/marketplace/withdrawal','edit','Edit withdrawal','2022-09-22 01:29:22','2022-09-22 01:29:22'),(4416,1,'en','plugins/marketplace/withdrawal','statuses.pending','Pending','2022-09-22 01:29:22','2022-09-22 01:29:22'),(4417,1,'en','plugins/marketplace/withdrawal','statuses.processing','Processing','2022-09-22 01:29:22','2022-09-22 01:29:22'),(4418,1,'en','plugins/marketplace/withdrawal','statuses.completed','Completed','2022-09-22 01:29:22','2022-09-22 01:29:22'),(4419,1,'en','plugins/marketplace/withdrawal','statuses.canceled','Canceled','2022-09-22 01:29:22','2022-09-22 01:29:22'),(4420,1,'en','plugins/marketplace/withdrawal','statuses.refused','Refused','2022-09-22 01:29:22','2022-09-22 01:29:22'),(4421,1,'en','plugins/marketplace/withdrawal','amount','Amount','2022-09-22 01:29:22','2022-09-22 01:29:22'),(4422,1,'en','plugins/marketplace/withdrawal','customer','Customer','2022-09-22 01:29:22','2022-09-22 01:29:22'),(4423,1,'en','plugins/marketplace/withdrawal','vendor','Vendor','2022-09-22 01:29:22','2022-09-22 01:29:22'),(4424,1,'en','plugins/marketplace/withdrawal','currency','Currency','2022-09-22 01:29:22','2022-09-22 01:29:22'),(4425,1,'en','plugins/marketplace/withdrawal','forms.amount','Amount','2022-09-22 01:29:22','2022-09-22 01:29:22'),(4426,1,'en','plugins/marketplace/withdrawal','forms.amount_placeholder','Amount you want to withdrawal','2022-09-22 01:29:22','2022-09-22 01:29:22'),(4427,1,'en','plugins/marketplace/withdrawal','forms.fee','Fee','2022-09-22 01:29:22','2022-09-22 01:29:22'),(4428,1,'en','plugins/marketplace/withdrawal','forms.fee_helper','You have to pay a fee when withdrawing: :fee','2022-09-22 01:29:22','2022-09-22 01:29:22'),(4429,1,'en','plugins/marketplace/withdrawal','forms.pending_status_helper','To complete withdrawal, please update status as processing then completed','2022-09-22 01:29:22','2022-09-22 01:29:22'),(4430,1,'en','plugins/marketplace/withdrawal','forms.payment_channel','Payment Channel','2022-09-22 01:29:22','2022-09-22 01:29:22'),(4431,1,'en','plugins/marketplace/withdrawal','forms.payment_channel_placeholder','Payment Channel','2022-09-22 01:29:22','2022-09-22 01:29:22'),(4432,1,'en','plugins/marketplace/withdrawal','forms.transaction_id','Transaction ID','2022-09-22 01:29:23','2022-09-22 01:29:23'),(4433,1,'en','plugins/marketplace/withdrawal','forms.transaction_id_placeholder','Transaction ID','2022-09-22 01:29:23','2022-09-22 01:29:23'),(4434,1,'en','plugins/marketplace/withdrawal','forms.amount_with_balance','Amount (balance: :balance)','2022-09-22 01:29:23','2022-09-22 01:29:23'),(4435,1,'en','plugins/newsletter/newsletter','name','Newsletters','2022-09-22 01:29:23','2022-09-22 01:29:23'),(4436,1,'en','plugins/newsletter/newsletter','settings.email.templates.title','Newsletter','2022-09-22 01:29:23','2022-09-22 01:29:23'),(4437,1,'en','plugins/newsletter/newsletter','settings.email.templates.description','Config newsletter email templates','2022-09-22 01:29:23','2022-09-22 01:29:23'),(4438,1,'en','plugins/newsletter/newsletter','settings.email.templates.to_admin.title','Email send to admin','2022-09-22 01:29:24','2022-09-22 01:29:24'),(4439,1,'en','plugins/newsletter/newsletter','settings.email.templates.to_admin.description','Template for sending email to admin','2022-09-22 01:29:24','2022-09-22 01:29:24'),(4440,1,'en','plugins/newsletter/newsletter','settings.email.templates.to_user.title','Email send to user','2022-09-22 01:29:24','2022-09-22 01:29:24'),(4441,1,'en','plugins/newsletter/newsletter','settings.email.templates.to_user.description','Template for sending email to subscriber','2022-09-22 01:29:24','2022-09-22 01:29:24'),(4442,1,'en','plugins/newsletter/newsletter','settings.title','Newsletter','2022-09-22 01:29:24','2022-09-22 01:29:24'),(4443,1,'en','plugins/newsletter/newsletter','settings.description','Settings for newsletter','2022-09-22 01:29:24','2022-09-22 01:29:24'),(4444,1,'en','plugins/newsletter/newsletter','settings.mailchimp_api_key','Mailchimp API Key','2022-09-22 01:29:24','2022-09-22 01:29:24'),(4445,1,'en','plugins/newsletter/newsletter','settings.mailchimp_list_id','Mailchimp List ID','2022-09-22 01:29:24','2022-09-22 01:29:24'),(4446,1,'en','plugins/newsletter/newsletter','settings.mailchimp_list','Mailchimp List','2022-09-22 01:29:24','2022-09-22 01:29:24'),(4447,1,'en','plugins/newsletter/newsletter','settings.sendgrid_api_key','Sendgrid API Key','2022-09-22 01:29:24','2022-09-22 01:29:24'),(4448,1,'en','plugins/newsletter/newsletter','settings.sendgrid_list_id','Sendgrid List ID','2022-09-22 01:29:24','2022-09-22 01:29:24'),(4449,1,'en','plugins/newsletter/newsletter','settings.sendgrid_list','Sendgrid List','2022-09-22 01:29:24','2022-09-22 01:29:24'),(4450,1,'en','plugins/newsletter/newsletter','statuses.subscribed','Subscribed','2022-09-22 01:29:24','2022-09-22 01:29:24'),(4451,1,'en','plugins/newsletter/newsletter','statuses.unsubscribed','Unsubscribed','2022-09-22 01:29:24','2022-09-22 01:29:24'),(4452,1,'vi','plugins/newsletter/newsletter','name','Đăng ký nhận bản tin','2022-09-22 01:29:24','2022-09-22 01:29:24'),(4453,1,'vi','plugins/newsletter/newsletter','settings.email.templates.title','Đăng ký nhận bản tin','2022-09-22 01:29:24','2022-09-22 01:29:24'),(4454,1,'vi','plugins/newsletter/newsletter','settings.email.templates.description','Cấu hình email xác nhận đăng ký nhận bản tin','2022-09-22 01:29:24','2022-09-22 01:29:24'),(4455,1,'vi','plugins/newsletter/newsletter','settings.email.templates.to_admin.title','Email gửi tới cho quản trị viên','2022-09-22 01:29:24','2022-09-22 01:29:24'),(4456,1,'vi','plugins/newsletter/newsletter','settings.email.templates.to_admin.description','Mẫu email gửi tới cho quản trị viên','2022-09-22 01:29:24','2022-09-22 01:29:24'),(4457,1,'vi','plugins/newsletter/newsletter','settings.email.templates.to_user.title','Email gửi tới cho người đăng ký','2022-09-22 01:29:24','2022-09-22 01:29:24'),(4458,1,'vi','plugins/newsletter/newsletter','settings.email.templates.to_user.description','Mẫu email gửi tới cho người đăng ký','2022-09-22 01:29:25','2022-09-22 01:29:25'),(4459,1,'vi','plugins/newsletter/newsletter','statuses.subscribed','Theo dõi','2022-09-22 01:29:25','2022-09-22 01:29:25'),(4460,1,'vi','plugins/newsletter/newsletter','statuses.unsubscribed','Hủy theo dõi','2022-09-22 01:29:25','2022-09-22 01:29:25'),(4461,1,'en','plugins/payment/payment','payments','Payments','2022-09-22 01:29:25','2022-09-22 01:29:25'),(4462,1,'en','plugins/payment/payment','checkout_success','Checkout successfully!','2022-09-22 01:29:25','2022-09-22 01:29:25'),(4463,1,'en','plugins/payment/payment','view_payment','View payment #','2022-09-22 01:29:25','2022-09-22 01:29:25'),(4464,1,'en','plugins/payment/payment','charge_id','Charge ID','2022-09-22 01:29:25','2022-09-22 01:29:25'),(4465,1,'en','plugins/payment/payment','amount','Amount','2022-09-22 01:29:25','2022-09-22 01:29:25'),(4466,1,'en','plugins/payment/payment','currency','Currency','2022-09-22 01:29:25','2022-09-22 01:29:25'),(4467,1,'en','plugins/payment/payment','user','User','2022-09-22 01:29:25','2022-09-22 01:29:25'),(4468,1,'en','plugins/payment/payment','stripe','Stripe','2022-09-22 01:29:25','2022-09-22 01:29:25'),(4469,1,'en','plugins/payment/payment','paypal','PayPal','2022-09-22 01:29:25','2022-09-22 01:29:25'),(4470,1,'en','plugins/payment/payment','action','Action','2022-09-22 01:29:25','2022-09-22 01:29:25'),(4471,1,'en','plugins/payment/payment','payment_via_card','Payment via card','2022-09-22 01:29:25','2022-09-22 01:29:25'),(4472,1,'en','plugins/payment/payment','card_number','Card number','2022-09-22 01:29:25','2022-09-22 01:29:25'),(4473,1,'en','plugins/payment/payment','full_name','Full name','2022-09-22 01:29:25','2022-09-22 01:29:25'),(4474,1,'en','plugins/payment/payment','payment_via_paypal','Fast and safe online payment via PayPal.','2022-09-22 01:29:25','2022-09-22 01:29:25'),(4475,1,'en','plugins/payment/payment','mm_yy','MM/YY','2022-09-22 01:29:25','2022-09-22 01:29:25'),(4476,1,'en','plugins/payment/payment','cvc','CVC','2022-09-22 01:29:25','2022-09-22 01:29:25'),(4477,1,'en','plugins/payment/payment','details','Details','2022-09-22 01:29:25','2022-09-22 01:29:25'),(4478,1,'en','plugins/payment/payment','payer_name','Payer Name','2022-09-22 01:29:25','2022-09-22 01:29:25'),(4479,1,'en','plugins/payment/payment','email','Email','2022-09-22 01:29:25','2022-09-22 01:29:25'),(4480,1,'en','plugins/payment/payment','phone','Phone','2022-09-22 01:29:25','2022-09-22 01:29:25'),(4481,1,'en','plugins/payment/payment','country','Country','2022-09-22 01:29:25','2022-09-22 01:29:25'),(4482,1,'en','plugins/payment/payment','shipping_address','Shipping Address','2022-09-22 01:29:25','2022-09-22 01:29:25'),(4483,1,'en','plugins/payment/payment','payment_details','Payment Details','2022-09-22 01:29:25','2022-09-22 01:29:25'),(4484,1,'en','plugins/payment/payment','card','Card','2022-09-22 01:29:25','2022-09-22 01:29:25'),(4485,1,'en','plugins/payment/payment','address','Address','2022-09-22 01:29:25','2022-09-22 01:29:25'),(4486,1,'en','plugins/payment/payment','could_not_get_stripe_token','Could not get Stripe token to make a charge.','2022-09-22 01:29:25','2022-09-22 01:29:25'),(4487,1,'en','plugins/payment/payment','payment_id','Payment ID','2022-09-22 01:29:25','2022-09-22 01:29:25'),(4488,1,'en','plugins/payment/payment','payment_methods','Payment methods','2022-09-22 01:29:25','2022-09-22 01:29:25'),(4489,1,'en','plugins/payment/payment','transactions','Transactions','2022-09-22 01:29:25','2022-09-22 01:29:25'),(4490,1,'en','plugins/payment/payment','payment_methods_description','Setup payment methods for website','2022-09-22 01:29:25','2022-09-22 01:29:25'),(4491,1,'en','plugins/payment/payment','paypal_description','Customer can buy product and pay directly via PayPal','2022-09-22 01:29:25','2022-09-22 01:29:25'),(4492,1,'en','plugins/payment/payment','use','Use','2022-09-22 01:29:25','2022-09-22 01:29:25'),(4493,1,'en','plugins/payment/payment','stripe_description','Customer can buy product and pay directly using Visa, Credit card via Stripe','2022-09-22 01:29:25','2022-09-22 01:29:25'),(4494,1,'en','plugins/payment/payment','edit','Edit','2022-09-22 01:29:25','2022-09-22 01:29:25'),(4495,1,'en','plugins/payment/payment','settings','Settings','2022-09-22 01:29:25','2022-09-22 01:29:25'),(4496,1,'en','plugins/payment/payment','activate','Activate','2022-09-22 01:29:25','2022-09-22 01:29:25'),(4497,1,'en','plugins/payment/payment','deactivate','Deactivate','2022-09-22 01:29:25','2022-09-22 01:29:25'),(4498,1,'en','plugins/payment/payment','update','Update','2022-09-22 01:29:25','2022-09-22 01:29:25'),(4499,1,'en','plugins/payment/payment','configuration_instruction','Configuration instruction for :name','2022-09-22 01:29:25','2022-09-22 01:29:25'),(4500,1,'en','plugins/payment/payment','configuration_requirement','To use :name, you need','2022-09-22 01:29:25','2022-09-22 01:29:25'),(4501,1,'en','plugins/payment/payment','service_registration','Register with :name','2022-09-22 01:29:25','2022-09-22 01:29:25'),(4502,1,'en','plugins/payment/payment','after_service_registration_msg','After registration at :name, you will have Client ID, Client Secret','2022-09-22 01:29:26','2022-09-22 01:29:26'),(4503,1,'en','plugins/payment/payment','enter_client_id_and_secret','Enter Client ID, Secret into the box in right hand','2022-09-22 01:29:26','2022-09-22 01:29:26'),(4504,1,'en','plugins/payment/payment','method_name','Method name','2022-09-22 01:29:26','2022-09-22 01:29:26'),(4505,1,'en','plugins/payment/payment','please_provide_information','Please provide information','2022-09-22 01:29:26','2022-09-22 01:29:26'),(4506,1,'en','plugins/payment/payment','client_id','Client ID','2022-09-22 01:29:26','2022-09-22 01:29:26'),(4507,1,'en','plugins/payment/payment','client_secret','Client Secret','2022-09-22 01:29:26','2022-09-22 01:29:26'),(4508,1,'en','plugins/payment/payment','secret','Secret','2022-09-22 01:29:26','2022-09-22 01:29:26'),(4509,1,'en','plugins/payment/payment','stripe_key','Stripe Public Key','2022-09-22 01:29:26','2022-09-22 01:29:26'),(4510,1,'en','plugins/payment/payment','stripe_secret','Stripe Private Key','2022-09-22 01:29:26','2022-09-22 01:29:26'),(4511,1,'en','plugins/payment/payment','stripe_after_service_registration_msg','After registration at :name, you will have Public, Secret keys','2022-09-22 01:29:26','2022-09-22 01:29:26'),(4512,1,'en','plugins/payment/payment','stripe_enter_client_id_and_secret','Enter Public, Secret keys into the box in right hand','2022-09-22 01:29:26','2022-09-22 01:29:26'),(4513,1,'en','plugins/payment/payment','pay_online_via','Pay online via :name','2022-09-22 01:29:26','2022-09-22 01:29:26'),(4514,1,'en','plugins/payment/payment','sandbox_mode','Sandbox mode','2022-09-22 01:29:26','2022-09-22 01:29:26'),(4515,1,'en','plugins/payment/payment','deactivate_payment_method','Deactivate payment method','2022-09-22 01:29:26','2022-09-22 01:29:26'),(4516,1,'en','plugins/payment/payment','deactivate_payment_method_description','Do you really want to deactivate this payment method?','2022-09-22 01:29:26','2022-09-22 01:29:26'),(4517,1,'en','plugins/payment/payment','agree','Agree','2022-09-22 01:29:26','2022-09-22 01:29:26'),(4518,1,'en','plugins/payment/payment','name','Payments','2022-09-22 01:29:26','2022-09-22 01:29:26'),(4519,1,'en','plugins/payment/payment','create','New payment','2022-09-22 01:29:26','2022-09-22 01:29:26'),(4520,1,'en','plugins/payment/payment','go_back','Go back','2022-09-22 01:29:26','2022-09-22 01:29:26'),(4521,1,'en','plugins/payment/payment','information','Information','2022-09-22 01:29:26','2022-09-22 01:29:26'),(4522,1,'en','plugins/payment/payment','methods.paypal','PayPal','2022-09-22 01:29:26','2022-09-22 01:29:26'),(4523,1,'en','plugins/payment/payment','methods.cod','Cash on delivery (COD)','2022-09-22 01:29:26','2022-09-22 01:29:26'),(4524,1,'en','plugins/payment/payment','methods.bank_transfer','Bank transfer','2022-09-22 01:29:26','2022-09-22 01:29:26'),(4525,1,'en','plugins/payment/payment','statuses.pending','Pending','2022-09-22 01:29:26','2022-09-22 01:29:26'),(4526,1,'en','plugins/payment/payment','statuses.completed','Completed','2022-09-22 01:29:26','2022-09-22 01:29:26'),(4527,1,'en','plugins/payment/payment','statuses.refunding','Refunding','2022-09-22 01:29:26','2022-09-22 01:29:26'),(4528,1,'en','plugins/payment/payment','statuses.refunded','Refunded','2022-09-22 01:29:26','2022-09-22 01:29:26'),(4529,1,'en','plugins/payment/payment','statuses.fraud','Fraud','2022-09-22 01:29:26','2022-09-22 01:29:26'),(4530,1,'en','plugins/payment/payment','statuses.failed','Failed','2022-09-22 01:29:26','2022-09-22 01:29:26'),(4531,1,'en','plugins/payment/payment','payment_methods_instruction','Guide customers to pay directly. You can choose to pay by delivery or bank transfer','2022-09-22 01:29:26','2022-09-22 01:29:26'),(4532,1,'en','plugins/payment/payment','payment_method_description','Payment guide - (Displayed on the notice of successful purchase and payment page)','2022-09-22 01:29:26','2022-09-22 01:29:26'),(4533,1,'en','plugins/payment/payment','payment_via_cod','Cash on delivery (COD)','2022-09-22 01:29:26','2022-09-22 01:29:26'),(4534,1,'en','plugins/payment/payment','payment_via_bank_transfer','Bank transfer','2022-09-22 01:29:26','2022-09-22 01:29:26'),(4535,1,'en','plugins/payment/payment','payment_pending','Checkout successfully. Your payment is pending and will be checked by our staff.','2022-09-22 01:29:26','2022-09-22 01:29:26'),(4536,1,'en','plugins/payment/payment','created_at','Created At','2022-09-22 01:29:26','2022-09-22 01:29:26'),(4537,1,'en','plugins/payment/payment','payment_channel','Payment Channel','2022-09-22 01:29:26','2022-09-22 01:29:26'),(4538,1,'en','plugins/payment/payment','total','Total','2022-09-22 01:29:26','2022-09-22 01:29:26'),(4539,1,'en','plugins/payment/payment','status','Status','2022-09-22 01:29:26','2022-09-22 01:29:26'),(4540,1,'en','plugins/payment/payment','default_payment_method','Default payment method','2022-09-22 01:29:26','2022-09-22 01:29:26'),(4541,1,'en','plugins/payment/payment','turn_off_success','Turn off payment method successfully!','2022-09-22 01:29:26','2022-09-22 01:29:26'),(4542,1,'en','plugins/payment/payment','saved_payment_method_success','Saved payment method successfully!','2022-09-22 01:29:26','2022-09-22 01:29:26'),(4543,1,'en','plugins/payment/payment','saved_payment_settings_success','Saved payment settings successfully!','2022-09-22 01:29:26','2022-09-22 01:29:26'),(4544,1,'en','plugins/payment/payment','payment_name','Name','2022-09-22 01:29:26','2022-09-22 01:29:26'),(4545,1,'en','plugins/payment/payment','payment_not_found','Payment not found!','2022-09-22 01:29:26','2022-09-22 01:29:26'),(4546,1,'en','plugins/payment/payment','refunds.title','Refunds','2022-09-22 01:29:26','2022-09-22 01:29:26'),(4547,1,'en','plugins/payment/payment','refunds.id','ID','2022-09-22 01:29:26','2022-09-22 01:29:26'),(4548,1,'en','plugins/payment/payment','refunds.breakdowns','Breakdowns','2022-09-22 01:29:26','2022-09-22 01:29:26'),(4549,1,'en','plugins/payment/payment','refunds.gross_amount','Gross amount','2022-09-22 01:29:26','2022-09-22 01:29:26'),(4550,1,'en','plugins/payment/payment','refunds.paypal_fee','PayPal fee','2022-09-22 01:29:26','2022-09-22 01:29:26'),(4551,1,'en','plugins/payment/payment','refunds.net_amount','Net amount','2022-09-22 01:29:26','2022-09-22 01:29:26'),(4552,1,'en','plugins/payment/payment','refunds.total_refunded_amount','Total refunded amount','2022-09-22 01:29:26','2022-09-22 01:29:26'),(4553,1,'en','plugins/payment/payment','refunds.create_time','Create time','2022-09-22 01:29:26','2022-09-22 01:29:26'),(4554,1,'en','plugins/payment/payment','refunds.update_time','Update time','2022-09-22 01:29:26','2022-09-22 01:29:26'),(4555,1,'en','plugins/payment/payment','refunds.status','Status','2022-09-22 01:29:26','2022-09-22 01:29:26'),(4556,1,'en','plugins/payment/payment','refunds.description','Description','2022-09-22 01:29:26','2022-09-22 01:29:26'),(4557,1,'en','plugins/payment/payment','refunds.refunded_at','Refunded at','2022-09-22 01:29:27','2022-09-22 01:29:27'),(4558,1,'en','plugins/payment/payment','refunds.error_message','Error message','2022-09-22 01:29:27','2022-09-22 01:29:27'),(4559,1,'en','plugins/payment/payment','view_response_source','View response source','2022-09-22 01:29:27','2022-09-22 01:29:27'),(4560,1,'en','plugins/payment/payment','status_is_not_completed','Status is not COMPLETED','2022-09-22 01:29:27','2022-09-22 01:29:27'),(4561,1,'en','plugins/payment/payment','cannot_found_capture_id','Can not found capture id with payment detail','2022-09-22 01:29:27','2022-09-22 01:29:27'),(4562,1,'en','plugins/payment/payment','amount_refunded','Amount refunded','2022-09-22 01:29:27','2022-09-22 01:29:27'),(4563,1,'en','plugins/payment/payment','amount_remaining','Amount remaining','2022-09-22 01:29:27','2022-09-22 01:29:27'),(4564,1,'en','plugins/payment/payment','paid_at','Paid At','2022-09-22 01:29:27','2022-09-22 01:29:27'),(4565,1,'en','plugins/payment/payment','invalid_settings','Settings for :name are invalid!','2022-09-22 01:29:27','2022-09-22 01:29:27'),(4566,1,'en','plugins/payment/payment','view_transaction','Transaction \":charge_id\"','2022-09-22 01:29:27','2022-09-22 01:29:27'),(4567,1,'en','plugins/payment/payment','payment_description','Pay for your order #:order_id at :site_url','2022-09-22 01:29:27','2022-09-22 01:29:27'),(4568,1,'vi','plugins/payment/payment','payments','Thanh toán','2022-09-22 01:29:27','2022-09-22 01:29:27'),(4569,1,'vi','plugins/payment/payment','checkout_success','Thanh toán thành công!','2022-09-22 01:29:27','2022-09-22 01:29:27'),(4570,1,'vi','plugins/payment/payment','view_payment','Xem thanh toán #','2022-09-22 01:29:27','2022-09-22 01:29:27'),(4571,1,'vi','plugins/payment/payment','charge_id','Mã thanh toán','2022-09-22 01:29:27','2022-09-22 01:29:27'),(4572,1,'vi','plugins/payment/payment','amount','Số tiền','2022-09-22 01:29:27','2022-09-22 01:29:27'),(4573,1,'vi','plugins/payment/payment','currency','Loại tiền tệ','2022-09-22 01:29:27','2022-09-22 01:29:27'),(4574,1,'vi','plugins/payment/payment','user','Người dùng','2022-09-22 01:29:27','2022-09-22 01:29:27'),(4575,1,'vi','plugins/payment/payment','stripe','Stripe','2022-09-22 01:29:27','2022-09-22 01:29:27'),(4576,1,'vi','plugins/payment/payment','paypal','PayPal','2022-09-22 01:29:27','2022-09-22 01:29:27'),(4577,1,'vi','plugins/payment/payment','action','Hành động','2022-09-22 01:29:27','2022-09-22 01:29:27'),(4578,1,'vi','plugins/payment/payment','payment_via_card','Thanh toán qua thẻ','2022-09-22 01:29:27','2022-09-22 01:29:27'),(4579,1,'vi','plugins/payment/payment','card_number','Số thẻ','2022-09-22 01:29:27','2022-09-22 01:29:27'),(4580,1,'vi','plugins/payment/payment','full_name','Họ tên','2022-09-22 01:29:27','2022-09-22 01:29:27'),(4581,1,'vi','plugins/payment/payment','payment_via_paypal','Thanh toán qua PayPal','2022-09-22 01:29:27','2022-09-22 01:29:27'),(4582,1,'vi','plugins/payment/payment','mm_yy','MM/YY','2022-09-22 01:29:27','2022-09-22 01:29:27'),(4583,1,'vi','plugins/payment/payment','cvc','CVC','2022-09-22 01:29:27','2022-09-22 01:29:27'),(4584,1,'vi','plugins/payment/payment','details','Chi tiết','2022-09-22 01:29:27','2022-09-22 01:29:27'),(4585,1,'vi','plugins/payment/payment','payer_name','Tên người mua','2022-09-22 01:29:27','2022-09-22 01:29:27'),(4586,1,'vi','plugins/payment/payment','email','Email','2022-09-22 01:29:27','2022-09-22 01:29:27'),(4587,1,'vi','plugins/payment/payment','phone','Điện thoại','2022-09-22 01:29:27','2022-09-22 01:29:27'),(4588,1,'vi','plugins/payment/payment','country','Quốc gia','2022-09-22 01:29:27','2022-09-22 01:29:27'),(4589,1,'vi','plugins/payment/payment','shipping_address','Địa chỉ giao hàng','2022-09-22 01:29:27','2022-09-22 01:29:27'),(4590,1,'vi','plugins/payment/payment','payment_details','Chi tiết thanh toán','2022-09-22 01:29:27','2022-09-22 01:29:27'),(4591,1,'vi','plugins/payment/payment','card','Thẻ','2022-09-22 01:29:27','2022-09-22 01:29:27'),(4592,1,'vi','plugins/payment/payment','address','Địa chỉ','2022-09-22 01:29:27','2022-09-22 01:29:27'),(4593,1,'vi','plugins/payment/payment','could_not_get_stripe_token','Không thể lấy mã Stripe để thanh toán.','2022-09-22 01:29:27','2022-09-22 01:29:27'),(4594,1,'vi','plugins/payment/payment','payment_id','Mã thanh toán','2022-09-22 01:29:27','2022-09-22 01:29:27'),(4595,1,'vi','plugins/payment/payment','payment_methods','Phương thức thanh toán','2022-09-22 01:29:27','2022-09-22 01:29:27'),(4596,1,'vi','plugins/payment/payment','transactions','Lịch sử giao dịch','2022-09-22 01:29:27','2022-09-22 01:29:27'),(4597,1,'vi','plugins/payment/payment','payment_methods_description','Cài đặt các phương thức thanh toán cho website','2022-09-22 01:29:27','2022-09-22 01:29:27'),(4598,1,'vi','plugins/payment/payment','paypal_description','Khách hàng có thể mua hàng và thanh toán trực tiếp thông qua cổng thanh toán PayPal','2022-09-22 01:29:27','2022-09-22 01:29:27'),(4599,1,'vi','plugins/payment/payment','use','Dùng','2022-09-22 01:29:27','2022-09-22 01:29:27'),(4600,1,'vi','plugins/payment/payment','stripe_description','Khách hàng có thể mua hàng và thanh toán bằng Visa, Credit card thông qua cổng thanh toán Stripe','2022-09-22 01:29:27','2022-09-22 01:29:27'),(4601,1,'vi','plugins/payment/payment','edit','Chỉnh sửa','2022-09-22 01:29:27','2022-09-22 01:29:27'),(4602,1,'vi','plugins/payment/payment','settings','Cài đặt','2022-09-22 01:29:27','2022-09-22 01:29:27'),(4603,1,'vi','plugins/payment/payment','activate','Kích hoạt','2022-09-22 01:29:27','2022-09-22 01:29:27'),(4604,1,'vi','plugins/payment/payment','deactivate','Huỷ kích hoạt','2022-09-22 01:29:27','2022-09-22 01:29:27'),(4605,1,'vi','plugins/payment/payment','update','Cập nhật','2022-09-22 01:29:27','2022-09-22 01:29:27'),(4606,1,'vi','plugins/payment/payment','configuration_instruction','Hướng dẫn cấu hình :name','2022-09-22 01:29:27','2022-09-22 01:29:27'),(4607,1,'vi','plugins/payment/payment','configuration_requirement','Để sử dụng :name bạn cần','2022-09-22 01:29:27','2022-09-22 01:29:27'),(4608,1,'vi','plugins/payment/payment','service_registration','Đăng ký dịch vụ với :name','2022-09-22 01:29:27','2022-09-22 01:29:27'),(4609,1,'vi','plugins/payment/payment','after_service_registration_msg','Sau khi hoàn tất các bước đăng ký tại :name, bạn sẽ có các thông số Client ID, Client Secret','2022-09-22 01:29:27','2022-09-22 01:29:27'),(4610,1,'vi','plugins/payment/payment','enter_client_id_and_secret','Nhập các thông số Client ID, Secret vào ô bên phải','2022-09-22 01:29:27','2022-09-22 01:29:27'),(4611,1,'vi','plugins/payment/payment','method_name','Tên phương thức','2022-09-22 01:29:27','2022-09-22 01:29:27'),(4612,1,'vi','plugins/payment/payment','please_provide_information','Xin vui lòng cung cấp thông tin','2022-09-22 01:29:27','2022-09-22 01:29:27'),(4613,1,'vi','plugins/payment/payment','client_id','Client ID','2022-09-22 01:29:27','2022-09-22 01:29:27'),(4614,1,'vi','plugins/payment/payment','client_secret','Client Secret','2022-09-22 01:29:27','2022-09-22 01:29:27'),(4615,1,'vi','plugins/payment/payment','stripe_key','Stripe Key','2022-09-22 01:29:27','2022-09-22 01:29:27'),(4616,1,'vi','plugins/payment/payment','stripe_secret','Stripe Secret','2022-09-22 01:29:27','2022-09-22 01:29:27'),(4617,1,'vi','plugins/payment/payment','stripe_after_service_registration_msg','After registration at :name, you will have Public, Secret keys','2022-09-22 01:29:27','2022-09-22 01:29:27'),(4618,1,'vi','plugins/payment/payment','stripe_enter_client_id_and_secret','Enter Public, Secret keys into the box in right hand','2022-09-22 01:29:27','2022-09-22 01:29:27'),(4619,1,'vi','plugins/payment/payment','secret','Secret','2022-09-22 01:29:27','2022-09-22 01:29:27'),(4620,1,'vi','plugins/payment/payment','pay_online_via','Thanh toán online qua :name','2022-09-22 01:29:28','2022-09-22 01:29:28'),(4621,1,'vi','plugins/payment/payment','sandbox_mode','Chế độ thử nghiệm','2022-09-22 01:29:28','2022-09-22 01:29:28'),(4622,1,'vi','plugins/payment/payment','deactivate_payment_method','Huỷ kích hoạt phương thức','2022-09-22 01:29:28','2022-09-22 01:29:28'),(4623,1,'vi','plugins/payment/payment','deactivate_payment_method_description','Bạn có chắc chắn muốn huỷ phương thức thành toán này?','2022-09-22 01:29:28','2022-09-22 01:29:28'),(4624,1,'vi','plugins/payment/payment','agree','Đồng ý','2022-09-22 01:29:28','2022-09-22 01:29:28'),(4625,1,'vi','plugins/payment/payment','name','Thanh toán','2022-09-22 01:29:28','2022-09-22 01:29:28'),(4626,1,'vi','plugins/payment/payment','create','Thêm thanh toán mới','2022-09-22 01:29:28','2022-09-22 01:29:28'),(4627,1,'vi','plugins/payment/payment','go_back','Trở lại','2022-09-22 01:29:28','2022-09-22 01:29:28'),(4628,1,'vi','plugins/payment/payment','information','Thông tin','2022-09-22 01:29:28','2022-09-22 01:29:28'),(4629,1,'vi','plugins/payment/payment','methods.paypal','PayPal','2022-09-22 01:29:28','2022-09-22 01:29:28'),(4630,1,'vi','plugins/payment/payment','methods.cod','Thanh toán khi giao hàng (COD)','2022-09-22 01:29:28','2022-09-22 01:29:28'),(4631,1,'vi','plugins/payment/payment','methods.bank_transfer','Chuyển khoản qua ngân hàng','2022-09-22 01:29:28','2022-09-22 01:29:28'),(4632,1,'vi','plugins/payment/payment','statuses.pending','Chưa hoàn tất','2022-09-22 01:29:28','2022-09-22 01:29:28'),(4633,1,'vi','plugins/payment/payment','statuses.completed','Đã hoàn thành','2022-09-22 01:29:28','2022-09-22 01:29:28'),(4634,1,'vi','plugins/payment/payment','statuses.refunding','Đang hoàn tiền','2022-09-22 01:29:28','2022-09-22 01:29:28'),(4635,1,'vi','plugins/payment/payment','statuses.refunded','Đã hoàn tiền','2022-09-22 01:29:28','2022-09-22 01:29:28'),(4636,1,'vi','plugins/payment/payment','statuses.fraud','Gian lận','2022-09-22 01:29:28','2022-09-22 01:29:28'),(4637,1,'vi','plugins/payment/payment','statuses.failed','Thất bại','2022-09-22 01:29:28','2022-09-22 01:29:28'),(4638,1,'vi','plugins/payment/payment','payment_methods_instruction','Hướng dẫn khách hàng thanh toán trực tiếp. Có thể chọn thanh toán khi giao hàng hoặc chuyển khoản','2022-09-22 01:29:28','2022-09-22 01:29:28'),(4639,1,'vi','plugins/payment/payment','payment_method_description','Hướng dẫn thanh toán – (Hiển thị ở trang thông báo mua hàng thành công và trang thanh toán)','2022-09-22 01:29:28','2022-09-22 01:29:28'),(4640,1,'vi','plugins/payment/payment','payment_via_cod','Thanh toán khi nhận hàng (COD)','2022-09-22 01:29:28','2022-09-22 01:29:28'),(4641,1,'vi','plugins/payment/payment','payment_via_bank_transfer','Chuyển khoản qua ngân hàng','2022-09-22 01:29:28','2022-09-22 01:29:28'),(4642,1,'vi','plugins/payment/payment','payment_pending','Thực hiện thành công. Thanh toán của bạn đang được xử lý và sẽ được xác nhận bởi nhân viên.','2022-09-22 01:29:28','2022-09-22 01:29:28'),(4643,1,'vi','plugins/payment/payment','created_at','Ngày tạo','2022-09-22 01:29:28','2022-09-22 01:29:28'),(4644,1,'vi','plugins/payment/payment','payment_channel','Phương thức thanh toán','2022-09-22 01:29:28','2022-09-22 01:29:28'),(4645,1,'vi','plugins/payment/payment','total','Tổng cộng','2022-09-22 01:29:28','2022-09-22 01:29:28'),(4646,1,'vi','plugins/payment/payment','status','Trạng thái','2022-09-22 01:29:28','2022-09-22 01:29:28'),(4647,1,'vi','plugins/payment/payment','default_payment_method','Phương thức thanh toán mặc định','2022-09-22 01:29:28','2022-09-22 01:29:28'),(4648,1,'en','plugins/simple-slider/simple-slider','create','New slider','2022-09-22 01:29:28','2022-09-22 01:29:28'),(4649,1,'en','plugins/simple-slider/simple-slider','edit','Edit slider','2022-09-22 01:29:28','2022-09-22 01:29:28'),(4650,1,'en','plugins/simple-slider/simple-slider','menu','Simple sliders','2022-09-22 01:29:28','2022-09-22 01:29:28'),(4651,1,'en','plugins/simple-slider/simple-slider','settings.title','Simple sliders','2022-09-22 01:29:28','2022-09-22 01:29:28'),(4652,1,'en','plugins/simple-slider/simple-slider','settings.description','Settings for Simple sliders','2022-09-22 01:29:28','2022-09-22 01:29:28'),(4653,1,'en','plugins/simple-slider/simple-slider','settings.using_assets','Using default assets?','2022-09-22 01:29:28','2022-09-22 01:29:28'),(4654,1,'en','plugins/simple-slider/simple-slider','settings.using_assets_description','If using assets option is enabled then below scripts will be auto added to front site.','2022-09-22 01:29:28','2022-09-22 01:29:28'),(4655,1,'en','plugins/simple-slider/simple-slider','add_new','Add new','2022-09-22 01:29:28','2022-09-22 01:29:28'),(4656,1,'en','plugins/simple-slider/simple-slider','save_sorting','Save sorting','2022-09-22 01:29:28','2022-09-22 01:29:28'),(4657,1,'en','plugins/simple-slider/simple-slider','key','Key','2022-09-22 01:29:28','2022-09-22 01:29:28'),(4658,1,'en','plugins/simple-slider/simple-slider','slide_items','Slide Items','2022-09-22 01:29:28','2022-09-22 01:29:28'),(4659,1,'en','plugins/simple-slider/simple-slider','update_slide_position_success','Updated slide position successfully!','2022-09-22 01:29:28','2022-09-22 01:29:28'),(4660,1,'en','plugins/simple-slider/simple-slider','create_new_slide','Create a new slide','2022-09-22 01:29:28','2022-09-22 01:29:28'),(4661,1,'en','plugins/simple-slider/simple-slider','edit_slide','Edit slide #:id','2022-09-22 01:29:28','2022-09-22 01:29:28'),(4662,1,'en','plugins/simple-slider/simple-slider','simple_slider_shortcode_name','Simple Slider','2022-09-22 01:29:28','2022-09-22 01:29:28'),(4663,1,'en','plugins/simple-slider/simple-slider','simple_slider_shortcode_description','Add a simple slider','2022-09-22 01:29:28','2022-09-22 01:29:28'),(4664,1,'en','plugins/simple-slider/simple-slider','select_slider','Select a slider','2022-09-22 01:29:28','2022-09-22 01:29:28'),(4665,1,'vi','plugins/simple-slider/simple-slider','create','Thêm mới slider','2022-09-22 01:29:28','2022-09-22 01:29:28'),(4666,1,'vi','plugins/simple-slider/simple-slider','edit','Sửa slider','2022-09-22 01:29:28','2022-09-22 01:29:28'),(4667,1,'vi','plugins/simple-slider/simple-slider','menu','Sliders','2022-09-22 01:29:28','2022-09-22 01:29:28'),(4668,1,'vi','plugins/simple-slider/simple-slider','settings.description','Cài đặt cho Simple Sliders','2022-09-22 01:29:28','2022-09-22 01:29:28'),(4669,1,'vi','plugins/simple-slider/simple-slider','settings.title','Simple sliders','2022-09-22 01:29:28','2022-09-22 01:29:28'),(4670,1,'vi','plugins/simple-slider/simple-slider','settings.using_assets','Sử dụng assets mặc định?','2022-09-22 01:29:28','2022-09-22 01:29:28'),(4671,1,'vi','plugins/simple-slider/simple-slider','settings.using_assets_description','Nếu tùy chọn này được bật, những scripts bên dưới sẽ được thêm vào website của bạn.','2022-09-22 01:29:28','2022-09-22 01:29:28'),(4672,1,'en','plugins/social-login/social-login','settings.title','Social Login settings','2022-09-22 01:29:28','2022-09-22 01:29:28'),(4673,1,'en','plugins/social-login/social-login','settings.description','Configure social login options','2022-09-22 01:29:28','2022-09-22 01:29:28'),(4674,1,'en','plugins/social-login/social-login','settings.facebook.title','Facebook login settings','2022-09-22 01:29:28','2022-09-22 01:29:28'),(4675,1,'en','plugins/social-login/social-login','settings.facebook.description','Enable/disable & configure app credentials for Facebook login','2022-09-22 01:29:28','2022-09-22 01:29:28'),(4676,1,'en','plugins/social-login/social-login','settings.facebook.app_id','App ID','2022-09-22 01:29:28','2022-09-22 01:29:28'),(4677,1,'en','plugins/social-login/social-login','settings.facebook.app_secret','App Secret','2022-09-22 01:29:28','2022-09-22 01:29:28'),(4678,1,'en','plugins/social-login/social-login','settings.facebook.helper','Please go to https://developers.facebook.com to create new app update App ID, App Secret. Callback URL is :callback','2022-09-22 01:29:28','2022-09-22 01:29:28'),(4679,1,'en','plugins/social-login/social-login','settings.google.title','Google login settings','2022-09-22 01:29:28','2022-09-22 01:29:28'),(4680,1,'en','plugins/social-login/social-login','settings.google.description','Enable/disable & configure app credentials for Google login','2022-09-22 01:29:28','2022-09-22 01:29:28'),(4681,1,'en','plugins/social-login/social-login','settings.google.app_id','App ID','2022-09-22 01:29:28','2022-09-22 01:29:28'),(4682,1,'en','plugins/social-login/social-login','settings.google.app_secret','App Secret','2022-09-22 01:29:28','2022-09-22 01:29:28'),(4683,1,'en','plugins/social-login/social-login','settings.google.helper','Please go to https://console.developers.google.com/apis/dashboard to create new app update App ID, App Secret. Callback URL is :callback','2022-09-22 01:29:28','2022-09-22 01:29:28'),(4684,1,'en','plugins/social-login/social-login','settings.github.title','Github login settings','2022-09-22 01:29:28','2022-09-22 01:29:28'),(4685,1,'en','plugins/social-login/social-login','settings.github.description','Enable/disable & configure app credentials for Github login','2022-09-22 01:29:28','2022-09-22 01:29:28'),(4686,1,'en','plugins/social-login/social-login','settings.github.app_id','App ID','2022-09-22 01:29:28','2022-09-22 01:29:28'),(4687,1,'en','plugins/social-login/social-login','settings.github.app_secret','App Secret','2022-09-22 01:29:28','2022-09-22 01:29:28'),(4688,1,'en','plugins/social-login/social-login','settings.github.helper','Please go to https://github.com/settings/developers to create new app update App ID, App Secret. Callback URL is :callback','2022-09-22 01:29:28','2022-09-22 01:29:28'),(4689,1,'en','plugins/social-login/social-login','settings.linkedin.title','Linkedin login settings','2022-09-22 01:29:29','2022-09-22 01:29:29'),(4690,1,'en','plugins/social-login/social-login','settings.linkedin.description','Enable/disable & configure app credentials for Linkedin login','2022-09-22 01:29:29','2022-09-22 01:29:29'),(4691,1,'en','plugins/social-login/social-login','settings.linkedin.app_id','App ID','2022-09-22 01:29:29','2022-09-22 01:29:29'),(4692,1,'en','plugins/social-login/social-login','settings.linkedin.app_secret','App Secret','2022-09-22 01:29:29','2022-09-22 01:29:29'),(4693,1,'en','plugins/social-login/social-login','settings.linkedin.helper','Please go to https://www.linkedin.com/developers/apps/new to create new app update App ID, App Secret. Callback URL is :callback','2022-09-22 01:29:29','2022-09-22 01:29:29'),(4694,1,'en','plugins/social-login/social-login','settings.enable','Enable?','2022-09-22 01:29:29','2022-09-22 01:29:29'),(4695,1,'en','plugins/social-login/social-login','menu','Social Login','2022-09-22 01:29:29','2022-09-22 01:29:29'),(4696,1,'vi','plugins/social-login/social-login','settings.title','Social Login settings','2022-09-22 01:29:29','2022-09-22 01:29:29'),(4697,1,'vi','plugins/social-login/social-login','settings.description','Cấu hình tùy chọn đăng nhập thông qua mạng xã hội','2022-09-22 01:29:29','2022-09-22 01:29:29'),(4698,1,'vi','plugins/social-login/social-login','settings.facebook.title','Facebook login settings','2022-09-22 01:29:29','2022-09-22 01:29:29'),(4699,1,'vi','plugins/social-login/social-login','settings.facebook.description','Enable/disable & configure app credentials for Facebook login','2022-09-22 01:29:29','2022-09-22 01:29:29'),(4700,1,'vi','plugins/social-login/social-login','settings.facebook.app_id','App ID','2022-09-22 01:29:29','2022-09-22 01:29:29'),(4701,1,'vi','plugins/social-login/social-login','settings.facebook.app_secret','App Secret','2022-09-22 01:29:29','2022-09-22 01:29:29'),(4702,1,'vi','plugins/social-login/social-login','settings.facebook.helper','Please go to https://developers.facebook.com to create new app update App ID, App Secret. Callback URL is :callback','2022-09-22 01:29:29','2022-09-22 01:29:29'),(4703,1,'vi','plugins/social-login/social-login','settings.google.title','Google login settings','2022-09-22 01:29:29','2022-09-22 01:29:29'),(4704,1,'vi','plugins/social-login/social-login','settings.google.description','Enable/disable & configure app credentials for Google login','2022-09-22 01:29:29','2022-09-22 01:29:29'),(4705,1,'vi','plugins/social-login/social-login','settings.google.app_id','App ID','2022-09-22 01:29:29','2022-09-22 01:29:29'),(4706,1,'vi','plugins/social-login/social-login','settings.google.app_secret','App Secret','2022-09-22 01:29:29','2022-09-22 01:29:29'),(4707,1,'vi','plugins/social-login/social-login','settings.google.helper','Please go to https://console.developers.google.com/apis/dashboard to create new app update App ID, App Secret. Callback URL is :callback','2022-09-22 01:29:29','2022-09-22 01:29:29'),(4708,1,'vi','plugins/social-login/social-login','settings.github.title','Github login settings','2022-09-22 01:29:29','2022-09-22 01:29:29'),(4709,1,'vi','plugins/social-login/social-login','settings.github.description','Enable/disable & configure app credentials for Github login','2022-09-22 01:29:29','2022-09-22 01:29:29'),(4710,1,'vi','plugins/social-login/social-login','settings.github.app_id','App ID','2022-09-22 01:29:29','2022-09-22 01:29:29'),(4711,1,'vi','plugins/social-login/social-login','settings.github.app_secret','App Secret','2022-09-22 01:29:29','2022-09-22 01:29:29'),(4712,1,'vi','plugins/social-login/social-login','settings.github.helper','Please go to https://github.com/settings/developers to create new app update App ID, App Secret. Callback URL is :callback','2022-09-22 01:29:29','2022-09-22 01:29:29'),(4713,1,'vi','plugins/social-login/social-login','settings.linkedin.title','Linkedin login settings','2022-09-22 01:29:29','2022-09-22 01:29:29'),(4714,1,'vi','plugins/social-login/social-login','settings.linkedin.description','Enable/disable & configure app credentials for Linkedin login','2022-09-22 01:29:29','2022-09-22 01:29:29'),(4715,1,'vi','plugins/social-login/social-login','settings.linkedin.app_id','App ID','2022-09-22 01:29:29','2022-09-22 01:29:29'),(4716,1,'vi','plugins/social-login/social-login','settings.linkedin.app_secret','App Secret','2022-09-22 01:29:29','2022-09-22 01:29:29'),(4717,1,'vi','plugins/social-login/social-login','settings.linkedin.helper','Please go to https://www.linkedin.com/developers/apps/new to create new app update App ID, App Secret. Callback URL is :callback','2022-09-22 01:29:29','2022-09-22 01:29:29'),(4718,1,'vi','plugins/social-login/social-login','settings.enable','Bật?','2022-09-22 01:29:29','2022-09-22 01:29:29'),(4719,1,'vi','plugins/social-login/social-login','menu','Đăng nhập mạng xã hội','2022-09-22 01:29:29','2022-09-22 01:29:29'),(4720,1,'en','plugins/translation/translation','translations','Translations','2022-09-22 01:29:29','2022-09-22 01:29:29'),(4721,1,'en','plugins/translation/translation','translations_description','Translate all words in system.','2022-09-22 01:29:29','2022-09-22 01:29:29'),(4722,1,'en','plugins/translation/translation','export_warning','Warning, translations are not visible until they are exported back to the :lang_path file, using \'php artisan cms:translations:export\' command or publish button.','2022-09-22 01:29:29','2022-09-22 01:29:29'),(4723,1,'en','plugins/translation/translation','import_done','Done importing, processed :counter items! Reload this page to refresh the groups!','2022-09-22 01:29:29','2022-09-22 01:29:29'),(4724,1,'en','plugins/translation/translation','translation_manager','Translations Manager','2022-09-22 01:29:29','2022-09-22 01:29:29'),(4725,1,'en','plugins/translation/translation','done_publishing','Done publishing the translations for group','2022-09-22 01:29:29','2022-09-22 01:29:29'),(4726,1,'en','plugins/translation/translation','append_translation','Append new translations','2022-09-22 01:29:29','2022-09-22 01:29:29'),(4727,1,'en','plugins/translation/translation','replace_translation','Replace existing translations','2022-09-22 01:29:29','2022-09-22 01:29:29'),(4728,1,'en','plugins/translation/translation','import_group','Import group','2022-09-22 01:29:29','2022-09-22 01:29:29'),(4729,1,'en','plugins/translation/translation','confirm_publish_group','Are you sure you want to publish the translations group \":group\"? This will overwrite existing language files.','2022-09-22 01:29:29','2022-09-22 01:29:29'),(4730,1,'en','plugins/translation/translation','publish_translations','Publish translations','2022-09-22 01:29:29','2022-09-22 01:29:29'),(4731,1,'en','plugins/translation/translation','back','Back','2022-09-22 01:29:29','2022-09-22 01:29:29'),(4732,1,'en','plugins/translation/translation','edit_title','Enter translation','2022-09-22 01:29:29','2022-09-22 01:29:29'),(4733,1,'en','plugins/translation/translation','choose_group_msg','Choose a group to display the group translations. If no groups are visible, make sure you have imported the translations.','2022-09-22 01:29:29','2022-09-22 01:29:29'),(4734,1,'en','plugins/translation/translation','choose_a_group','Choose a group','2022-09-22 01:29:29','2022-09-22 01:29:29'),(4735,1,'en','plugins/translation/translation','locales','Locales','2022-09-22 01:29:29','2022-09-22 01:29:29'),(4736,1,'en','plugins/translation/translation','theme-translations','Theme translations','2022-09-22 01:29:29','2022-09-22 01:29:29'),(4737,1,'en','plugins/translation/translation','admin-translations','Other translations','2022-09-22 01:29:29','2022-09-22 01:29:29'),(4738,1,'en','plugins/translation/translation','translate_from','Translate from','2022-09-22 01:29:29','2022-09-22 01:29:29'),(4739,1,'en','plugins/translation/translation','to','to','2022-09-22 01:29:29','2022-09-22 01:29:29'),(4740,1,'en','plugins/translation/translation','no_other_languages','No other language to translate!','2022-09-22 01:29:29','2022-09-22 01:29:29'),(4741,1,'en','plugins/translation/translation','edit','Edit','2022-09-22 01:29:29','2022-09-22 01:29:29'),(4742,1,'en','plugins/translation/translation','locale','Locale','2022-09-22 01:29:29','2022-09-22 01:29:29'),(4743,1,'en','plugins/translation/translation','locale_placeholder','Ex: en','2022-09-22 01:29:29','2022-09-22 01:29:29'),(4744,1,'en','plugins/translation/translation','name','Name','2022-09-22 01:29:29','2022-09-22 01:29:29'),(4745,1,'en','plugins/translation/translation','default_locale','Default locale?','2022-09-22 01:29:29','2022-09-22 01:29:29'),(4746,1,'en','plugins/translation/translation','actions','Actions','2022-09-22 01:29:30','2022-09-22 01:29:30'),(4747,1,'en','plugins/translation/translation','choose_language','Choose language','2022-09-22 01:29:30','2022-09-22 01:29:30'),(4748,1,'en','plugins/translation/translation','add_new_language','Add new language','2022-09-22 01:29:30','2022-09-22 01:29:30'),(4749,1,'en','plugins/translation/translation','select_language','Select language','2022-09-22 01:29:30','2022-09-22 01:29:30'),(4750,1,'en','plugins/translation/translation','flag','Flag','2022-09-22 01:29:30','2022-09-22 01:29:30'),(4751,1,'en','plugins/translation/translation','folder_is_not_writeable','Cannot write files! Folder :lang_path is not writable. Please chmod to make it writable!','2022-09-22 01:29:30','2022-09-22 01:29:30'),(4752,1,'en','plugins/translation/translation','delete','Delete','2022-09-22 01:29:30','2022-09-22 01:29:30'),(4753,1,'en','plugins/translation/translation','confirm_delete_message','Do you really want to delete this locale? It will delete all files/folders for this local in :lang_path!','2022-09-22 01:29:30','2022-09-22 01:29:30'),(4754,1,'en','plugins/translation/translation','download','Download','2022-09-22 01:29:30','2022-09-22 01:29:30'),(4755,1,'en','plugins/translation/translation','select_locale','Select locale','2022-09-22 01:29:30','2022-09-22 01:29:30'),(4756,1,'en','plugins/translation/translation','theme_translations_instruction','Click on text to translate. Do NOT translate variables, Eg. :username, :query, :link...','2022-09-22 01:29:30','2022-09-22 01:29:30'),(4757,1,'en','plugins/translation/translation','import_available_locale','Or import available locale from our GitHub repository','2022-09-22 01:29:30','2022-09-22 01:29:30'),(4758,1,'en','plugins/translation/translation','add_new_locale','Add new locale','2022-09-22 01:29:30','2022-09-22 01:29:30'),(4759,1,'en','plugins/translation/translation','download_locale','Download locale','2022-09-22 01:29:30','2022-09-22 01:29:30'),(4760,1,'en','plugins/translation/translation','import_available_locale_confirmation','Download locale from GitHub','2022-09-22 01:29:30','2022-09-22 01:29:30'),(4761,1,'en','plugins/translation/translation','import_available_locale_confirmation_content','Are you sure you want to download this locale? It will be downloaded into :lang_path, you can delete it later if you want.','2022-09-22 01:29:30','2022-09-22 01:29:30'),(4762,1,'en','plugins/translation/translation','is_default','Is default?','2022-09-22 01:29:30','2022-09-22 01:29:30'),(4763,1,'vi','plugins/translation/translation','append_translation','Tiếp nối bản dịch','2022-09-22 01:29:30','2022-09-22 01:29:30'),(4764,1,'vi','plugins/translation/translation','back','Quay lại','2022-09-22 01:29:30','2022-09-22 01:29:30'),(4765,1,'vi','plugins/translation/translation','choose_a_group','Chọn một nhóm','2022-09-22 01:29:30','2022-09-22 01:29:30'),(4766,1,'vi','plugins/translation/translation','choose_group_msg','Chọn một nhóm để hiển thị nhóm dịch thuật. Nếu nhóm không có sẵn, hãy chắc chắn là bạn đã chạy migrations và nhập dữ liệu dịch thuật.','2022-09-22 01:29:30','2022-09-22 01:29:30'),(4767,1,'vi','plugins/translation/translation','confirm_publish_group','Bạn có chắc muốn xuất bản nhóm \":group\"? Điều này sẽ ghi đè tập tin ngôn ngữ hiện tại.','2022-09-22 01:29:30','2022-09-22 01:29:30'),(4768,1,'vi','plugins/translation/translation','done_publishing','Xuất bản nhóm dịch thuật thành công','2022-09-22 01:29:30','2022-09-22 01:29:30'),(4769,1,'vi','plugins/translation/translation','edit_title','Nhập nội dung dịch','2022-09-22 01:29:30','2022-09-22 01:29:30'),(4770,1,'vi','plugins/translation/translation','export_warning','Cảnh báo, bản dịch sẽ không có sẵn cho đến khi chúng được xuất bản lại vào thư mục :lang_path, sử dụng lệnh \'php artisan cms:translations:export\' hoặc sử dụng nút xuất bản','2022-09-22 01:29:30','2022-09-22 01:29:30'),(4771,1,'vi','plugins/translation/translation','import_done','Nhập hoàn thành, đã xử lý :counter bản ghi!  ','2022-09-22 01:29:30','2022-09-22 01:29:30'),(4772,1,'vi','plugins/translation/translation','import_group','Nhập nhóm','2022-09-22 01:29:30','2022-09-22 01:29:30'),(4773,1,'vi','plugins/translation/translation','publish_translations','Xuất bản dịch thuật','2022-09-22 01:29:30','2022-09-22 01:29:30'),(4774,1,'vi','plugins/translation/translation','replace_translation','Thay thế bản dịch hiện tại','2022-09-22 01:29:30','2022-09-22 01:29:30'),(4775,1,'vi','plugins/translation/translation','translation_manager','Quản lý dịch thuật','2022-09-22 01:29:30','2022-09-22 01:29:30'),(4776,1,'vi','plugins/translation/translation','translations','Dịch thuật','2022-09-22 01:29:30','2022-09-22 01:29:30'),(4777,1,'vi','plugins/translation/translation','translations_description','Dịch tất cả các từ trong hệ thống','2022-09-22 01:29:30','2022-09-22 01:29:30'),(4778,1,'vi','plugins/translation/translation','actions','Hành động','2022-09-22 01:29:30','2022-09-22 01:29:30'),(4779,1,'vi','plugins/translation/translation','add_new_language','Thêm ngôn ngữ mới','2022-09-22 01:29:30','2022-09-22 01:29:30'),(4780,1,'vi','plugins/translation/translation','admin-translations','Dịch các mục khác','2022-09-22 01:29:30','2022-09-22 01:29:30'),(4781,1,'vi','plugins/translation/translation','choose_language','Chọn ngôn ngữ','2022-09-22 01:29:30','2022-09-22 01:29:30'),(4782,1,'vi','plugins/translation/translation','default_locale','Ngôn ngữ mặc định','2022-09-22 01:29:30','2022-09-22 01:29:30'),(4783,1,'vi','plugins/translation/translation','delete','Xóa','2022-09-22 01:29:30','2022-09-22 01:29:30'),(4784,1,'vi','plugins/translation/translation','edit','Sửa','2022-09-22 01:29:30','2022-09-22 01:29:30'),(4785,1,'vi','plugins/translation/translation','flag','Cờ','2022-09-22 01:29:30','2022-09-22 01:29:30'),(4786,1,'vi','plugins/translation/translation','locale','Ngôn ngữ','2022-09-22 01:29:30','2022-09-22 01:29:30'),(4787,1,'vi','plugins/translation/translation','locales','Ngôn ngữ','2022-09-22 01:29:30','2022-09-22 01:29:30'),(4788,1,'vi','plugins/translation/translation','name','Tên','2022-09-22 01:29:30','2022-09-22 01:29:30'),(4789,1,'vi','plugins/translation/translation','no_other_languages','Không còn ngôn ngữ nào khác để dịch!','2022-09-22 01:29:30','2022-09-22 01:29:30'),(4790,1,'vi','plugins/translation/translation','select_language','Lựa chọn ngôn ngữ','2022-09-22 01:29:30','2022-09-22 01:29:30'),(4791,1,'vi','plugins/translation/translation','theme-translations','Dịch giao diện','2022-09-22 01:29:30','2022-09-22 01:29:30'),(4792,1,'vi','plugins/translation/translation','to','sang','2022-09-22 01:29:30','2022-09-22 01:29:30'),(4793,1,'vi','plugins/translation/translation','translate_from','Dịch từ','2022-09-22 01:29:30','2022-09-22 01:29:30'),(4794,1,'vi','auth','failed','Không tìm thấy thông tin đăng nhập hợp lệ.','2022-09-22 01:29:30','2022-09-22 01:29:30'),(4795,1,'vi','auth','throttle','Đăng nhập không đúng quá nhiều lần. Vui lòng thử lại sau :seconds giây.','2022-09-22 01:29:30','2022-09-22 01:29:30'),(4796,1,'vi','auth','password','Mật khẩu không chính xác','2022-09-22 01:29:30','2022-09-22 01:29:30'),(4797,1,'vi','pagination','previous','&laquo; Trước','2022-09-22 01:29:30','2022-09-22 01:29:30'),(4798,1,'vi','pagination','next','Sau &raquo;','2022-09-22 01:29:30','2022-09-22 01:29:30'),(4799,1,'vi','passwords','reset','Mật khẩu đã được cập nhật!','2022-09-22 01:29:30','2022-09-22 01:29:30'),(4800,1,'vi','passwords','sent','Chúng tôi đã gửi cho bạn đường dẫn thay đổi mật khẩu!','2022-09-22 01:29:30','2022-09-22 01:29:30'),(4801,1,'vi','passwords','token','Mã xác nhận mật khẩu không hợp lệ.','2022-09-22 01:29:30','2022-09-22 01:29:30'),(4802,1,'vi','passwords','user','Không tìm thấy thành viên với địa chỉ email này.','2022-09-22 01:29:30','2022-09-22 01:29:30'),(4803,1,'vi','validation','accepted','Trường :attribute phải được chấp nhận.','2022-09-22 01:29:31','2022-09-22 01:29:31'),(4804,1,'vi','validation','active_url','Trường :attribute không phải là một URL hợp lệ.','2022-09-22 01:29:31','2022-09-22 01:29:31'),(4805,1,'vi','validation','after','Trường :attribute phải là một ngày sau ngày :date.','2022-09-22 01:29:31','2022-09-22 01:29:31'),(4806,1,'vi','validation','after_or_equal','Trường :attribute phải là thời gian bắt đầu sau hoặc đúng bằng :date.','2022-09-22 01:29:31','2022-09-22 01:29:31'),(4807,1,'vi','validation','alpha','Trường :attribute chỉ có thể chứa các chữ cái.','2022-09-22 01:29:31','2022-09-22 01:29:31'),(4808,1,'vi','validation','alpha_dash','Trường :attribute chỉ có thể chứa chữ cái, số và dấu gạch ngang.','2022-09-22 01:29:31','2022-09-22 01:29:31'),(4809,1,'vi','validation','alpha_num','Trường :attribute chỉ có thể chứa chữ cái và số.','2022-09-22 01:29:31','2022-09-22 01:29:31'),(4810,1,'vi','validation','array','Trường :attribute phải là dạng mảng.','2022-09-22 01:29:31','2022-09-22 01:29:31'),(4811,1,'vi','validation','before','Trường :attribute phải là một ngày trước ngày :date.','2022-09-22 01:29:31','2022-09-22 01:29:31'),(4812,1,'vi','validation','before_or_equal','Trường :attribute phải là thời gian bắt đầu trước hoặc đúng bằng :date.','2022-09-22 01:29:31','2022-09-22 01:29:31'),(4813,1,'vi','validation','between.array','Trường :attribute phải có từ :min - :max phần tử.','2022-09-22 01:29:31','2022-09-22 01:29:31'),(4814,1,'vi','validation','between.file','Dung lượng tập tin trong trường :attribute phải từ :min - :max kB.','2022-09-22 01:29:31','2022-09-22 01:29:31'),(4815,1,'vi','validation','between.numeric','Trường :attribute phải nằm trong khoảng :min - :max.','2022-09-22 01:29:31','2022-09-22 01:29:31'),(4816,1,'vi','validation','between.string','Trường :attribute phải từ :min - :max kí tự.','2022-09-22 01:29:31','2022-09-22 01:29:31'),(4817,1,'vi','validation','boolean','Trường :attribute phải là true hoặc false.','2022-09-22 01:29:31','2022-09-22 01:29:31'),(4818,1,'vi','validation','confirmed','Giá trị xác nhận trong trường :attribute không khớp.','2022-09-22 01:29:31','2022-09-22 01:29:31'),(4819,1,'vi','validation','date','Trường :attribute không phải là định dạng của ngày-tháng.','2022-09-22 01:29:31','2022-09-22 01:29:31'),(4820,1,'vi','validation','date_equals','Trường :attribute phải là một ngày bằng với :date.','2022-09-22 01:29:31','2022-09-22 01:29:31'),(4821,1,'vi','validation','date_format','Trường :attribute không giống với định dạng :format.','2022-09-22 01:29:31','2022-09-22 01:29:31'),(4822,1,'vi','validation','different','Trường :attribute và :other phải khác nhau.','2022-09-22 01:29:31','2022-09-22 01:29:31'),(4823,1,'vi','validation','digits','Độ dài của trường :attribute phải gồm :digits chữ số.','2022-09-22 01:29:31','2022-09-22 01:29:31'),(4824,1,'vi','validation','digits_between','Độ dài của trường :attribute phải nằm trong khoảng :min and :max chữ số.','2022-09-22 01:29:31','2022-09-22 01:29:31'),(4825,1,'vi','validation','dimensions','Trường :attribute có kích thước không hợp lệ.','2022-09-22 01:29:31','2022-09-22 01:29:31'),(4826,1,'vi','validation','distinct','Trường :attribute có giá trị trùng lặp.','2022-09-22 01:29:31','2022-09-22 01:29:31'),(4827,1,'vi','validation','email','Trường :attribute phải là một địa chỉ email hợp lệ.','2022-09-22 01:29:32','2022-09-22 01:29:32'),(4828,1,'vi','validation','ends_with','Trường :attribute phải kết thúc bằng một trong những giá trị sau: :values','2022-09-22 01:29:32','2022-09-22 01:29:32'),(4829,1,'vi','validation','exists','Giá trị đã chọn trong trường :attribute không hợp lệ.','2022-09-22 01:29:32','2022-09-22 01:29:32'),(4830,1,'vi','validation','file','Trường :attribute phải là một tệp tin.','2022-09-22 01:29:32','2022-09-22 01:29:32'),(4831,1,'vi','validation','filled','Trường :attribute không được bỏ trống.','2022-09-22 01:29:32','2022-09-22 01:29:32'),(4832,1,'vi','validation','gt.array','Mảng :attribute phải có nhiều hơn :value phần tử.','2022-09-22 01:29:32','2022-09-22 01:29:32'),(4833,1,'vi','validation','gt.file','Dung lượng trường :attribute phải lớn hơn :value kilobytes.','2022-09-22 01:29:32','2022-09-22 01:29:32'),(4834,1,'vi','validation','gt.numeric','Giá trị trường :attribute phải lớn hơn :value.','2022-09-22 01:29:32','2022-09-22 01:29:32'),(4835,1,'vi','validation','gt.string','Độ dài trường :attribute phải nhiều hơn :value kí tự.','2022-09-22 01:29:32','2022-09-22 01:29:32'),(4836,1,'vi','validation','gte.array','Mảng :attribute phải có ít nhất :value phần tử.','2022-09-22 01:29:32','2022-09-22 01:29:32'),(4837,1,'vi','validation','gte.file','Dung lượng trường :attribute phải lớn hơn hoặc bằng :value kilobytes.','2022-09-22 01:29:32','2022-09-22 01:29:32'),(4838,1,'vi','validation','gte.numeric','Giá trị trường :attribute phải lớn hơn hoặc bằng :value.','2022-09-22 01:29:32','2022-09-22 01:29:32'),(4839,1,'vi','validation','gte.string','Độ dài trường :attribute phải lớn hơn hoặc bằng :value kí tự.','2022-09-22 01:29:32','2022-09-22 01:29:32'),(4840,1,'vi','validation','image','Trường :attribute phải là định dạng hình ảnh.','2022-09-22 01:29:32','2022-09-22 01:29:32'),(4841,1,'vi','validation','in','Giá trị đã chọn trong trường :attribute không hợp lệ.','2022-09-22 01:29:32','2022-09-22 01:29:32'),(4842,1,'vi','validation','in_array','Trường :attribute phải thuộc tập cho phép: :other.','2022-09-22 01:29:32','2022-09-22 01:29:32'),(4843,1,'vi','validation','integer','Trường :attribute phải là một số nguyên.','2022-09-22 01:29:32','2022-09-22 01:29:32'),(4844,1,'vi','validation','ip','Trường :attribute phải là một địa chỉ IP.','2022-09-22 01:29:32','2022-09-22 01:29:32'),(4845,1,'vi','validation','ipv4','Trường :attribute phải là một địa chỉ IPv4.','2022-09-22 01:29:32','2022-09-22 01:29:32'),(4846,1,'vi','validation','ipv6','Trường :attribute phải là một địa chỉ IPv6.','2022-09-22 01:29:32','2022-09-22 01:29:32'),(4847,1,'vi','validation','json','Trường :attribute phải là một chuỗi JSON.','2022-09-22 01:29:32','2022-09-22 01:29:32'),(4848,1,'vi','validation','lt.array','Mảng :attribute phải có ít hơn :value phần tử.','2022-09-22 01:29:32','2022-09-22 01:29:32'),(4849,1,'vi','validation','lt.file','Dung lượng trường :attribute phải nhỏ hơn :value kilobytes.','2022-09-22 01:29:32','2022-09-22 01:29:32'),(4850,1,'vi','validation','lt.numeric','Giá trị trường :attribute phải nhỏ hơn :value.','2022-09-22 01:29:32','2022-09-22 01:29:32'),(4851,1,'vi','validation','lt.string','Độ dài trường :attribute phải nhỏ hơn :value kí tự.','2022-09-22 01:29:32','2022-09-22 01:29:32'),(4852,1,'vi','validation','lte.array','Mảng :attribute không được có nhiều hơn :value phần tử.','2022-09-22 01:29:32','2022-09-22 01:29:32'),(4853,1,'vi','validation','lte.file','Dung lượng trường :attribute phải nhỏ hơn hoặc bằng :value kilobytes.','2022-09-22 01:29:32','2022-09-22 01:29:32'),(4854,1,'vi','validation','lte.numeric','Giá trị trường :attribute phải nhỏ hơn hoặc bằng :value.','2022-09-22 01:29:32','2022-09-22 01:29:32'),(4855,1,'vi','validation','lte.string','Độ dài trường :attribute phải nhỏ hơn hoặc bằng :value kí tự.','2022-09-22 01:29:32','2022-09-22 01:29:32'),(4856,1,'vi','validation','max.array','Trường :attribute không được lớn hơn :max phần tử.','2022-09-22 01:29:32','2022-09-22 01:29:32'),(4857,1,'vi','validation','max.file','Dung lượng tập tin trong trường :attribute không được lớn hơn :max kB.','2022-09-22 01:29:32','2022-09-22 01:29:32'),(4858,1,'vi','validation','max.numeric','Trường :attribute không được lớn hơn :max.','2022-09-22 01:29:32','2022-09-22 01:29:32'),(4859,1,'vi','validation','max.string','Trường :attribute không được lớn hơn :max kí tự.','2022-09-22 01:29:32','2022-09-22 01:29:32'),(4860,1,'vi','validation','mimes','Trường :attribute phải là một tập tin có định dạng: :values.','2022-09-22 01:29:32','2022-09-22 01:29:32'),(4861,1,'vi','validation','mimetypes','Trường :attribute phải là một tập tin có định dạng: :values.','2022-09-22 01:29:32','2022-09-22 01:29:32'),(4862,1,'vi','validation','min.array','Trường :attribute phải có tối thiểu :min phần tử.','2022-09-22 01:29:32','2022-09-22 01:29:32'),(4863,1,'vi','validation','min.file','Dung lượng tập tin trong trường :attribute phải tối thiểu :min kB.','2022-09-22 01:29:32','2022-09-22 01:29:32'),(4864,1,'vi','validation','min.numeric','Trường :attribute phải tối thiểu là :min.','2022-09-22 01:29:32','2022-09-22 01:29:32'),(4865,1,'vi','validation','min.string','Trường :attribute phải có tối thiểu :min kí tự.','2022-09-22 01:29:32','2022-09-22 01:29:32'),(4866,1,'vi','validation','multiple_of','Trường :attribute phải là bội số của :value','2022-09-22 01:29:32','2022-09-22 01:29:32'),(4867,1,'vi','validation','not_in','Giá trị đã chọn trong trường :attribute không hợp lệ.','2022-09-22 01:29:33','2022-09-22 01:29:33'),(4868,1,'vi','validation','not_regex','Trường :attribute có định dạng không hợp lệ.','2022-09-22 01:29:33','2022-09-22 01:29:33'),(4869,1,'vi','validation','numeric','Trường :attribute phải là một số.','2022-09-22 01:29:33','2022-09-22 01:29:33'),(4870,1,'vi','validation','password','Mật khẩu không đúng.','2022-09-22 01:29:33','2022-09-22 01:29:33'),(4871,1,'vi','validation','present','Trường :attribute phải được cung cấp.','2022-09-22 01:29:33','2022-09-22 01:29:33'),(4872,1,'vi','validation','prohibited','Trường :attribute bị cấm.','2022-09-22 01:29:33','2022-09-22 01:29:33'),(4873,1,'vi','validation','prohibited_if','Trường :attribute bị cấm khi :other là :value.','2022-09-22 01:29:33','2022-09-22 01:29:33'),(4874,1,'vi','validation','prohibited_unless','Trường :attribute bị cấm trừ khi :other là một trong :values.','2022-09-22 01:29:33','2022-09-22 01:29:33'),(4875,1,'vi','validation','regex','Trường :attribute có định dạng không hợp lệ.','2022-09-22 01:29:33','2022-09-22 01:29:33'),(4876,1,'vi','validation','required','Trường :attribute không được bỏ trống.','2022-09-22 01:29:33','2022-09-22 01:29:33'),(4877,1,'vi','validation','required_if','Trường :attribute không được bỏ trống khi trường :other là :value.','2022-09-22 01:29:33','2022-09-22 01:29:33'),(4878,1,'vi','validation','required_unless','Trường :attribute không được bỏ trống trừ khi :other là :values.','2022-09-22 01:29:33','2022-09-22 01:29:33'),(4879,1,'vi','validation','required_with','Trường :attribute không được bỏ trống khi một trong :values có giá trị.','2022-09-22 01:29:33','2022-09-22 01:29:33'),(4880,1,'vi','validation','required_with_all','Trường :attribute không được bỏ trống khi tất cả :values có giá trị.','2022-09-22 01:29:33','2022-09-22 01:29:33'),(4881,1,'vi','validation','required_without','Trường :attribute không được bỏ trống khi một trong :values không có giá trị.','2022-09-22 01:29:33','2022-09-22 01:29:33'),(4882,1,'vi','validation','required_without_all','Trường :attribute không được bỏ trống khi tất cả :values không có giá trị.','2022-09-22 01:29:33','2022-09-22 01:29:33'),(4883,1,'vi','validation','same','Trường :attribute và :other phải giống nhau.','2022-09-22 01:29:33','2022-09-22 01:29:33'),(4884,1,'vi','validation','size.array','Trường :attribute phải chứa :size phần tử.','2022-09-22 01:29:33','2022-09-22 01:29:33'),(4885,1,'vi','validation','size.file','Dung lượng tập tin trong trường :attribute phải bằng :size kB.','2022-09-22 01:29:33','2022-09-22 01:29:33'),(4886,1,'vi','validation','size.numeric','Trường :attribute phải bằng :size.','2022-09-22 01:29:33','2022-09-22 01:29:33'),(4887,1,'vi','validation','size.string','Trường :attribute phải chứa :size kí tự.','2022-09-22 01:29:33','2022-09-22 01:29:33'),(4888,1,'vi','validation','starts_with','Trường :attribute phải được bắt đầu bằng một trong những giá trị sau: :values','2022-09-22 01:29:33','2022-09-22 01:29:33'),(4889,1,'vi','validation','string','Trường :attribute phải là một chuỗi kí tự.','2022-09-22 01:29:33','2022-09-22 01:29:33'),(4890,1,'vi','validation','timezone','Trường :attribute phải là một múi giờ hợp lệ.','2022-09-22 01:29:33','2022-09-22 01:29:33'),(4891,1,'vi','validation','unique','Trường :attribute đã có trong cơ sở dữ liệu.','2022-09-22 01:29:33','2022-09-22 01:29:33'),(4892,1,'vi','validation','uploaded','Trường :attribute tải lên thất bại.','2022-09-22 01:29:33','2022-09-22 01:29:33'),(4893,1,'vi','validation','url','Trường :attribute không giống với định dạng một URL.','2022-09-22 01:29:33','2022-09-22 01:29:33'),(4894,1,'vi','validation','uuid','Trường :attribute phải là một chuỗi UUID hợp lệ.','2022-09-22 01:29:33','2022-09-22 01:29:33'),(4895,1,'vi','validation','custom.attribute-name.rule-name','custom-message','2022-09-22 01:29:33','2022-09-22 01:29:33');
/*!40000 ALTER TABLE `translations` ENABLE KEYS */;
UNLOCK TABLES;

--
-- Table structure for table `user_meta`
--

DROP TABLE IF EXISTS `user_meta`;
/*!40101 SET @saved_cs_client     = @@character_set_client */;
/*!50503 SET character_set_client = utf8mb4 */;
CREATE TABLE `user_meta` (
  `id` bigint unsigned NOT NULL AUTO_INCREMENT,
  `key` varchar(191) COLLATE utf8mb4_unicode_ci DEFAULT NULL,
  `value` varchar(191) COLLATE utf8mb4_unicode_ci DEFAULT NULL,
  `user_id` int unsigned NOT NULL,
  `created_at` timestamp NULL DEFAULT NULL,
  `updated_at` timestamp NULL DEFAULT NULL,
  PRIMARY KEY (`id`),
  KEY `user_meta_user_id_index` (`user_id`)
) ENGINE=InnoDB DEFAULT CHARSET=utf8mb4 COLLATE=utf8mb4_unicode_ci;
/*!40101 SET character_set_client = @saved_cs_client */;

--
-- Dumping data for table `user_meta`
--

LOCK TABLES `user_meta` WRITE;
/*!40000 ALTER TABLE `user_meta` DISABLE KEYS */;
/*!40000 ALTER TABLE `user_meta` ENABLE KEYS */;
UNLOCK TABLES;

--
-- Table structure for table `users`
--

DROP TABLE IF EXISTS `users`;
/*!40101 SET @saved_cs_client     = @@character_set_client */;
/*!50503 SET character_set_client = utf8mb4 */;
CREATE TABLE `users` (
  `id` bigint unsigned NOT NULL AUTO_INCREMENT,
  `email` varchar(191) COLLATE utf8mb4_unicode_ci NOT NULL,
  `email_verified_at` timestamp NULL DEFAULT NULL,
  `password` varchar(191) CHARACTER SET utf8mb4 COLLATE utf8mb4_unicode_ci DEFAULT NULL,
  `remember_token` varchar(100) COLLATE utf8mb4_unicode_ci DEFAULT NULL,
  `created_at` timestamp NULL DEFAULT NULL,
  `updated_at` timestamp NULL DEFAULT NULL,
  `first_name` varchar(191) COLLATE utf8mb4_unicode_ci DEFAULT NULL,
  `last_name` varchar(191) COLLATE utf8mb4_unicode_ci DEFAULT NULL,
  `username` varchar(60) COLLATE utf8mb4_unicode_ci DEFAULT NULL,
  `avatar_id` int unsigned DEFAULT NULL,
  `super_user` tinyint(1) NOT NULL DEFAULT '0',
  `manage_supers` tinyint(1) NOT NULL DEFAULT '0',
  `permissions` text COLLATE utf8mb4_unicode_ci,
  `last_login` timestamp NULL DEFAULT NULL,
  PRIMARY KEY (`id`),
  UNIQUE KEY `users_email_unique` (`email`),
  UNIQUE KEY `users_username_unique` (`username`)
) ENGINE=InnoDB AUTO_INCREMENT=2 DEFAULT CHARSET=utf8mb4 COLLATE=utf8mb4_unicode_ci;
/*!40101 SET character_set_client = @saved_cs_client */;

--
-- Dumping data for table `users`
--

LOCK TABLES `users` WRITE;
/*!40000 ALTER TABLE `users` DISABLE KEYS */;
INSERT INTO `users` VALUES (1,'admin@botble.com',NULL,'$2y$10$myy64Qkn74ZK1RVFnUQ2w.p3563j/8Lwdwa9nWxXyOnGSV7sn9plq',NULL,'2022-09-22 01:26:52','2022-09-22 01:26:52','System','Admin','botble',NULL,1,1,NULL,NULL);
/*!40000 ALTER TABLE `users` ENABLE KEYS */;
UNLOCK TABLES;

--
-- Table structure for table `widgets`
--

DROP TABLE IF EXISTS `widgets`;
/*!40101 SET @saved_cs_client     = @@character_set_client */;
/*!50503 SET character_set_client = utf8mb4 */;
CREATE TABLE `widgets` (
  `id` bigint unsigned NOT NULL AUTO_INCREMENT,
  `widget_id` varchar(120) COLLATE utf8mb4_unicode_ci NOT NULL,
  `sidebar_id` varchar(120) COLLATE utf8mb4_unicode_ci NOT NULL,
  `theme` varchar(120) COLLATE utf8mb4_unicode_ci NOT NULL,
  `position` tinyint unsigned NOT NULL DEFAULT '0',
  `data` text COLLATE utf8mb4_unicode_ci,
  `created_at` timestamp NULL DEFAULT NULL,
  `updated_at` timestamp NULL DEFAULT NULL,
  PRIMARY KEY (`id`)
) ENGINE=InnoDB AUTO_INCREMENT=31 DEFAULT CHARSET=utf8mb4 COLLATE=utf8mb4_unicode_ci;
/*!40101 SET character_set_client = @saved_cs_client */;

--
-- Dumping data for table `widgets`
--

LOCK TABLES `widgets` WRITE;
/*!40000 ALTER TABLE `widgets` DISABLE KEYS */;
INSERT INTO `widgets` VALUES (1,'SiteInfoWidget','footer_sidebar','nest',0,'{\"id\":\"SiteInfoWidget\",\"name\":\"Site information\",\"about\":\"Awesome grocery store website template\",\"phone\":\"(+91) - 540-025-124553\",\"address\":\"5171 W Campbell Ave undefined Kent, Utah 53127 United States\",\"email\":\"sale@Nest.com\",\"working_hours\":\"10:00 - 18:00, Mon - Sat\"}','2022-09-22 01:27:10','2022-09-22 01:27:10'),(2,'CustomMenuWidget','footer_sidebar','nest',1,'{\"id\":\"CustomMenuWidget\",\"name\":\"Company\",\"menu_id\":\"company\"}','2022-09-22 01:27:10','2022-09-22 01:27:10'),(3,'CustomMenuWidget','footer_sidebar','nest',2,'{\"id\":\"CustomMenuWidget\",\"name\":\"Categories\",\"menu_id\":\"product-categories\"}','2022-09-22 01:27:10','2022-09-22 01:27:10'),(4,'CustomMenuWidget','footer_sidebar','nest',3,'{\"id\":\"CustomMenuWidget\",\"name\":\"Information\",\"menu_id\":\"information\"}','2022-09-22 01:27:10','2022-09-22 01:27:10'),(5,'InstallAppWidget','footer_sidebar','nest',3,'{\"id\":\"InstallAppWidget\",\"name\":\"Install App\",\"apps_description\":\"From App Store or Google Play\",\"ios_app_url\":\"#\",\"ios_app_image\":\"general\\/app-store.jpg\",\"android_app_url\":\"#\",\"android_app_image\":\"general\\/google-play.jpg\",\"payment_gateway_description\":\"Secured Payment Gateways\",\"payment_gateway_image\":\"general\\/payment-methods.png\"}','2022-09-22 01:27:10','2022-09-22 01:27:10'),(6,'BlogSearchWidget','primary_sidebar','nest',0,'{\"id\":\"BlogSearchWidget\",\"name\":\"Search\"}','2022-09-22 01:27:10','2022-09-22 01:27:10'),(7,'ProductCategoriesWidget','primary_sidebar','nest',1,'{\"id\":\"ProductCategoriesWidget\",\"name\":\"Categories\"}','2022-09-22 01:27:10','2022-09-22 01:27:10'),(8,'TrendingProductsWidget','primary_sidebar','nest',2,'{\"id\":\"TrendingProductsWidget\",\"name\":\"Trending Now\",\"number_display\":4}','2022-09-22 01:27:10','2022-09-22 01:27:10'),(9,'GalleryWidget','primary_sidebar','nest',3,'{\"id\":\"GalleryWidget\",\"name\":\"Gallery\",\"slider_key\":\"slider-blog-1\"}','2022-09-22 01:27:10','2022-09-22 01:27:10'),(10,'TagsWidget','primary_sidebar','nest',4,'{\"id\":\"TagsWidget\",\"name\":\"Popular Tags\"}','2022-09-22 01:27:10','2022-09-22 01:27:10'),(11,'AdsWidget','primary_sidebar','nest',5,'{\"id\":\"AdsWidget\",\"name\":\"Oganic\",\"ads_key\":\"IZ6WU8KUALYI\"}','2022-09-22 01:27:10','2022-09-22 01:27:10'),(12,'ProductCategoriesWidget','product_sidebar','nest',1,'{\"id\":\"ProductCategoriesWidget\",\"name\":\"Categories\"}','2022-09-22 01:27:10','2022-09-22 01:27:10'),(13,'PriceFilterWidget','product_sidebar','nest',2,'{\"id\":\"PriceFilterWidget\",\"name\":\"Filter by price\"}','2022-09-22 01:27:10','2022-09-22 01:27:10'),(14,'NewProductsWidget','product_sidebar','nest',3,'{\"id\":\"NewProductsWidget\",\"name\":\"New products\"}','2022-09-22 01:27:10','2022-09-22 01:27:10'),(15,'AdsWidget','product_sidebar','nest',4,'{\"id\":\"AdsWidget\",\"name\":\"Oganic\",\"ads_key\":\"IZ6WU8KUALYI\"}','2022-09-22 01:27:10','2022-09-22 01:27:10'),(16,'NewsletterWidget','pre_footer_sidebar','nest',0,'{\"id\":\"NewsletterWidget\",\"title\":\"Stay home & get your daily <br \\/>needs from our shop\",\"subtitle\":\"Start Your Daily Shopping with <span>Nest Mart<\\/span>\",\"image\":\"general\\/newsletter-image.png\",\"background_image\":\"general\\/newsletter-background-image.png\"}','2022-09-22 01:27:10','2022-09-22 01:27:10'),(17,'SiteFeaturesWidget','pre_footer_sidebar','nest',1,'{\"id\":\"SiteFeaturesWidget\",\"title\":\"Site Features\",\"data\":{\"1\":{\"icon\":\"general\\/icon-1.png\",\"title\":\"Best prices & offers\",\"subtitle\":\"Orders $50 or more\"},\"2\":{\"icon\":\"general\\/icon-2.png\",\"title\":\"Free delivery\",\"subtitle\":\"24\\/7 amazing services\"},\"3\":{\"icon\":\"general\\/icon-3.png\",\"title\":\"Great daily deal\",\"subtitle\":\"When you sign up\"},\"4\":{\"icon\":\"general\\/icon-4.png\",\"title\":\"Wide assortment\",\"subtitle\":\"Mega Discounts\"},\"5\":{\"icon\":\"general\\/icon-5.png\",\"title\":\"Easy returns\",\"subtitle\":\"Within 30 days\"}}}','2022-09-22 01:27:10','2022-09-22 01:27:10'),(18,'SiteInfoWidget','footer_sidebar','nest-vi',0,'{\"id\":\"SiteInfoWidget\",\"name\":\"V\\u1ec1 ch\\u00fang t\\u00f4i\",\"about\":\"M\\u1eabu trang web c\\u1eeda h\\u00e0ng t\\u1ea1p h\\u00f3a tuy\\u1ec7t v\\u1eddi\",\"phone\":\"(+91) - 540-025-124553\",\"address\":\"5171 W Campbell Ave undefined Kent, Utah 53127 United States\",\"email\":\"sale@Nest.com\",\"working_hours\":\"10:00 - 18:00, Th\\u1ee9 2 - Th\\u1ee9 7\"}','2022-09-22 01:27:10','2022-09-22 01:27:10'),(19,'CustomMenuWidget','footer_sidebar','nest-vi',1,'{\"id\":\"CustomMenuWidget\",\"name\":\"C\\u00f4ng ty\",\"menu_id\":\"cong-ty\"}','2022-09-22 01:27:10','2022-09-22 01:27:10'),(20,'CustomMenuWidget','footer_sidebar','nest-vi',2,'{\"id\":\"CustomMenuWidget\",\"name\":\"Danh m\\u1ee5c s\\u1ea3n ph\\u1ea9m\",\"menu_id\":\"danh-muc-san-pham\"}','2022-09-22 01:27:10','2022-09-22 01:27:10'),(21,'CustomMenuWidget','footer_sidebar','nest-vi',3,'{\"id\":\"CustomMenuWidget\",\"name\":\"Th\\u00f4ng tin\",\"menu_id\":\"thong-tin\"}','2022-09-22 01:27:10','2022-09-22 01:27:10'),(22,'BlogSearchWidget','primary_sidebar','nest-vi',0,'{\"id\":\"BlogSearchWidget\",\"name\":\"T\\u00ecm ki\\u1ebfm\"}','2022-09-22 01:27:10','2022-09-22 01:27:10'),(23,'BlogCategoriesWidget','primary_sidebar','nest-vi',1,'{\"id\":\"BlogCategoriesWidget\",\"name\":\"Danh m\\u1ee5c\"}','2022-09-22 01:27:10','2022-09-22 01:27:10'),(24,'RecentPostsWidget','primary_sidebar','nest-vi',2,'{\"id\":\"RecentPostsWidget\",\"name\":\"B\\u00e0i vi\\u1ebft g\\u1ea7n \\u0111\\u00e2y\"}','2022-09-22 01:27:10','2022-09-22 01:27:10'),(25,'TagsWidget','primary_sidebar','nest-vi',4,'{\"id\":\"TagsWidget\",\"name\":\"Tags ph\\u1ed5 bi\\u1ebfn\"}','2022-09-22 01:27:10','2022-09-22 01:27:10'),(26,'ProductCategoriesWidget','product_sidebar','nest-vi',1,'{\"id\":\"ProductCategoriesWidget\",\"name\":\"Danh m\\u1ee5c s\\u1ea3n ph\\u1ea9m\"}','2022-09-22 01:27:10','2022-09-22 01:27:10'),(27,'FeaturedProductsWidget','product_sidebar','nest-vi',2,'{\"id\":\"FeaturedProductsWidget\",\"name\":\"S\\u1ea3n ph\\u1ea9m n\\u1ed5i b\\u1eadt\"}','2022-09-22 01:27:10','2022-09-22 01:27:10'),(28,'FeaturedBrandsWidget','product_sidebar','nest-vi',3,'{\"id\":\"FeaturedBrandsWidget\",\"name\":\"Nh\\u00e0 cung c\\u1ea5p\"}','2022-09-22 01:27:10','2022-09-22 01:27:10'),(29,'NewsletterWidget','pre_footer_sidebar','nest-vi',0,'{\"id\":\"NewsletterWidget\",\"title\":\"\\u1ede nh\\u00e0 & \\u0111\\u00e1p \\u1ee9ng nhu c\\u1ea7u <br \\/> h\\u00e0ng ng\\u00e0y c\\u1ee7a b\\u1ea1n t\\u1eeb c\\u1eeda h\\u00e0ng c\\u1ee7a ch\\u00fang t\\u00f4i\",\"subtitle\":\"B\\u1eaft \\u0111\\u1ea7u mua s\\u1eafm v\\u1edbi <span>Nest Mart<\\/span>\",\"image\":\"general\\/newsletter-image.png\",\"background_image\":\"general\\/newsletter-background-image.png\"}','2022-09-22 01:27:10','2022-09-22 01:27:10'),(30,'SiteFeaturesWidget','pre_footer_sidebar','nest-vi',1,'{\"id\":\"SiteFeaturesWidget\",\"title\":\"Site Features\",\"data\":{\"1\":{\"icon\":\"general\\/icon-1.png\",\"title\":\"Gi\\u00e1 & \\u01b0u \\u0111\\u00e3i t\\u1ed1t nh\\u1ea5t\",\"subtitle\":\"Cho \\u0111\\u01a1n h\\u00e0ng t\\u1eeb $50\"},\"2\":{\"icon\":\"general\\/icon-2.png\",\"title\":\"Mi\\u1ec5n ph\\u00ed v\\u1eadn chuy\\u1ec3n\",\"subtitle\":\"D\\u1ecbch v\\u1ee5 tuy\\u1ec7t v\\u1eddi 24\\/7\"},\"3\":{\"icon\":\"general\\/icon-3.png\",\"title\":\"\\u01afu \\u0111\\u00e3i h\\u00e0ng ng\\u00e0y\",\"subtitle\":\"Khi b\\u1ea1n \\u0111\\u0103ng k\\u00fd\"},\"4\":{\"icon\":\"general\\/icon-4.png\",\"title\":\"Nhi\\u1ec1u m\\u1eb7t h\\u00e0ng\",\"subtitle\":\"Gi\\u1ea3m gi\\u00e1 c\\u1ef1c l\\u1edbn\"},\"5\":{\"icon\":\"general\\/icon-5.png\",\"title\":\"D\\u1ec5 d\\u00e0ng ho\\u00e0n tr\\u1ea3\",\"subtitle\":\"Trong v\\u00f2ng 30 ng\\u00e0y\"}}}','2022-09-22 01:27:10','2022-09-22 01:27:10');
/*!40000 ALTER TABLE `widgets` ENABLE KEYS */;
UNLOCK TABLES;
/*!40103 SET TIME_ZONE=@OLD_TIME_ZONE */;

/*!40101 SET SQL_MODE=@OLD_SQL_MODE */;
/*!40014 SET FOREIGN_KEY_CHECKS=@OLD_FOREIGN_KEY_CHECKS */;
/*!40014 SET UNIQUE_CHECKS=@OLD_UNIQUE_CHECKS */;
/*!40101 SET CHARACTER_SET_CLIENT=@OLD_CHARACTER_SET_CLIENT */;
/*!40101 SET CHARACTER_SET_RESULTS=@OLD_CHARACTER_SET_RESULTS */;
/*!40101 SET COLLATION_CONNECTION=@OLD_COLLATION_CONNECTION */;
/*!40111 SET SQL_NOTES=@OLD_SQL_NOTES */;

-- Dump completed on 2022-09-22 15:29:39
